event_id,true_x_cm,true_z_cm,pred_x_cm,pred_z_cm,err_x_cm,err_z_cm,err_r_cm,nearest_position_id,nearest_base_position_id,nearest_base_event_id,nearest_virtual_quadrant,nearest_distance,k,metric,normalization,weighting
0,3.64236,4.64872,3.579797352398279,5.256731622631452,-0.06256264760172092,0.6080116226314525,0.6112219058000694,5554.0,5554,5554,Q++,0.03567353555187742,8,euclidean,l1,inverse2
100,20.7646,-38.7809,20.355889880205808,-43.34405794513612,-0.40871011979419336,-4.563157945136119,4.581424930551746,370.0,370,370,Q++,0.0253318335180295,8,euclidean,l1,inverse2
101,27.8519,16.4293,26.785275656922906,17.2192136392198,-1.0666243430770947,0.7899136392197974,1.3272720319023181,6776.0,6776,6776,Q++,0.034157262682003926,8,euclidean,l1,inverse2
102,39.0754,10.1049,38.40943291440782,10.351915541400885,-0.6659670855921789,0.24701554140088433,0.7103019335365155,5988.0,5988,5988,Q++,0.028490390643567152,8,euclidean,l1,inverse2
103,-27.6438,39.7604,-27.901674444718587,39.93712126118024,-0.25787444471858834,0.17672126118024067,0.3126173913781111,8922.0,8922,8922,Q++,0.028752367010862,8,euclidean,l1,inverse2
104,0.971598,-36.3202,-0.18006171135227217,-36.38712346460644,-1.1516597113522722,-0.06692346460643961,1.1536025489166224,1249.0,1249,1249,Q++,0.03708825168334093,8,euclidean,l1,inverse2
105,42.7482,-42.9161,42.22491655901453,-42.23034628486099,-0.5232834409854661,0.6857537151390076,0.862602873538305,692.0,692,692,Q++,0.014092636091136557,8,euclidean,l1,inverse2
106,-7.47544,6.79031,-6.982757852324306,7.074272316781955,0.4926821476756942,0.28396231678195516,0.5686565712189652,5743.0,5743,5743,Q++,0.035289312959592395,8,euclidean,l1,inverse2
107,48.5856,-8.59198,46.00388290180958,-9.38180612171364,-2.581717098190417,-0.7898261217136398,2.6998311942841826,4199.0,4199,4199,Q++,0.028317206847718823,8,euclidean,l1,inverse2
108,-11.9111,-28.6792,-10.904015465177876,-29.310351304729622,1.0070845348221233,-0.6311513047296202,1.188516398599445,2040.0,2040,2040,Q++,0.026628104330883983,8,euclidean,l1,inverse2
109,43.8558,40.9258,46.361326294514086,40.34327195980713,2.505526294514084,-0.5825280401928694,2.572353189224299,9097.0,9097,9097,Q++,0.016744539629390785,8,euclidean,l1,inverse2
10,-28.121,16.2754,-27.799331131294736,16.04021180310319,0.3216688687052631,-0.2351881968968108,0.398477538957589,6622.0,6622,6622,Q++,0.024361820721575903,8,euclidean,l1,inverse2
110,32.2356,33.5847,32.6226740620362,34.24317674758541,0.38707406203619854,0.6584767475854107,0.7638180127568763,8382.0,8382,8382,Q++,0.030464172761953796,8,euclidean,l1,inverse2
111,35.1591,33.3917,35.32802350417604,32.93642769940725,0.16892350417603552,-0.45527230059275325,0.48560067746053376,8385.0,8385,8385,Q++,0.02709501054820093,8,euclidean,l1,inverse2
112,-42.508,2.78908,-45.989023672912744,3.0946104973205406,-3.481023672912741,0.30553049732054083,3.4944062007974757,5303.0,5303,5303,Q++,0.02630679547161854,8,euclidean,l1,inverse2
113,-35.2977,15.2906,-35.37541524227075,14.61540381304172,-0.07771524227074877,-0.6751961869582797,0.6796539926787757,6414.0,6414,6414,Q++,0.0326182245135782,8,euclidean,l1,inverse2
114,32.5316,-11.4697,31.55147169729683,-10.899785991906018,-0.980128302703168,0.5699140080939813,1.1337784026790858,3880.0,3880,3880,Q++,0.032824514985520796,8,euclidean,l1,inverse2
115,12.3971,-5.05899,12.41819490183498,-4.417111453245229,0.02109490183497975,0.6418785467547705,0.6422250880084361,4662.0,4662,4662,Q++,0.03175029498106391,8,euclidean,l1,inverse2
116,-37.6042,-3.85217,-38.11121144159815,-3.6146631821993522,-0.5070114415981521,0.23750681780064786,0.5598839972826751,4711.0,4711,4711,Q++,0.02923353205284444,8,euclidean,l1,inverse2
117,-35.4448,42.6896,-36.41052606223218,43.304674400508354,-0.9657260622321786,0.6150744005083553,1.1449643424295721,9012.0,9012,9012,Q++,0.026105321012292994,8,euclidean,l1,inverse2
118,-36.0175,-44.8745,-35.56402473957001,-45.672181136348094,0.45347526042998965,-0.7976811363480962,0.9175701646782316,114.0,114,114,Q++,0.024515384203141533,8,euclidean,l1,inverse2
119,-29.7207,-28.6176,-28.598384267337988,-29.035380446974663,1.1223157326620132,-0.417780446974664,1.19755296569923,2021.0,2021,2021,Q++,0.028785897880127115,8,euclidean,l1,inverse2
11,5.36304,-12.9002,4.836619284248155,-12.45862144453235,-0.5264207157518452,0.44157855546765035,0.6871028966767508,3655.0,3655,3655,Q++,0.035544299725363944,8,euclidean,l1,inverse2
120,-24.6654,-27.568,-24.912660450392263,-27.400975898809875,-0.24726045039226108,0.16702410119012612,0.29838696470615683,2225.0,2225,2225,Q++,0.02433697673344073,8,euclidean,l1,inverse2
121,37.7618,-47.2472,37.41423190653558,-46.26820112234699,-0.3475680934644174,0.9789988776530123,1.0388659114824914,986.0,986,986,Q++,0.020125595376911963,8,euclidean,l1,inverse2
122,7.85325,31.0431,8.644528349392177,30.77396170510951,0.7912783493921767,-0.2691382948904888,0.8357971332765908,8259.0,8259,8259,Q++,0.04213288293157805,8,euclidean,l1,inverse2
123,-14.0203,-14.6353,-13.874094565541567,-14.211030698780313,0.14620543445843381,0.4242693012196881,0.44875435265033564,3535.0,3535,3535,Q++,0.04036568486189931,8,euclidean,l1,inverse2
124,29.1918,-12.9702,28.93030293944772,-12.918579072603796,-0.26149706055227995,0.05162092739620405,0.266543491428185,3778.0,3778,3778,Q++,0.03742221877819704,8,euclidean,l1,inverse2
125,40.4938,10.6746,44.102744614689946,9.659783884649752,3.608944614689946,-1.0148161153502482,3.7489109058330703,5999.0,5999,5999,Q++,0.03041635299396469,8,euclidean,l1,inverse2
126,-11.2366,-5.00904,-10.643004648558462,-4.946611255576855,0.5935953514415377,0.062428744423145055,0.5968691559992467,4439.0,4439,4439,Q++,0.036946176133629306,8,euclidean,l1,inverse2
127,44.3565,15.0989,44.57135363484473,15.059934619745055,0.21485363484473652,-0.038965380254945,0.2183583872087533,6594.0,6594,6594,Q++,0.080112701988831,8,euclidean,l1,inverse2
128,46.7578,-32.1492,46.591290976702815,-33.195837527757305,-0.16650902329718775,-1.046637527757305,1.0597996835955872,1699.0,1699,1699,Q++,0.031704781412285214,8,euclidean,l1,inverse2
129,-10.6757,-33.382,-11.587126283958119,-33.71727296335627,-0.911426283958118,-0.33527296335627454,0.9711363606864907,1639.0,1639,1639,Q++,0.03076369428947934,8,euclidean,l1,inverse2
12,-39.6934,-19.21,-41.16424731664769,-19.783045649992836,-1.470847316647692,-0.5730456499928351,1.578535126585857,3010.0,3010,3010,Q++,0.018921532790161413,8,euclidean,l1,inverse2
130,22.9311,-6.75042,22.138842437965113,-5.3386495517130665,-0.7922575620348873,1.4117704482869335,1.618878575822706,4472.0,4472,4472,Q++,0.030412538831887874,8,euclidean,l1,inverse2
131,10.6811,8.86421,11.317544047544255,10.10244022448476,0.6364440475442539,1.2382302244847594,1.3922194922073494,5961.0,5961,5961,Q++,0.0365129888488279,8,euclidean,l1,inverse2
132,-14.9292,22.1067,-15.683832270457405,22.561185802976695,-0.7546322704574049,0.45448580297669494,0.8809240652423278,7235.0,7235,7235,Q++,0.03232688609829468,8,euclidean,l1,inverse2
133,21.7467,-29.8767,21.402099510201555,-29.828352929917777,-0.34460048979844515,0.04834707008222239,0.347975482979568,1970.0,1970,1970,Q++,0.03750612177480159,8,euclidean,l1,inverse2
134,-23.9439,47.3243,-24.010258892954578,46.33004558671607,-0.06635889295457886,-0.994254413283933,0.996466427436838,9625.0,9625,9625,Q++,0.02396599846823252,8,euclidean,l1,inverse2
135,6.17772,-42.1484,5.667251201757054,-42.282018920088746,-0.5104687982429459,-0.1336189200887432,0.5276669496806479,555.0,555,555,Q++,0.0194854209857154,8,euclidean,l1,inverse2
136,30.9868,48.4956,30.50772701788851,46.71636205127042,-0.4790729821114894,-1.7792379487295804,1.8426064692138255,9880.0,9880,9880,Q++,0.024649602340735474,8,euclidean,l1,inverse2
137,-44.9751,-8.2596,-46.20007045852333,-7.678641214563066,-1.2249704585233303,0.5809587854369349,1.3557528294756447,4105.0,4105,4105,Q++,0.024164985907119726,8,euclidean,l1,inverse2
138,4.06011,20.2717,2.0645395157520787,19.48622284437574,-1.9955704842479212,-0.7854771556242603,2.1445922501979395,6951.0,6951,6951,Q++,0.05124822057033418,8,euclidean,l1,inverse2
139,-8.29161,6.49889,-8.486260197161878,6.288979724428358,-0.19465019716187726,-0.20991027557164266,0.2862708910205867,5541.0,5541,5541,Q++,0.04049943451501565,8,euclidean,l1,inverse2
13,26.3396,5.9672,26.670257940527495,5.275867163828667,0.33065794052749453,-0.6913328361713331,0.7663391964414866,5576.0,5576,5576,Q++,0.040296385555830636,8,euclidean,l1,inverse2
140,-38.8485,-26.2925,-39.3549778058066,-25.98992155716961,-0.5064778058065968,0.3025784428303915,0.5899775265553167,2310.0,2310,2310,Q++,0.027123235144563818,8,euclidean,l1,inverse2
141,3.01519,-47.2286,2.656921850087508,-47.08632184639095,-0.358268149912492,0.14227815360904827,0.3854855901796068,253.0,253,253,Q++,0.021562911091776625,8,euclidean,l1,inverse2
142,-8.39752,-27.5492,-7.394813423271873,-27.481558722506545,1.0027065767281274,0.06764127749345406,1.004985483196044,2240.0,2240,2240,Q++,0.0348201154248137,8,euclidean,l1,inverse2
143,16.9492,-22.4229,17.334596741831504,-22.912418773021983,0.38539674183150296,-0.48951877302198454,0.6230242994902264,2567.0,2567,2567,Q++,0.0318488725631405,8,euclidean,l1,inverse2
144,-38.0426,3.44905,-38.71864544430936,3.507873793577877,-0.6760454443093593,0.05882379357787704,0.6785997947703283,5311.0,5311,5311,Q++,0.024250507883622915,8,euclidean,l1,inverse2
145,-22.7081,32.1587,-21.837155998182915,31.084643412803715,0.8709440018170866,-1.0740565871962886,1.3828018682374204,8028.0,8028,8028,Q++,0.03127263501969493,8,euclidean,l1,inverse2
146,-28.8826,10.3774,-28.651319380606566,10.924600414344331,0.23128061939343425,0.5472004143443314,0.5940698766690823,6021.0,6021,6021,Q++,0.028582395048048166,8,euclidean,l1,inverse2
147,-29.6813,0.410492,-28.421629056499462,1.550269779628322,1.259670943500538,1.139777779628322,1.6987831741673223,5122.0,5122,5122,Q++,0.03612711113362562,8,euclidean,l1,inverse2
148,14.7458,27.0646,14.953565614480565,27.53369664328056,0.20776561448056619,0.46909664328056166,0.5130479619856001,7664.0,7664,7664,Q++,0.026639198641167438,8,euclidean,l1,inverse2
149,-16.9487,20.7732,-16.66156135411928,20.760371358518547,0.28713864588072013,-0.012828641481451797,0.28742507893444724,7032.0,7032,7032,Q++,0.038915049829958144,8,euclidean,l1,inverse2
14,42.9038,-44.7582,41.035425434755744,-42.562962919042995,-1.8683745652442525,2.195237080957007,2.882687870314837,1090.0,1090,1090,Q++,0.016928386815715027,8,euclidean,l1,inverse2
150,-48.1216,-38.6271,-47.25020940450952,-40.18555014297062,0.8713905954904817,-1.5584501429706208,1.7855218895422158,1101.0,1101,1101,Q++,0.017005557624908442,8,euclidean,l1,inverse2
151,-13.5031,20.836,-12.863341853734358,20.885847314422264,0.6397581462656419,0.049847314422265754,0.6416971563505347,6938.0,6938,6938,Q++,0.04272486367135413,8,euclidean,l1,inverse2
152,-39.7053,-15.9014,-42.17932729535412,-16.115523465023962,-2.4740272953541194,-0.2141234650239614,2.483276045153073,3311.0,3311,3311,Q++,0.027845434675093303,8,euclidean,l1,inverse2
153,6.40486,0.007604,6.173845976756064,0.09690139254434585,-0.2310140232439366,0.08929739254434585,0.24767216890593313,5056.0,5056,5056,Q++,0.03273672604123627,8,euclidean,l1,inverse2
154,38.251,-14.5818,37.62980676569764,-14.344923225769348,-0.6211932343023605,0.23687677423065168,0.6648245185858795,3588.0,3588,3588,Q++,0.03384623148591971,8,euclidean,l1,inverse2
155,0.350999,-20.3031,0.2532248589747022,-21.81571642605218,-0.0977741410252978,-1.5126164260521797,1.5157731476101903,2950.0,2950,2950,Q++,0.04092207724704607,8,euclidean,l1,inverse2
156,-12.3815,49.9543,-12.257940398388659,46.91766816132964,0.12355960161134227,-3.036631838670367,3.039144599846629,9437.0,9437,9437,Q++,0.0301831477888287,8,euclidean,l1,inverse2
157,47.4105,12.2634,46.32052601193237,12.951555702433227,-1.0899739880676265,0.6881557024332263,1.289031250767573,6194.0,6194,6194,Q++,0.01962229246611313,8,euclidean,l1,inverse2
158,16.7157,-49.713,16.245527247484546,-47.299809887794545,-0.47017275251545243,2.4131901122054558,2.4585664389749846,165.0,165,165,Q++,0.02852114192827925,8,euclidean,l1,inverse2
159,38.0993,36.1862,39.23561885542187,35.978802799324114,1.1363188554218695,-0.20739720067588507,1.1550905332637182,8589.0,8589,8589,Q++,0.024867240990623533,8,euclidean,l1,inverse2
15,18.2847,12.5461,18.87410981655089,13.61127118486569,0.5894098165508908,1.0651711848656902,1.2173715886756735,6268.0,6268,6268,Q++,0.034912445228287126,8,euclidean,l1,inverse2
160,-23.6617,40.3231,-23.553142106121737,40.312140387057845,0.1085578938782632,-0.010959612942151864,0.10910971285420028,9125.0,9125,9125,Q++,0.02471459286342857,8,euclidean,l1,inverse2
161,-19.3439,34.3242,-20.00925886514474,34.79413109622717,-0.6653588651447393,0.469931096227171,0.8145782065756277,8431.0,8431,8431,Q++,0.03467504345967285,8,euclidean,l1,inverse2
162,26.0812,-37.0667,24.287343283600475,-35.76360460087485,-1.7938567163995245,1.303095399125148,2.2172008339780165,1375.0,1375,1375,Q++,0.023562926132877964,8,euclidean,l1,inverse2
163,-1.45521,9.85929,-0.0011001134891394579,9.06981604151031,1.4541098865108604,-0.7894739584896904,1.6546010676842948,5750.0,5750,5750,Q++,0.031666556803688226,8,euclidean,l1,inverse2
164,-6.06883,-25.4385,-7.0767315080634505,-25.527284848314306,-1.0079015080634504,-0.08878484831430455,1.0118044273706117,2342.0,2342,2342,Q++,0.02388378256984573,8,euclidean,l1,inverse2
165,-18.0837,-11.9341,-17.496689982097887,-12.131215795490744,0.5870100179021129,-0.19711579549074365,0.6192216064943048,3732.0,3732,3732,Q++,0.029900719930547635,8,euclidean,l1,inverse2
166,31.8581,-23.3275,29.872816438637333,-23.635922082558817,-1.9852835613626674,-0.30842208255881687,2.0090980563493543,2579.0,2579,2579,Q++,0.016155177456000487,8,euclidean,l1,inverse2
167,14.5483,12.9129,14.908918767995756,13.260325925254692,0.36061876799575643,0.34742592525469185,0.5007501067097798,6364.0,6364,6364,Q++,0.03224291813590174,8,euclidean,l1,inverse2
168,-33.3027,-31.6408,-33.28175157105111,-32.36219583791598,0.020948428948891262,-0.7213958379159848,0.721699931853906,1716.0,1716,1716,Q++,0.02918111665269604,8,euclidean,l1,inverse2
169,-26.4532,30.2956,-25.359401844213124,28.7301877153402,1.0937981557868746,-1.5654122846598,1.9096884632228845,8024.0,8024,8024,Q++,0.02932218431196624,8,euclidean,l1,inverse2
16,45.2549,-16.2721,46.08410916823451,-15.82974081519121,0.8292091682345131,0.44235918480878844,0.9398241819983506,3495.0,3495,3495,Q++,0.016396239763381497,8,euclidean,l1,inverse2
170,23.6512,-15.573,24.108426125368577,-15.587172386393377,0.4572261253685781,-0.014172386393376257,0.45744571946368223,3575.0,3575,3575,Q++,0.033377371266835626,8,euclidean,l1,inverse2
171,-8.80869,43.9,-8.84110478451386,46.7683370784495,-0.032414784513859374,2.8683370784494997,2.8685202306874693,9841.0,9841,9841,Q++,0.02778888562098128,8,euclidean,l1,inverse2
172,32.7154,1.44273,32.264998524528615,0.9735558584553252,-0.45040147547138787,-0.46917414154467485,0.6503736343064545,5181.0,5181,5181,Q++,0.027463659285404066,8,euclidean,l1,inverse2
173,-49.9548,26.8789,-48.221733316722066,25.89832511007398,1.733066683277933,-0.9805748899260216,1.9912426380131087,7501.0,7501,7501,Q++,0.020650408616441195,8,euclidean,l1,inverse2
174,-5.50267,-2.34416,-4.134256685150106,-3.131102690958444,1.368413314849894,-0.786942690958444,1.5785543383461313,4745.0,4745,4745,Q++,0.025096924124910724,8,euclidean,l1,inverse2
175,19.6306,-7.40418,18.76816442759847,-5.746202352469898,-0.8624355724015302,1.6579776475301022,1.8688726538351956,4370.0,4370,4370,Q++,0.03066036587133225,8,euclidean,l1,inverse2
176,-40.7175,-14.8957,-42.01876949935653,-14.606848391261869,-1.301269499356529,0.2888516087381312,1.3329431952736013,3509.0,3509,3509,Q++,0.028637441557293333,8,euclidean,l1,inverse2
177,14.9915,-14.8158,15.989819624542083,-14.382953824652844,0.9983196245420825,0.4328461753471551,1.0881166684958488,3466.0,3466,3466,Q++,0.04217518758486475,8,euclidean,l1,inverse2
178,47.6794,20.3459,44.945283763355256,19.95061064358415,-2.734116236644745,-0.3952893564158515,2.7625432613409115,6993.0,6993,6993,Q++,0.01990010043153263,8,euclidean,l1,inverse2
179,24.1573,14.3069,23.912216158459817,12.363988259645007,-0.2450838415401826,-1.9429117403549938,1.9583084844307252,6372.0,6372,6372,Q++,0.02426078375606137,8,euclidean,l1,inverse2
17,-32.2345,21.0958,-32.3147805224023,20.599434737929812,-0.08028052240230465,-0.4963652620701886,0.5028155085786375,6917.0,6917,6917,Q++,0.03343800678958839,8,euclidean,l1,inverse2
180,-45.7336,43.3872,-46.61942497415735,46.045256816846354,-0.8858249741573445,2.6580568168463543,2.8017765661137637,9504.0,9504,9504,Q++,0.0195710306209051,8,euclidean,l1,inverse2
181,-25.9349,-11.8359,-26.74076274311542,-11.799150969762515,-0.8058627431154193,0.03674903023748577,0.8067002243491097,3723.0,3723,3723,Q++,0.02634227633985463,8,euclidean,l1,inverse2
182,-41.4202,-41.5124,-45.99413882941921,-43.76153356512224,-4.573938829419205,-2.249133565122243,5.09701071305802,401.0,401,401,Q++,0.02180078603910772,8,euclidean,l1,inverse2
183,-42.3929,-44.602,-42.843483950119555,-45.32176370797677,-0.4505839501195581,-0.7197637079767745,0.8491676462429665,909.0,909,909,Q++,0.020121885919157898,8,euclidean,l1,inverse2
184,-2.30855,4.60031,-2.7994294597922975,4.558045750604312,-0.49087945979229763,-0.0422642493956884,0.4926955559196357,5446.0,5446,5446,Q++,0.03798077114332107,8,euclidean,l1,inverse2
185,21.6119,-16.1371,21.162512353262397,-17.168400287816763,-0.4493876467376019,-1.0313002878167623,1.1249575728405479,3371.0,3371,3371,Q++,0.03513213823156885,8,euclidean,l1,inverse2
186,-18.3458,-43.3571,-17.792387345136603,-44.22945288382445,0.5534126548633971,-0.8723528838244476,1.0330852435688855,831.0,831,831,Q++,0.023781564387263754,8,euclidean,l1,inverse2
187,42.1969,-47.6251,43.043432011037446,-47.05073163454005,0.8465320110374464,0.5743683654599536,1.0229933846082495,795.0,795,795,Q++,0.01824443597385597,8,euclidean,l1,inverse2
188,-14.0178,22.9822,-14.108614783369847,23.315876776755317,-0.09081478336984716,0.33367677675531837,0.34581427996011216,7336.0,7336,7336,Q++,0.03769210769839763,8,euclidean,l1,inverse2
189,16.663,42.0235,16.30230886852345,41.54851767638652,-0.36069113147654974,-0.4749823236134816,0.5964111837240276,9266.0,9266,9266,Q++,0.032566805854662234,8,euclidean,l1,inverse2
18,-1.00135,8.67764,-1.3417978462467588,8.266621064566479,-0.34044784624675883,-0.4110189354335212,0.5337052569527134,5947.0,5947,5947,Q++,0.03198732277599749,8,euclidean,l1,inverse2
190,-44.3009,1.86012,-45.53784285088249,1.854225073345007,-1.2369428508824925,-0.005894926654993027,1.2369568975956986,5205.0,5205,5205,Q++,0.024258653374982096,8,euclidean,l1,inverse2
191,5.74803,-32.9029,5.552818679063735,-32.23529452137862,-0.1952113209362647,0.6676054786213825,0.6955605903923587,1756.0,1756,1756,Q++,0.020743483705066942,8,euclidean,l1,inverse2
192,29.8503,-28.8666,29.540826903747778,-28.506861440859147,-0.30947309625222275,0.35973855914085107,0.4745370672947195,2180.0,2180,2180,Q++,0.029334261428776202,8,euclidean,l1,inverse2
193,-17.6765,38.7717,-16.372178498751566,38.40500500183996,1.3043215012484346,-0.3666949981600425,1.3548873755019506,8833.0,8833,8833,Q++,0.025892038579402605,8,euclidean,l1,inverse2
194,-5.88378,15.3799,-6.155551206474111,14.535126127881101,-0.2717712064741109,-0.844773872118898,0.8874133668607601,6544.0,6544,6544,Q++,0.03948132864826181,8,euclidean,l1,inverse2
195,26.2329,24.3217,25.280146949637707,24.992526223776867,-0.9527530503622934,0.6708262237768672,1.1652236684351147,7575.0,7575,7575,Q++,0.033227992015739984,8,euclidean,l1,inverse2
196,10.5324,29.2024,10.806217873956017,28.537111764961544,0.2738178739560162,-0.6652882350384566,0.7194335714841068,7662.0,7662,7662,Q++,0.036812407283173344,8,euclidean,l1,inverse2
197,-40.5971,42.7875,-40.59655116522216,44.64912689922648,0.0005488347778381808,1.8616268992264793,1.8616269801287286,9308.0,9308,9308,Q++,0.013225720157552119,8,euclidean,l1,inverse2
198,23.0666,-35.4105,23.4982624294147,-35.10081211886069,0.43166242941470045,0.3096878811393111,0.5312617402869864,1472.0,1472,1472,Q++,0.03450237345171499,8,euclidean,l1,inverse2
199,-29.1131,23.5195,-29.60905763641011,24.093372717602232,-0.49595763641011104,0.5738727176022316,0.7584878859426,7320.0,7320,7320,Q++,0.025881809400207637,8,euclidean,l1,inverse2
19,23.6359,-41.1354,22.290092375413096,-42.04636504118481,-1.3458076245869037,-0.9109650411848165,1.6251324464969306,873.0,873,873,Q++,0.01778611722514178,8,euclidean,l1,inverse2
1,-16.0586,31.9507,-16.42859252179774,32.41253562172069,-0.3699925217977409,0.4618356217206916,0.5917656695655718,8233.0,8233,8233,Q++,0.026005132715223273,8,euclidean,l1,inverse2
200,36.9096,-37.8356,37.48917344254317,-38.423749471305506,0.5795734425431718,-0.5881494713055062,0.8257270589597326,1287.0,1287,1287,Q++,0.020450991794804897,8,euclidean,l1,inverse2
201,29.4339,-37.9967,29.393619947605345,-40.717516912946664,-0.04028005239465671,-2.720816912946667,2.721115057544893,179.0,179,179,Q++,0.03937169551707532,8,euclidean,l1,inverse2
202,-46.1588,0.776862,-45.20036918588278,0.7134653733670651,0.9584308141172215,-0.063396626632935,0.9605252509527461,5006.0,5006,5006,Q++,0.02366627600644586,8,euclidean,l1,inverse2
203,-0.668046,4.00159,-1.9708931312384512,5.081739865912006,-1.302847131238451,1.0801498659120057,1.6923753662252312,5547.0,5547,5547,Q++,0.03633898686623538,8,euclidean,l1,inverse2
204,-42.1337,49.7181,-41.538716266438556,47.968711590906224,0.5949837335614419,-1.7493884090937755,1.8478001648106765,9907.0,9907,9907,Q++,0.01641304677118635,8,euclidean,l1,inverse2
205,1.39041,-24.7191,1.6372891339605118,-24.141723931544163,0.24687913396051187,0.5773760684558376,0.6279430158944459,2452.0,2452,2452,Q++,0.04368379517371576,8,euclidean,l1,inverse2
206,15.0698,46.1185,14.451778648390036,46.1446275961393,-0.6180213516099649,0.026127596139303932,0.6185733928369587,9564.0,9564,9564,Q++,0.031500562389622414,8,euclidean,l1,inverse2
207,11.1983,13.5441,10.966060987551302,13.915877875024734,-0.23223901244869793,0.37177787502473336,0.4383534501530161,6460.0,6460,6460,Q++,0.03602886270083321,8,euclidean,l1,inverse2
208,35.3344,-10.7622,35.35201514401303,-10.411690463559301,0.017615144013028328,0.3505095364406987,0.3509518890595593,3985.0,3985,3985,Q++,0.032081754494069796,8,euclidean,l1,inverse2
209,30.3793,37.024,30.491441042714282,36.44405570041977,0.11214104271428127,-0.5799442995802337,0.5906868917427017,8780.0,8780,8780,Q++,0.03295472422145911,8,euclidean,l1,inverse2
20,-33.9676,47.5367,-34.011753736833924,46.180902837998815,-0.04415373683392687,-1.3557971620011884,1.3565159405502305,9315.0,9315,9315,Q++,0.029912970956726567,8,euclidean,l1,inverse2
210,11.794,-45.3009,11.79054653058561,-45.37987045820953,-0.0034534694143903977,-0.07897045820953252,0.07904593424597911,561.0,561,561,Q++,0.02888785657750746,8,euclidean,l1,inverse2
211,-13.9078,-33.3321,-13.090785545165641,-33.66857549971429,0.817014454834359,-0.3364754997142896,0.8835883551271292,1636.0,1636,1636,Q++,0.029231718597047013,8,euclidean,l1,inverse2
212,-17.0869,24.034,-17.00822475186144,23.37782600959301,0.07867524813855908,-0.6561739904069874,0.6608737401019147,7333.0,7333,7333,Q++,0.036881789209505814,8,euclidean,l1,inverse2
213,-48.2167,-46.2197,-47.900900599810505,-45.28352220788745,0.3157994001894977,0.9361777921125523,0.9880071455231382,400.0,400,400,Q++,0.018816588249506664,8,euclidean,l1,inverse2
214,24.8633,-44.0359,23.84087542138492,-43.6331517444808,-1.0224245786150803,0.40274825551919946,1.098889519596935,473.0,473,473,Q++,0.018418156426351077,8,euclidean,l1,inverse2
215,23.1364,-24.3915,23.350481583177494,-24.314483994655763,0.21408158317749582,0.07701600534423747,0.22751349264376974,2573.0,2573,2573,Q++,0.029281606000842984,8,euclidean,l1,inverse2
216,27.5702,9.33871,26.780499575094744,10.037785973201347,-0.7897004249052557,0.6990759732013458,1.054672450291061,6077.0,6077,6077,Q++,0.029137014037659458,8,euclidean,l1,inverse2
217,-42.857,28.9609,-44.58677618409094,28.54020213094203,-1.7297761840909374,-0.42069786905796747,1.780200085405604,7707.0,7707,7707,Q++,0.016557252386959175,8,euclidean,l1,inverse2
218,46.856,-29.6611,47.34198667377001,-29.883565001999553,0.48598667377000737,-0.22246500199955221,0.5344845406526706,2097.0,2097,2097,Q++,0.03824558700425306,8,euclidean,l1,inverse2
219,15.9288,35.543,16.58076488749791,35.62708537001491,0.6519648874979094,0.08408537001491112,0.6573648636645453,8566.0,8566,8566,Q++,0.02698467356416811,8,euclidean,l1,inverse2
21,26.2708,-15.0363,25.64650087510614,-15.374018069357914,-0.624299124893863,-0.3377180693579138,0.7097907379742848,3475.0,3475,3475,Q++,0.025897869710437855,8,euclidean,l1,inverse2
220,-23.6539,26.8985,-25.25522103480823,26.905368553707536,-1.6013210348082296,0.0068685537075374725,1.6013357654000402,7524.0,7524,7524,Q++,0.02075471684128057,8,euclidean,l1,inverse2
221,40.5233,23.6999,40.38666794281688,23.326635408827997,-0.136632057183121,-0.3732645911720027,0.3974855646094509,7390.0,7390,7390,Q++,0.028869482019310774,8,euclidean,l1,inverse2
222,-39.7948,16.2483,-41.42379335058888,16.09635572256764,-1.6289933505888783,-0.15194427743236005,1.6360643018253354,6607.0,6607,6607,Q++,0.029644706616550266,8,euclidean,l1,inverse2
223,6.26051,-7.25629,6.746721105685299,-6.463267987113681,0.4862111056852987,0.7930220128863192,0.9302070480350008,4356.0,4356,4356,Q++,0.04453723064530663,8,euclidean,l1,inverse2
224,32.6715,-44.6307,32.36655881443273,-44.596172898271384,-0.304941185567273,0.03452710172861373,0.3068896339222817,982.0,982,982,Q++,0.021165985044641216,8,euclidean,l1,inverse2
225,-30.9171,-46.3437,-30.383224903482365,-43.91465698546016,0.5338750965176366,2.429043014539836,2.4870208252377966,319.0,319,319,Q++,0.019969239097686952,8,euclidean,l1,inverse2
226,-33.1778,25.2064,-32.38899319251942,26.049361465838565,0.7888068074805759,0.8429614658385667,1.1544696671703434,7617.0,7617,7617,Q++,0.03521372615570554,8,euclidean,l1,inverse2
227,-32.4002,18.2053,-32.30204817754429,18.538674498345443,0.09815182245570497,0.3333744983454423,0.3475231451262657,6817.0,6817,6817,Q++,0.024013743994529095,8,euclidean,l1,inverse2
228,-9.76142,-29.9085,-10.351273019506497,-29.900563725841117,-0.5898530195064975,0.007936274158883094,0.5899064070413691,1939.0,1939,1939,Q++,0.026258777088796155,8,euclidean,l1,inverse2
229,14.7483,-19.6072,14.744912334914192,-20.709775772868486,-0.0033876650858086776,-1.1025757728684873,1.1025809771582655,2865.0,2865,2865,Q++,0.0273606350183615,8,euclidean,l1,inverse2
22,-3.66962,-0.370421,-3.1135993895017897,-0.36617146260520633,0.5560206104982104,0.004249537394793668,0.5560368493785932,4947.0,4947,4947,Q++,0.034792896526387534,8,euclidean,l1,inverse2
230,13.1436,-33.321,13.567801108376578,-33.29320708980044,0.4242011083765789,0.027792910199558207,0.425110604672806,1663.0,1663,1663,Q++,0.02239509907069325,8,euclidean,l1,inverse2
231,24.0383,-34.1239,24.766797637278934,-33.69118861175465,0.7284976372789345,0.4327113882453517,0.8473180943649259,1675.0,1675,1675,Q++,0.02058870498125786,8,euclidean,l1,inverse2
232,-41.6179,-31.8367,-44.352896307724514,-31.676842061001928,-2.734996307724515,0.15985793899807277,2.7396640969154307,1707.0,1707,1707,Q++,0.020929308664875464,8,euclidean,l1,inverse2
233,19.4837,46.4603,19.30956236095037,47.486430819980605,-0.1741376390496292,1.026130819980608,1.0408017952750919,9869.0,9869,9869,Q++,0.028064852784913503,8,euclidean,l1,inverse2
234,-48.1897,-34.646,-46.32652599877169,-34.753200902186165,1.863174001228309,-0.10720090218616463,1.866255446685323,1503.0,1503,1503,Q++,0.021546384736577225,8,euclidean,l1,inverse2
235,35.6921,25.3665,35.93712121542179,25.980070775447718,0.24502121542178656,0.6135707754477195,0.6606848662488686,7585.0,7585,7585,Q++,0.022140916037474718,8,euclidean,l1,inverse2
236,-29.3784,-13.413,-29.922232923884224,-13.020641748610652,-0.5438329238842243,0.3923582513893482,0.6705961873838618,3719.0,3719,3719,Q++,0.03178173708047158,8,euclidean,l1,inverse2
237,-39.1155,29.6069,-38.33901919642026,30.772390988716896,0.7764808035797373,1.165490988716897,1.4004612394165448,8011.0,8011,8011,Q++,0.028833528132279216,8,euclidean,l1,inverse2
238,-6.4066,-31.3732,-6.907458133311306,-31.072648295608055,-0.500858133311306,0.3005517043919461,0.5841148831497017,1843.0,1843,1843,Q++,0.02605850688556459,8,euclidean,l1,inverse2
239,35.466,20.27,35.62839704228431,19.98175691464235,0.1623970422843115,-0.2882430853576494,0.3308426749970288,7085.0,7085,7085,Q++,0.018313271002113374,8,euclidean,l1,inverse2
23,43.1041,24.9028,42.95177862878212,24.262783835907797,-0.15232137121788014,-0.6400161640922022,0.6578924611431506,7493.0,7493,7493,Q++,0.023449751520178627,8,euclidean,l1,inverse2
240,34.3083,1.42045,34.99439641480017,1.0148049379392223,0.6860964148001685,-0.40564506206077766,0.7970421612285871,5184.0,5184,5184,Q++,0.03130184333540554,8,euclidean,l1,inverse2
241,-20.5133,34.5999,-19.418912672418468,34.60129731116286,1.0943873275815328,0.0013973111628615698,1.0943882196229704,8430.0,8430,8430,Q++,0.03283449510917035,8,euclidean,l1,inverse2
242,-38.2047,17.7776,-41.112087329644844,17.04312929127665,-2.907387329644841,-0.7344707087233502,2.998724446585905,6710.0,6710,6710,Q++,0.035554800891669236,8,euclidean,l1,inverse2
243,11.3355,37.2519,10.787773217697229,36.49507490341751,-0.5477267823027709,-0.7568250965824888,0.9342316922845427,8660.0,8660,8660,Q++,0.028843433092774397,8,euclidean,l1,inverse2
244,31.5312,-37.0309,31.344769955712287,-37.55153033219376,-0.18643004428771093,-0.520630332193754,0.5530028066956771,1281.0,1281,1281,Q++,0.026232193219148124,8,euclidean,l1,inverse2
245,17.3096,-28.1999,17.064022926537895,-29.225658213778715,-0.24557707346210478,-1.0257582137787153,1.0547454726827286,2066.0,2066,2066,Q++,0.02956721693746014,8,euclidean,l1,inverse2
246,14.019,33.3742,14.202858952294363,32.20100319670286,0.18385895229436322,-1.1731968032971452,1.1875162540384117,8365.0,8365,8365,Q++,0.024720275088943606,8,euclidean,l1,inverse2
247,-48.5365,-29.1583,-46.244879612269685,-29.30246963137262,2.291620387730312,-0.14416963137261973,2.2961508844305816,2102.0,2102,2102,Q++,0.030683448815752995,8,euclidean,l1,inverse2
248,11.041,13.3825,11.017293715130473,14.453069254991776,-0.02370628486952775,1.070569254991776,1.0708316943740326,6461.0,6461,6461,Q++,0.04149891187024946,8,euclidean,l1,inverse2
249,9.09392,-19.3447,10.381368032337335,-19.926272034575902,1.287448032337334,-0.5815720345759026,1.4127096189132529,3059.0,3059,3059,Q++,0.03756950106249001,8,euclidean,l1,inverse2
24,-48.0636,28.4183,-45.84030451114785,28.18878532295344,2.223295488852152,-0.22951467704655926,2.235110694737537,7706.0,7706,7706,Q++,0.013080929641777483,8,euclidean,l1,inverse2
250,17.5807,29.8636,16.428586895776135,30.930944670132266,-1.152113104223865,1.0673446701322646,1.5705378854978644,8167.0,8167,8167,Q++,0.02444858530498931,8,euclidean,l1,inverse2
251,6.3076,-39.7747,6.008748953878302,-42.11610588588721,-0.29885104612169755,-2.3414058858872053,2.360401124858926,756.0,756,756,Q++,0.027235564943838726,8,euclidean,l1,inverse2
252,-46.1385,45.7227,-44.351787439131186,44.72697990058572,1.7867125608688141,-0.9957200994142852,2.04543401055717,9703.0,9703,9703,Q++,0.014204633068727412,8,euclidean,l1,inverse2
253,11.7579,47.1671,11.572905069802546,45.86365372002044,-0.18499493019745294,-1.3034462799795605,1.3165087652542673,9662.0,9662,9662,Q++,0.021202426970872344,8,euclidean,l1,inverse2
254,46.6579,8.60746,45.765632352902045,9.280162732390181,-0.8922676470979525,0.6727027323901815,1.1174392691430404,5994.0,5994,5994,Q++,0.028008581119966607,8,euclidean,l1,inverse2
255,-25.9019,41.7023,-25.974342138158473,41.683207672402006,-0.07244213815847189,-0.019092327597995506,0.07491582178739221,9224.0,9224,9224,Q++,0.025743681601281918,8,euclidean,l1,inverse2
256,36.0151,-1.83767,36.62301842484653,-2.57095792845381,0.607918424846531,-0.7332879284538103,0.9525103659719236,4786.0,4786,4786,Q++,0.022262230085920136,8,euclidean,l1,inverse2
257,-38.4193,-25.7481,-38.06369663147356,-25.055527668355687,0.35560336852643815,0.692572331644314,0.7785307895430927,2512.0,2512,2512,Q++,0.024704751871762,8,euclidean,l1,inverse2
258,-49.4159,23.3994,-47.207548902353125,23.31463320827685,2.208351097646876,-0.08476679172315116,2.2099773708020627,7305.0,7305,7305,Q++,0.016949027818483262,8,euclidean,l1,inverse2
259,-29.6787,5.34723,-29.511424798151378,4.9987434708854455,0.16727520184862144,-0.34848652911455424,0.386553817893196,5521.0,5521,5521,Q++,0.03783810722385564,8,euclidean,l1,inverse2
25,29.6922,15.6873,29.461302789772617,15.4234266871911,-0.23089721022738274,-0.2638733128089008,0.35063178250628135,6479.0,6479,6479,Q++,0.029265065714697187,8,euclidean,l1,inverse2
260,-24.0316,37.9756,-24.010877444817464,37.43872617597688,0.020722555182537405,-0.5368738240231181,0.5372736055442323,8825.0,8825,8825,Q++,0.035767370075525134,8,euclidean,l1,inverse2
261,-39.4046,-40.322,-40.998475808193106,-43.789044516724516,-1.5938758081931041,-3.4670445167245134,3.8158665821661972,709.0,709,709,Q++,0.023327544867495432,8,euclidean,l1,inverse2
262,-2.02781,-14.2729,-1.7772755731685197,-14.244703702642271,0.2505344268314804,0.028196297357728994,0.2521161046273401,3548.0,3548,3548,Q++,0.04496884638347321,8,euclidean,l1,inverse2
263,-33.8055,27.5369,-32.65851860613733,28.037381224434377,1.1469813938626743,0.5004812244343775,1.251418304915865,7917.0,7917,7917,Q++,0.023608664236617005,8,euclidean,l1,inverse2
264,34.808,45.0141,35.11172902430934,47.21423579083066,0.3037290243093409,2.2001357908306574,2.221001760085288,9784.0,9784,9784,Q++,0.027895108241430846,8,euclidean,l1,inverse2
265,4.44338,49.2796,2.7592638932390754,47.299990135870104,-1.684116106760925,-1.9796098641298983,2.5990579591867453,9651.0,9651,9651,Q++,0.01888309424277008,8,euclidean,l1,inverse2
266,-5.68847,41.4384,-6.169205469511712,42.9278175589601,-0.4807354695117123,1.489417558960099,1.5650786742478178,9243.0,9243,9243,Q++,0.035481429147500625,8,euclidean,l1,inverse2
267,49.3972,21.7442,45.6271192803303,21.64284741383585,-3.7700807196697,-0.10135258616415044,3.7714428246424956,7196.0,7196,7196,Q++,0.025264073014109607,8,euclidean,l1,inverse2
268,-25.303,-42.5605,-25.341261355825267,-46.67093413784049,-0.03826135582526646,-4.1104341378404925,4.110612209011463,224.0,224,224,Q++,0.029177092434405257,8,euclidean,l1,inverse2
269,-10.1175,-13.966,-8.600008797313821,-14.198192306866634,1.5174912026861787,-0.23219230686663472,1.5351523760193952,3542.0,3542,3542,Q++,0.03917237015387391,8,euclidean,l1,inverse2
26,-14.448,-49.3274,-14.49417840684752,-48.870504367509135,-0.04617840684752039,0.4568956324908626,0.4592233272038786,135.0,135,135,Q++,0.024248041913312573,8,euclidean,l1,inverse2
270,12.2069,24.4237,13.492746182605526,23.856211781586808,1.2858461826055265,-0.5674882184131924,1.4055046365483765,7363.0,7363,7363,Q++,0.03663023502920288,8,euclidean,l1,inverse2
271,-1.73266,41.7075,-1.6923190745389882,41.3362031828605,0.04034092546101187,-0.3712968171395019,0.3734818826730095,9148.0,9148,9148,Q++,0.03127190120153612,8,euclidean,l1,inverse2
272,-7.45555,-48.131,-7.3906362229917475,-46.244059542303376,0.06491377700825218,1.8869404576966247,1.8880566965368981,442.0,442,442,Q++,0.03416787171719937,8,euclidean,l1,inverse2
273,-14.3029,22.7178,-14.017364410840282,23.486810189271054,0.2855355891597178,0.7690101892710537,0.8203092367391025,7535.0,7535,7535,Q++,0.036879890612926736,8,euclidean,l1,inverse2
274,-44.2919,-29.6522,-45.61497789597748,-29.56151232292092,-1.3230778959774838,0.09068767707908165,1.3261822550457405,2006.0,2006,2006,Q++,0.024154522608230984,8,euclidean,l1,inverse2
275,22.0788,20.712,22.49187301517658,21.344340881821218,0.4130730151765789,0.632340881821218,0.7553041153664567,7273.0,7273,7273,Q++,0.03438207782967768,8,euclidean,l1,inverse2
276,43.2046,-10.9555,43.86944023542565,-10.677875129696059,0.6648402354256504,0.2776248703039421,0.7204776937921915,3890.0,3890,3890,Q++,0.03714852370006438,8,euclidean,l1,inverse2
277,-15.5357,30.4293,-15.153333362529967,29.98090273478563,0.3823666374700334,-0.4483972652143713,0.5892913989715676,7934.0,7934,7934,Q++,0.03137173746722179,8,euclidean,l1,inverse2
278,-25.714,32.8133,-25.4375702328352,32.1703536146768,0.2764297671647995,-0.6429463853231994,0.699852463434225,8223.0,8223,8223,Q++,0.0230509101213158,8,euclidean,l1,inverse2
279,-9.75138,40.2319,-8.855203446270941,41.36484925784277,0.8961765537290578,1.1329492578427676,1.4445436775328633,8940.0,8940,8940,Q++,0.036889801698428225,8,euclidean,l1,inverse2
27,-33.8224,5.04697,-32.33745848607889,4.544162669334505,1.4849415139211146,-0.5028073306654948,1.567758435326467,5517.0,5517,5517,Q++,0.02779985124244602,8,euclidean,l1,inverse2
280,-22.1759,-13.5074,-22.07044345194513,-14.022080408981207,0.10545654805486748,-0.5146804089812065,0.5253732072695662,3528.0,3528,3528,Q++,0.03421244509318252,8,euclidean,l1,inverse2
281,-4.46533,-30.8297,-5.18096685522555,-30.977851970763613,-0.7156368552255499,-0.14815197076361386,0.7308112718056949,1944.0,1944,1944,Q++,0.03000508675007063,8,euclidean,l1,inverse2
282,-22.6653,33.2309,-23.10707944107379,32.50158214064883,-0.4417794410737912,-0.7293178593511698,0.8526861172342634,8227.0,8227,8227,Q++,0.029429809120833143,8,euclidean,l1,inverse2
283,-42.5338,9.14771,-41.31315443649175,8.5777642400745,1.2206455635082492,-0.5699457599255009,1.3471502369704085,5709.0,5709,5709,Q++,0.029499987876564653,8,euclidean,l1,inverse2
284,46.1901,-13.2311,47.39719727430185,-13.569255556277657,1.2070972743018515,-0.33815555627765725,1.253568111379837,3697.0,3697,3697,Q++,0.03338106124679431,8,euclidean,l1,inverse2
285,36.7854,-48.1218,35.72474680428391,-44.47822195229117,-1.0606531957160925,3.6435780477088286,3.794818334430311,585.0,585,585,Q++,0.015532098088742377,8,euclidean,l1,inverse2
286,-7.59503,-12.3848,-7.940139561473953,-12.35141638579373,-0.34510956147395255,0.03338361420627045,0.3467204567345529,3744.0,3744,3744,Q++,0.03820810241607292,8,euclidean,l1,inverse2
287,37.4809,-11.8811,38.13480049930842,-12.162370382619255,0.6539004993084205,-0.28127038261925463,0.711827852176763,3887.0,3887,3887,Q++,0.03444486334514477,8,euclidean,l1,inverse2
288,-43.71,34.4611,-44.82214785317369,34.13221225997029,-1.1121478531736884,-0.3288877400297139,1.1597585924927207,8308.0,8308,8308,Q++,0.024987193723938934,8,euclidean,l1,inverse2
289,-11.2861,-24.9282,-10.908622221314875,-23.727609315789323,0.3774777786851242,1.2005906842106775,1.25853385509271,2538.0,2538,2538,Q++,0.01771598340626839,8,euclidean,l1,inverse2
28,31.0271,4.58084,30.665966909699396,3.7949419666388424,-0.3611330903006049,-0.7858980333611578,0.8649004727429627,5480.0,5480,5480,Q++,0.03265102241978201,8,euclidean,l1,inverse2
290,-18.0246,-0.760721,-17.435522250005743,-0.9331197395711339,0.5890777499942565,-0.17239873957113394,0.6137865434693168,4931.0,4931,4931,Q++,0.035552230741261175,8,euclidean,l1,inverse2
291,-36.3558,-8.60769,-36.24574110659395,-9.20826239436158,0.11005889340605535,-0.6005723943615795,0.6105736326496306,4013.0,4013,4013,Q++,0.019028951879603552,8,euclidean,l1,inverse2
292,27.5352,2.36316,26.48159465370068,2.025850888626441,-1.053605346299321,-0.3373091113735591,1.1062828130121756,5177.0,5177,5177,Q++,0.040658729671215345,8,euclidean,l1,inverse2
293,-18.8523,37.0015,-19.727738337486894,36.541768774566364,-0.8754383374868944,-0.45973122543363587,0.9888099323836357,8630.0,8630,8630,Q++,0.03851781302538799,8,euclidean,l1,inverse2
294,8.63438,-11.0438,9.304460902783926,-11.498141484340035,0.6700809027839263,-0.45434148434003596,0.8095891554782764,3859.0,3859,3859,Q++,0.044438025842761394,8,euclidean,l1,inverse2
295,-40.1855,-37.1975,-41.44178499672574,-38.464091779964164,-1.2562849967257392,-1.2665917799641662,1.7839581637670165,1309.0,1309,1309,Q++,0.022388902531597074,8,euclidean,l1,inverse2
296,26.8257,20.8427,26.37376075472686,21.71434054530484,-0.45193924527314167,0.8716405453048388,0.9818382359825745,7276.0,7276,7276,Q++,0.03826593569084475,8,euclidean,l1,inverse2
297,3.83341,-43.8443,3.0626130140955787,-42.39611368989521,-0.7707969859044215,1.4481863101047878,1.6405400276293967,652.0,652,652,Q++,0.017613289628888567,8,euclidean,l1,inverse2
298,-47.7088,37.9733,-45.284614912682805,37.663264729362,2.4241850873171913,-0.3100352706380036,2.443930278590336,8702.0,8702,8702,Q++,0.0284386009304865,8,euclidean,l1,inverse2
299,34.1371,-8.84239,34.65154326228536,-8.100560607968317,0.5144432622853614,0.7418293920316827,0.9027528548793967,4184.0,4184,4184,Q++,0.029844567258997146,8,euclidean,l1,inverse2
29,-39.8954,-41.6656,-40.592885170038194,-43.223939563723405,-0.6974851700381919,-1.5583395637234077,1.7073100943556991,1010.0,1010,1010,Q++,0.020253551711842444,8,euclidean,l1,inverse2
2,-28.2035,37.5362,-27.32526439294822,37.28159239007757,0.8782356070517778,-0.2546076099224308,0.9143975155937474,8723.0,8723,8723,Q++,0.038192615858376924,8,euclidean,l1,inverse2
300,27.2065,-16.1037,26.042734160256593,-17.2626576490022,-1.1637658397434052,-1.1589576490022004,1.6424170487225163,3175.0,3175,3175,Q++,0.0438514949967769,8,euclidean,l1,inverse2
301,-22.8698,22.1185,-23.371720865089138,21.520929372920005,-0.5019208650891365,-0.5975706270799961,0.7803942652022803,7126.0,7126,7126,Q++,0.03354719485329371,8,euclidean,l1,inverse2
302,31.2704,-38.9778,30.90275374624554,-41.50453639189669,-0.36764625375445803,-2.5267363918966907,2.553343016916214,1080.0,1080,1080,Q++,0.029551983618364086,8,euclidean,l1,inverse2
303,-38.7287,-35.7928,-38.94748879621878,-36.76538092999197,-0.21878879621877445,-0.9725809299919703,0.996886253659316,1310.0,1310,1310,Q++,0.025408670764347455,8,euclidean,l1,inverse2
304,25.8817,38.6199,25.20318553548303,38.58964361372097,-0.6785144645169687,-0.030256386279027936,0.679188727431054,8875.0,8875,8875,Q++,0.03008480326773036,8,euclidean,l1,inverse2
305,-49.5786,-25.4059,-45.97525292141104,-25.979121752505453,3.6033470785889605,-0.5732217525054537,3.648656375478653,2402.0,2402,2402,Q++,0.0339159660057305,8,euclidean,l1,inverse2
306,49.9921,3.69548,45.45794975225043,3.9133855155784807,-4.534150247749572,0.2179055155784808,4.53938335932173,5298.0,5298,5298,Q++,0.02853196532673407,8,euclidean,l1,inverse2
307,-37.6147,12.2615,-39.3670736669503,11.947646961862503,-1.752373666950298,-0.31385303813749665,1.7802576212922026,6208.0,6208,6208,Q++,0.021620779011744726,8,euclidean,l1,inverse2
308,7.20799,21.902,7.1043634657278805,22.348391967973775,-0.10362653427211921,0.44639196797377423,0.4582622040674419,7255.0,7255,7255,Q++,0.035214194025432306,8,euclidean,l1,inverse2
309,26.732,-11.8011,27.29583717962921,-11.661472838483922,0.5638371796292105,0.1396271615160778,0.5808684096809358,3877.0,3877,3877,Q++,0.033263623864078,8,euclidean,l1,inverse2
30,23.8275,-40.7048,22.632087815026463,-43.10145171623734,-1.195412184973538,-2.3966517162373435,2.6782363116287202,573.0,573,573,Q++,0.023981301012770653,8,euclidean,l1,inverse2
310,-1.92854,-6.80391,-3.703097465326568,-5.874335951560203,-1.774557465326568,0.9295740484397967,2.0032878248716552,4247.0,4247,4247,Q++,0.03198474097022166,8,euclidean,l1,inverse2
311,-43.5986,-31.2019,-43.98221074681283,-31.704709088985183,-0.3836107468128347,-0.5028090889851846,0.632435123183724,1807.0,1807,1807,Q++,0.022862378426975503,8,euclidean,l1,inverse2
312,-43.8254,22.9716,-46.70044131397861,22.214935211815053,-2.875041313978606,-0.7566647881849455,2.972945367604793,7205.0,7205,7205,Q++,0.02755347664260667,8,euclidean,l1,inverse2
313,33.511,25.4669,33.53539079525305,24.915374054146895,0.02439079525304777,-0.5515259458531041,0.5520650141443825,7682.0,7682,7682,Q++,0.027667890002067815,8,euclidean,l1,inverse2
314,-12.9513,31.6644,-13.811269940825696,31.918766012182896,-0.859969940825696,0.2543660121828957,0.8968000709620735,8236.0,8236,8236,Q++,0.040087862078278816,8,euclidean,l1,inverse2
315,44.4297,48.5281,44.694789700863566,47.13086117047204,0.26508970086356953,-1.3972388295279643,1.4221634562330072,9692.0,9692,9692,Q++,0.021712828409665562,8,euclidean,l1,inverse2
316,10.208,43.7645,9.796480002858308,44.39499096264221,-0.4115199971416921,0.630490962642213,0.7529060778217976,9258.0,9258,9258,Q++,0.02791453726496305,8,euclidean,l1,inverse2
317,45.0757,22.6987,46.851532910306624,23.22337170730035,1.775832910306626,0.5246717073003495,1.8517189111119334,7397.0,7397,7397,Q++,0.02050077033467298,8,euclidean,l1,inverse2
318,-34.9993,-45.7453,-34.61317599055286,-44.87763027763339,0.386124009447137,0.8676697223666068,0.9497065324526716,415.0,415,415,Q++,0.01960896574082101,8,euclidean,l1,inverse2
319,5.53951,24.1888,5.619104152413218,24.450362764777903,0.07959415241321821,0.26156276477790286,0.27340502741654027,7554.0,7554,7554,Q++,0.04376435528200837,8,euclidean,l1,inverse2
31,18.5441,-48.0642,17.213492057906326,-45.265594330229796,-1.3306079420936747,2.798605669770204,3.0988241625546773,766.0,766,766,Q++,0.03392161845681191,8,euclidean,l1,inverse2
320,33.1121,-23.4651,33.02125602859051,-22.20923718319151,-0.09084397140949108,1.255862816808488,1.2591441703727173,2983.0,2983,2983,Q++,0.026307705513491857,8,euclidean,l1,inverse2
321,-25.9159,-45.6019,-25.89123406025049,-45.263528404098956,0.024665939749510812,0.3383715959010445,0.3392694290624286,624.0,624,624,Q++,0.027546773749176266,8,euclidean,l1,inverse2
322,11.2578,-10.4532,10.769676754723438,-9.888189832289012,-0.4881232452765616,0.5650101677109891,0.7466597566469766,3961.0,3961,3961,Q++,0.027825493726760978,8,euclidean,l1,inverse2
323,32.3227,-22.8499,31.59736104850237,-21.001499382611325,-0.7253389514976263,1.848400617388677,1.9856236896558517,2982.0,2982,2982,Q++,0.024320782175296738,8,euclidean,l1,inverse2
324,-2.47706,1.41296,-2.138555145266794,1.198842082867603,0.3385048547332059,-0.21411791713239703,0.4005396598528851,5049.0,5049,5049,Q++,0.029995360771340535,8,euclidean,l1,inverse2
325,46.8694,15.6456,45.1477895100307,15.48516092212936,-1.7216104899693008,-0.16043907787063993,1.729070090216217,6693.0,6693,6693,Q++,0.01650038096162095,8,euclidean,l1,inverse2
326,25.5362,8.95095,25.108936521540052,9.832261340333732,-0.42726347845994894,0.8813113403337312,0.9794201134480203,6076.0,6076,6076,Q++,0.03231232657197246,8,euclidean,l1,inverse2
327,-29.1269,14.5186,-28.891384320880363,14.006222785367989,0.23551567911963645,-0.5123772146320107,0.5639131539388322,6420.0,6420,6420,Q++,0.040171569228318424,8,euclidean,l1,inverse2
328,21.8941,-16.8653,21.426187544419044,-16.99839655153369,-0.46791245558095795,-0.13309655153368993,0.4864738000323986,3171.0,3171,3171,Q++,0.03828359456414532,8,euclidean,l1,inverse2
329,38.5547,-1.28688,39.92437761461029,-1.8398642471475306,1.3696776146102962,-0.5529842471475306,1.4770945621583855,4989.0,4989,4989,Q++,0.0178883244217782,8,euclidean,l1,inverse2
32,4.1536,-13.5454,4.092455251645157,-13.780688820255156,-0.061144748354842626,-0.23528882025515507,0.24310390615627653,3654.0,3654,3654,Q++,0.03927203174462561,8,euclidean,l1,inverse2
330,19.0476,48.5398,18.748738806608937,47.21307372299025,-0.2988611933910619,-1.3267262770097474,1.3599708184454822,9868.0,9868,9868,Q++,0.023532429930097205,8,euclidean,l1,inverse2
331,30.5904,23.0464,30.71292443581247,24.238036477338586,0.12252443581247263,1.1916364773385872,1.1979189169117759,7481.0,7481,7481,Q++,0.029850750376987235,8,euclidean,l1,inverse2
332,-47.0059,2.77541,-45.36010231072983,2.185854533824302,1.645797689270168,-0.5895554661756979,1.7482064185057407,5202.0,5202,5202,Q++,0.0235908402055138,8,euclidean,l1,inverse2
333,-26.1735,-23.3304,-26.27392520817174,-24.53788202162803,-0.10042520817173894,-1.207482021628028,1.2116509625264391,2624.0,2624,2624,Q++,0.01977554741994987,8,euclidean,l1,inverse2
334,-49.5395,44.1134,-46.6435453671864,43.47868908036615,2.8959546328135986,-0.6347109196338465,2.9646941135329605,9602.0,9602,9602,Q++,0.019715354997676834,8,euclidean,l1,inverse2
335,-0.343258,-19.6747,0.2046837389459097,-19.914477529606266,0.5479417389459097,-0.23977752960626475,0.598108195047644,3050.0,3050,3050,Q++,0.026189127603804895,8,euclidean,l1,inverse2
336,25.3442,-11.2551,25.454506563727364,-11.183894625174327,0.11030656372736303,0.07120537482567357,0.13129258701618865,3875.0,3875,3875,Q++,0.037697438553533365,8,euclidean,l1,inverse2
337,2.50375,-42.4221,2.6596530728719996,-41.75865942517814,0.15590307287199945,0.6634405748218626,0.6815124096088753,852.0,852,852,Q++,0.009226786231099458,8,euclidean,l1,inverse2
338,34.9369,21.9975,33.349929741811536,22.38201135152338,-1.5869702581884653,0.38451135152338267,1.632888110014003,7283.0,7283,7283,Q++,0.030340708401078297,8,euclidean,l1,inverse2
339,-22.0649,-24.7414,-22.881487801490508,-23.622062355886513,-0.8165878014905061,1.119337644113486,1.3855440805231087,2527.0,2527,2527,Q++,0.021306815329805284,8,euclidean,l1,inverse2
33,30.5995,-49.3282,31.130100280504063,-46.34158426017316,0.5306002805040642,2.9866157398268456,3.033382639076786,781.0,781,781,Q++,0.025576287370217807,8,euclidean,l1,inverse2
340,-37.4023,23.264,-37.51852520904467,23.695958711676262,-0.11622520904467137,0.43195871167626265,0.4473216156307385,7211.0,7211,7211,Q++,0.032560989024242155,8,euclidean,l1,inverse2
341,16.7351,-0.172891,17.370513685351316,-0.7394537758899551,0.6354136853513168,-0.5665627758899551,0.8513189358612163,4967.0,4967,4967,Q++,0.020679629201417804,8,euclidean,l1,inverse2
342,34.9368,-27.8652,36.02087154142111,-27.8678060130408,1.0840715414211104,-0.002606013040796995,1.0840746737301408,2186.0,2186,2186,Q++,0.03200248514581693,8,euclidean,l1,inverse2
343,6.92362,12.4021,5.309315593181684,11.931186788712289,-1.6143044068183157,-0.47091321128771213,1.6815879312240378,6256.0,6256,6256,Q++,0.029567993959102316,8,euclidean,l1,inverse2
344,31.5479,-12.9354,31.479815507931256,-12.838501556469883,-0.06808449206874201,0.096898443530117,0.11842637552005832,3681.0,3681,3681,Q++,0.03052716540297194,8,euclidean,l1,inverse2
345,10.6669,-22.9834,9.789487774441358,-23.414154981357004,-0.8774122255586416,-0.43075498135700485,0.977446708278074,2659.0,2659,2659,Q++,0.015897099974605672,8,euclidean,l1,inverse2
346,-20.1537,0.64574,-21.104371084786393,1.090704138194306,-0.9506710847863928,0.4449641381943059,1.0496516544682517,5029.0,5029,5029,Q++,0.029713995289124395,8,euclidean,l1,inverse2
347,37.7791,-32.356,37.32743542706221,-32.608763444334095,-0.45166457293778706,-0.2527634443340929,0.5175811484576188,1787.0,1787,1787,Q++,0.03299177443538796,8,euclidean,l1,inverse2
348,8.19577,-15.2024,8.999121543078706,-15.604876261931404,0.8033515430787066,-0.40247626193140285,0.898532605521477,3461.0,3461,3461,Q++,0.04603622944346667,8,euclidean,l1,inverse2
349,-11.4835,-43.8877,-11.377654094499464,-42.907230127795565,0.10584590550053541,0.9804698722044378,0.986166581269014,739.0,739,739,Q++,0.018805855672376946,8,euclidean,l1,inverse2
34,-33.3064,-27.7127,-33.06131295962739,-28.321329963572573,0.24508704037260998,-0.6086299635725716,0.6561235325127085,2216.0,2216,2216,Q++,0.03303432690799606,8,euclidean,l1,inverse2
350,4.81778,6.71317,4.920995548087028,7.699284845739699,0.10321554808702782,0.9861148457396993,0.991501859985717,5756.0,5756,5756,Q++,0.026840851424085405,8,euclidean,l1,inverse2
351,29.5134,38.2186,29.040084687576094,37.880709826794096,-0.4733153124239067,-0.3378901732059063,0.5815472071328842,8678.0,8678,8678,Q++,0.03597599169587405,8,euclidean,l1,inverse2
352,45.7026,-0.655197,46.44691063740051,-0.26787359873202954,0.7443106374005097,0.3873234012679705,0.8390576512477211,4999.0,4999,4999,Q++,0.028867298511629492,8,euclidean,l1,inverse2
353,-30.6745,25.0603,-31.207744554534983,25.27250488118704,-0.5332445545349849,0.21220488118703784,0.5739169509091183,7419.0,7419,7419,Q++,0.03688711787466859,8,euclidean,l1,inverse2
354,1.92852,-3.27838,1.6644281023754148,-3.961326194383421,-0.2640918976245852,-0.6829461943834212,0.7322294960009137,4652.0,4652,4652,Q++,0.0260023442884046,8,euclidean,l1,inverse2
355,6.06591,-35.9337,5.350776295852953,-36.03452714711616,-0.7151337041470471,-0.10082714711615637,0.722206569066399,1356.0,1356,1356,Q++,0.024103277544076717,8,euclidean,l1,inverse2
356,-12.4294,-36.8368,-12.483538778076735,-37.49573897068532,-0.054138778076735505,-0.6589389706853268,0.6611592655173789,1236.0,1236,1236,Q++,0.029584720157255034,8,euclidean,l1,inverse2
357,-22.0415,-22.0258,-23.534632677391137,-21.025366735869877,-1.493132677391138,1.0004332641301232,1.7973068486686632,2926.0,2926,2926,Q++,0.0308229063868185,8,euclidean,l1,inverse2
358,-17.9489,-45.6954,-17.346652256317615,-45.54460416377304,0.6022477436823834,0.1507958362269619,0.6208395356240697,631.0,631,631,Q++,0.021864039455975818,8,euclidean,l1,inverse2
359,-11.5253,47.553,-11.948186418151867,45.967742780305215,-0.422886418151867,-1.5852572196947818,1.6406929558121914,9738.0,9738,9738,Q++,0.022064294488852353,8,euclidean,l1,inverse2
35,28.4009,-17.5885,28.465692845437644,-17.709556987941394,0.06479284543764408,-0.12105698794139386,0.13730588898277166,3278.0,3278,3278,Q++,0.021036741341413052,8,euclidean,l1,inverse2
360,-27.2851,-46.9763,-27.102382207024522,-46.486651428077074,0.18271779297547752,0.48964857192292754,0.5226294249810202,523.0,523,523,Q++,0.022683031543798166,8,euclidean,l1,inverse2
361,-13.0753,26.8511,-12.847807031173414,27.232164555655714,0.22749296882658676,0.3810645556557155,0.4438054150668086,7936.0,7936,7936,Q++,0.03341941816366979,8,euclidean,l1,inverse2
362,17.4208,21.7576,17.393996782521324,21.576689644985695,-0.02680321747867609,-0.18091035501430497,0.1828851251977893,7066.0,7066,7066,Q++,0.030931914363604294,8,euclidean,l1,inverse2
363,45.3898,16.4075,45.433511108516925,14.944601714567868,0.0437111085169235,-1.4628982854321304,1.463551179333352,6394.0,6394,6394,Q++,0.01964012479329684,8,euclidean,l1,inverse2
364,15.1579,16.6425,14.384211946296716,16.55529927247942,-0.7736880537032835,-0.08720072752057817,0.7785866498491308,6664.0,6664,6664,Q++,0.030837545603923724,8,euclidean,l1,inverse2
365,-21.8767,28.8313,-22.03542749034057,28.964423373544033,-0.15872749034057065,0.13312337354403425,0.20716237296758414,8027.0,8027,8027,Q++,0.024947129326184675,8,euclidean,l1,inverse2
366,-48.6934,31.8819,-46.3602903262636,31.621887666264804,2.333109673736395,-0.2600123337351974,2.3475534420704403,8105.0,8105,8105,Q++,0.020683681409890766,8,euclidean,l1,inverse2
367,32.4561,19.937,32.14316160600225,18.947734349972784,-0.31293839399774726,-0.9892656500272174,1.0375822689125245,6882.0,6882,6882,Q++,0.029965785038523277,8,euclidean,l1,inverse2
368,38.0123,-12.4044,38.377477549329505,-12.283464096567359,0.36517754932950197,0.12093590343264182,0.38468186241798574,3788.0,3788,3788,Q++,0.027614077374855012,8,euclidean,l1,inverse2
369,44.7714,48.5165,46.26195000122789,48.60855764595592,1.4905500012278878,0.09205764595591859,1.493390075077306,9995.0,9995,9995,Q++,0.017877537891828235,8,euclidean,l1,inverse2
36,-1.10423,-28.576,-0.7255958001233799,-28.313919376893768,0.37863419987662017,0.2620806231062325,0.46048899044815333,2049.0,2049,2049,Q++,0.03478202956557897,8,euclidean,l1,inverse2
370,2.58995,30.7241,2.3296349416419244,30.080710943188336,-0.26031505835807556,-0.6433890568116638,0.6940557672355807,8152.0,8152,8152,Q++,0.026228430238770282,8,euclidean,l1,inverse2
371,-38.0022,19.41,-38.39076483766009,18.831682823599333,-0.3885648376600912,-0.5783171764006667,0.696730499968139,6810.0,6810,6810,Q++,0.03343953801773507,8,euclidean,l1,inverse2
372,-47.8762,39.4171,-46.16219422986662,38.46322686019306,1.714005770133376,-0.9538731398069373,1.9615528916895544,8803.0,8803,8803,Q++,0.019428380530296302,8,euclidean,l1,inverse2
373,-17.2308,6.86688,-17.906484981160503,7.179529066473588,-0.6756849811605043,0.3126490664735879,0.7445130170337367,5632.0,5632,5632,Q++,0.027939335538842442,8,euclidean,l1,inverse2
374,-26.9261,-21.8492,-27.33224452080739,-21.943716912545607,-0.4061445208073877,-0.09451691254560757,0.41699738433114497,2823.0,2823,2823,Q++,0.022960942592346757,8,euclidean,l1,inverse2
375,-2.89393,-12.5605,-4.364916087589315,-11.912517866680911,-1.4709860875893153,0.647982133319088,1.607383250809239,3843.0,3843,3843,Q++,0.03252274912072968,8,euclidean,l1,inverse2
376,-32.5782,9.67266,-33.117671890907715,9.157344258030863,-0.5394718909077127,-0.5153157419691379,0.7460430517073035,6016.0,6016,6016,Q++,0.03742940857363934,8,euclidean,l1,inverse2
377,-46.8092,39.4881,-44.75584810092649,39.12643451599751,2.0533518990735047,-0.36166548400249354,2.0849594585381093,8808.0,8808,8808,Q++,0.020962614094688074,8,euclidean,l1,inverse2
378,29.8039,-24.0867,29.937434708802886,-22.260038763993833,0.13353470880288754,1.8266612360061671,1.8315356369949918,2677.0,2677,2677,Q++,0.033057595158944575,8,euclidean,l1,inverse2
379,15.2167,-32.8316,14.066089341113534,-33.13906801130668,-1.1506106588864657,-0.3074680113066748,1.1909834030413808,1764.0,1764,1764,Q++,0.02196021577601393,8,euclidean,l1,inverse2
37,35.1068,-39.1011,35.48040113310354,-39.39477453467037,0.37360113310354137,-0.29367453467036597,0.47520789026499344,1085.0,1085,1085,Q++,0.02589599855089244,8,euclidean,l1,inverse2
380,-35.4234,-20.461,-35.63183434345061,-20.78892854289638,-0.2084343434506124,-0.3279285428963803,0.3885640291841629,3014.0,3014,3014,Q++,0.02983614994516934,8,euclidean,l1,inverse2
381,44.8805,-23.3036,46.857984127090056,-24.02244672653287,1.977484127090058,-0.7188467265328704,2.1040874718366993,2598.0,2598,2598,Q++,0.02183697693414196,8,euclidean,l1,inverse2
382,-46.7199,-28.633,-47.173959950704365,-28.94901614443039,-0.45405995070436234,-0.3160161444303924,0.5532057866420945,2102.0,2102,2102,Q++,0.03470211138886859,8,euclidean,l1,inverse2
383,28.7486,-48.448,28.81700904270719,-44.692552870344144,0.0684090427071915,3.755447129655856,3.756070145879137,579.0,579,579,Q++,0.026222699501208105,8,euclidean,l1,inverse2
384,26.3041,24.9195,25.87322517249446,25.199189824294336,-0.4308748275055372,0.2796898242943371,0.5136920427568676,7576.0,7576,7576,Q++,0.033552975537679296,8,euclidean,l1,inverse2
385,-37.0955,-34.1984,-38.16130335160157,-34.19730959891952,-1.0658033516015664,0.001090401080482195,1.0658039093846712,1611.0,1611,1611,Q++,0.022950279584250242,8,euclidean,l1,inverse2
386,48.345,-5.26738,47.80323394931552,-5.017559996162748,-0.5417660506844797,0.249820003837252,0.5965907206716367,4597.0,4597,4597,Q++,0.03202146207717499,8,euclidean,l1,inverse2
387,2.38193,-35.9765,1.9506214794211543,-36.383137456214094,-0.43130852057884583,-0.4066374562140922,0.59277403850049,1354.0,1354,1354,Q++,0.03250260334634376,8,euclidean,l1,inverse2
388,-13.0129,33.9385,-13.311387830477917,33.61087980261021,-0.29848783047791727,-0.3276201973897912,0.4432042178061256,8336.0,8336,8336,Q++,0.028206480620980027,8,euclidean,l1,inverse2
389,0.664995,-34.624,1.011045613290975,-34.13264318609197,0.3460506132909751,0.491356813908034,0.6009846466698748,1550.0,1550,1550,Q++,0.02980135362166525,8,euclidean,l1,inverse2
38,-5.40562,24.9706,-5.567899447065967,25.40197959941951,-0.1622794470659672,0.43137959941950754,0.4608936729174863,7443.0,7443,7443,Q++,0.030711003333353352,8,euclidean,l1,inverse2
390,29.3352,19.5366,28.91433668990061,19.90989770707717,-0.42086331009939215,0.373297707077171,0.5625629777161758,6879.0,6879,6879,Q++,0.028424100225588205,8,euclidean,l1,inverse2
391,-31.5044,-11.4639,-31.24434511823892,-10.95061010167026,0.26005488176108216,0.5132898983297398,0.5754086037374876,3818.0,3818,3818,Q++,0.02699917084468513,8,euclidean,l1,inverse2
392,-19.3731,35.2721,-19.052598050524367,35.04903079604063,0.32050194947563426,-0.22306920395936913,0.3904886289928922,8431.0,8431,8431,Q++,0.03179036718636573,8,euclidean,l1,inverse2
393,-37.6971,29.9121,-38.04200193359115,29.7730711488259,-0.34490193359115295,-0.1390288511740998,0.37186874734737535,8011.0,8011,8011,Q++,0.03228404957720462,8,euclidean,l1,inverse2
394,-17.9751,-30.5595,-17.045870460517673,-30.619889479324733,0.9292295394823284,-0.060389479324733486,0.9311897906762362,2032.0,2032,2032,Q++,0.033532308131466584,8,euclidean,l1,inverse2
395,-4.02113,23.7553,-3.929880114996861,24.210360671654676,0.09124988500313913,0.4550606716546781,0.4641193342233147,7345.0,7345,7345,Q++,0.023089137561269575,8,euclidean,l1,inverse2
396,-15.6015,-44.1914,-14.8016365968773,-42.586262926494726,0.7998634031226999,1.6051370735052757,1.7933896644053984,535.0,535,535,Q++,0.0235477710658512,8,euclidean,l1,inverse2
397,8.2022,0.387058,7.321936120615258,0.3108537888534084,-0.8802638793847413,-0.0762042111465916,0.8835562116503672,4957.0,4957,4957,Q++,0.03874935315142386,8,euclidean,l1,inverse2
398,0.239797,-26.1263,0.3155039225291887,-24.426671915782578,0.07570692252918867,1.699628084217423,1.701313364074775,2650.0,2650,2650,Q++,0.03188512256544796,8,euclidean,l1,inverse2
399,-12.4989,-49.6565,-12.962538401154278,-48.235882141154406,-0.46363840115427735,1.4206178588455955,1.4943612909520707,136.0,136,136,Q++,0.02408759755998581,8,euclidean,l1,inverse2
39,-17.6978,-40.6309,-17.50611360619883,-41.885777240052164,0.19168639380117014,-1.254877240052167,1.2694331653023099,931.0,931,931,Q++,0.026754431419116903,8,euclidean,l1,inverse2
3,7.13873,-10.9621,7.423265886867763,-10.244347029688917,0.2845358868677632,0.7177529703110821,0.7720945520504633,3957.0,3957,3957,Q++,0.037623131637775635,8,euclidean,l1,inverse2
400,-39.3285,26.1734,-39.935632664370544,24.97622423521715,-0.6071326643705461,-1.1971757647828518,1.3423262956260242,7410.0,7410,7410,Q++,0.03134415081472697,8,euclidean,l1,inverse2
401,-8.78209,-45.7907,-9.256134548760262,-43.82907416326179,-0.47404454876026136,1.9616258367382144,2.0180917118823465,641.0,641,641,Q++,0.028492855420612362,8,euclidean,l1,inverse2
402,45.7576,47.7055,45.70288573784032,47.80719493031033,-0.054714262159677673,0.10169493031033028,0.11547947581497271,9795.0,9795,9795,Q++,0.021530924851686995,8,euclidean,l1,inverse2
403,-39.0292,41.1869,-43.436151587920904,45.53433706643749,-4.406951587920901,4.347437066437486,6.190430626774935,9108.0,9108,9108,Q++,0.014820574697888422,8,euclidean,l1,inverse2
404,-0.449547,-22.6238,-0.16350144320418658,-22.40377316506973,0.2860455567958134,0.22002683493026964,0.3608792992844824,3049.0,3049,3049,Q++,0.04384258412144477,8,euclidean,l1,inverse2
405,-4.54848,1.36567,-3.0903458813802023,1.23084848427836,1.4581341186197974,-0.13482151572163992,1.464353764970956,5146.0,5146,5146,Q++,0.03566449607618019,8,euclidean,l1,inverse2
406,12.6546,16.4397,12.96879370437,16.73641960080215,0.31419370437000005,0.29671960080215243,0.43215761634608696,6662.0,6662,6662,Q++,0.027362250189543625,8,euclidean,l1,inverse2
407,17.3518,46.1093,17.362760532204494,47.73024838091784,0.010960532204492779,1.620948380917845,1.6209854369692496,9867.0,9867,9867,Q++,0.03338510875579724,8,euclidean,l1,inverse2
408,36.5394,41.8725,37.068731169146375,43.21325291740748,0.5293311691463742,1.3407529174074782,1.4414610199955222,9387.0,9387,9387,Q++,0.03182180060387226,8,euclidean,l1,inverse2
409,17.7995,-28.8869,18.624887084287142,-28.972072040920267,0.8253870842871436,-0.08517204092026631,0.8297699171834056,2168.0,2168,2168,Q++,0.036110125082363685,8,euclidean,l1,inverse2
40,46.5869,27.2649,46.361202629715685,27.399713020977693,-0.22569737028431547,0.13481302097769188,0.2628951379892504,7695.0,7695,7695,Q++,0.027516106391129915,8,euclidean,l1,inverse2
410,-1.75105,26.0857,-2.610078274118946,27.112867783999835,-0.8590282741189459,1.027167783999836,1.3390307062285423,7748.0,7748,7748,Q++,0.02273308462539803,8,euclidean,l1,inverse2
411,11.8611,-48.8758,11.11876080203649,-44.95890804906191,-0.7423391979635099,3.916891950938087,3.9866163648082167,560.0,560,560,Q++,0.028550105015804666,8,euclidean,l1,inverse2
412,1.69762,-2.49689,1.743727157482801,-2.981747583968858,0.04610715748280114,-0.48485758396885803,0.48704491240876546,4751.0,4751,4751,Q++,0.04196719444993648,8,euclidean,l1,inverse2
413,-2.2304,46.1819,-2.3112680507233905,46.58254634274175,-0.08086805072339054,0.4006463427417515,0.4087262330462065,9547.0,9547,9547,Q++,0.025249418897489873,8,euclidean,l1,inverse2
414,-40.9153,29.1762,-41.118656290655856,28.92589262601422,-0.20335629065585437,-0.2503073739857804,0.32250203475476813,7908.0,7908,7908,Q++,0.02883714163292449,8,euclidean,l1,inverse2
415,29.1574,-19.5477,29.671362340464885,-20.622890812115905,0.5139623404648859,-1.0751908121159062,1.1917183265665612,3079.0,3079,3079,Q++,0.020905691409505055,8,euclidean,l1,inverse2
416,-11.0893,2.24491,-11.617656633865181,2.278840299760495,-0.5283566338651813,0.033930299760494886,0.5294449903353343,5138.0,5138,5138,Q++,0.04063298883064013,8,euclidean,l1,inverse2
417,34.8827,8.29459,34.99244692286384,8.772271005260855,0.10974692286384169,0.47768100526085533,0.49012603467384114,5985.0,5985,5985,Q++,0.027481641911588733,8,euclidean,l1,inverse2
418,48.5438,39.1339,47.32932318499137,40.635822615246084,-1.2144768150086307,1.5019226152460874,1.931508601166755,8893.0,8893,8893,Q++,0.012059354030876332,8,euclidean,l1,inverse2
419,-40.4754,26.6979,-40.49681620131973,26.60913663883426,-0.021416201319730988,-0.08876336116573924,0.09131039351797096,7609.0,7609,7609,Q++,0.027990459677855774,8,euclidean,l1,inverse2
41,39.643,43.0389,40.14587336706395,44.46181013393703,0.5028733670639483,1.4229101339370303,1.5091570072603213,9389.0,9389,9389,Q++,0.02107091751444648,8,euclidean,l1,inverse2
420,27.0503,-42.831,26.74861328450951,-43.80567065765444,-0.3016867154904901,-0.9746706576544355,1.0202929800777665,677.0,677,677,Q++,0.017583665632140512,8,euclidean,l1,inverse2
421,29.4776,-32.699,30.276335112306924,-32.34875323339207,0.7987351123069253,0.3502467666079312,0.8721528404765229,1879.0,1879,1879,Q++,0.029763326974842227,8,euclidean,l1,inverse2
422,37.5118,33.9087,37.029056058029006,33.69050120402558,-0.4827439419709947,-0.21819879597442338,0.5297663900950901,8386.0,8386,8386,Q++,0.02506234487666877,8,euclidean,l1,inverse2
423,16.3976,-28.4161,16.07239925106591,-27.839402403792665,-0.32520074893409046,0.5766975962073353,0.6620692143413799,2266.0,2266,2266,Q++,0.027686861928918532,8,euclidean,l1,inverse2
424,-20.9571,8.57636,-19.626327091670476,8.877932887579513,1.330772908329525,0.30157288757951406,1.3645155697414626,5730.0,5730,5730,Q++,0.03881377197187387,8,euclidean,l1,inverse2
425,-23.8717,23.0629,-23.223123832985724,23.18817258561142,0.6485761670142765,0.12527258561141963,0.6605635965784832,7226.0,7226,7226,Q++,0.024418807224830526,8,euclidean,l1,inverse2
426,-4.96281,-18.6351,-5.034829112189531,-18.583404069863835,-0.07201911218953061,0.05169593013616591,0.08865225159696477,3145.0,3145,3145,Q++,0.033730609950196895,8,euclidean,l1,inverse2
427,-46.5348,-17.4141,-47.32174434725969,-17.665950044117906,-0.7869443472596913,-0.251850044117905,0.8262625795751447,3200.0,3200,3200,Q++,0.03272366062929344,8,euclidean,l1,inverse2
428,14.541,22.9943,15.09409281280437,23.577234500274667,0.5530928128043691,0.5829345002746678,0.8035697176887177,7364.0,7364,7364,Q++,0.03569544055121716,8,euclidean,l1,inverse2
429,-5.93131,23.1714,-4.827362750919716,23.489193847377127,1.1039472490802842,0.31779384737712846,1.1487786811142886,7345.0,7345,7345,Q++,0.03076947871283943,8,euclidean,l1,inverse2
42,47.9039,-13.5016,47.180962573573545,-14.128399893223143,-0.722937426426455,-0.6267998932231436,0.9568263315109227,3597.0,3597,3597,Q++,0.0271129204433901,8,euclidean,l1,inverse2
430,20.8026,13.8169,21.069195815096922,13.747943609787557,0.2665958150969203,-0.06895639021244371,0.2753694107527598,6471.0,6471,6471,Q++,0.02149742878553666,8,euclidean,l1,inverse2
431,27.9561,8.49751,27.588721178028116,8.146741078325832,-0.367378821971883,-0.3507689216741685,0.5079429448726573,5877.0,5877,5877,Q++,0.026620888698765242,8,euclidean,l1,inverse2
432,44.5511,-24.0694,47.797190765053124,-25.282991921914135,3.2460907650531254,-1.2135919219141336,3.465531792942957,2499.0,2499,2499,Q++,0.01765427562308116,8,euclidean,l1,inverse2
433,-43.3768,46.3023,-41.88846930005222,45.77712628956781,1.488330699947781,-0.5251737104321919,1.578269843384257,9208.0,9208,9208,Q++,0.013871863029402394,8,euclidean,l1,inverse2
434,17.1648,3.82749,17.39257501575381,4.259471505924268,0.2277750157538101,0.4319815059242682,0.48835384636782275,5467.0,5467,5467,Q++,0.038864521296846824,8,euclidean,l1,inverse2
435,41.3286,22.3438,42.94061537536647,22.818541507603467,1.612015375366468,0.4747415076034649,1.6804681102179553,7394.0,7394,7394,Q++,0.01849038785626429,8,euclidean,l1,inverse2
436,-0.814704,0.600489,-1.190163406207642,1.5240447108760344,-0.37545940620764207,0.9235557108760344,0.9969578310046681,5149.0,5149,5149,Q++,0.028799642055412574,8,euclidean,l1,inverse2
437,37.6054,-45.3619,37.49123827971311,-44.701209702548546,-0.11416172028689431,0.6606902974514526,0.6704808479929549,189.0,189,189,Q++,0.017489933362494842,8,euclidean,l1,inverse2
438,11.1319,24.4939,10.481726629773013,25.30416171338946,-0.6501733702269874,0.8102617133894583,1.0388693159089548,7460.0,7460,7460,Q++,0.03993817851869416,8,euclidean,l1,inverse2
439,17.3771,45.5306,16.68007200349974,47.740487121803916,-0.6970279965002604,2.2098871218039164,2.317207180858018,9866.0,9866,9866,Q++,0.0267682470866357,8,euclidean,l1,inverse2
43,44.6657,49.5629,44.81177462113645,47.40628089819953,0.14607462113644942,-2.156619101800466,2.1615604884413497,9995.0,9995,9995,Q++,0.023673287311982184,8,euclidean,l1,inverse2
440,-22.7695,21.6242,-23.118962627282,22.38455561937606,-0.34946262728199784,0.7603556193760603,0.8368182573197055,7124.0,7124,7124,Q++,0.03427643319794977,8,euclidean,l1,inverse2
441,-0.277418,3.51364,-0.5914176938986204,3.379619806952637,-0.3139996938986204,-0.134020193047363,0.34140477429713806,5348.0,5348,5348,Q++,0.03292625414618423,8,euclidean,l1,inverse2
442,26.8711,46.6095,27.03897017718799,46.670565250210736,0.1678701771879929,0.0610652502107385,0.17863191532430098,9676.0,9676,9676,Q++,0.04457653481942921,8,euclidean,l1,inverse2
443,5.2106,36.4685,4.56933104569077,37.16259790552176,-0.64126895430923,0.6940979055217582,0.9449855947105993,8754.0,8754,8754,Q++,0.026754746346240733,8,euclidean,l1,inverse2
444,-42.6165,30.4503,-44.19649526162152,30.710159519903662,-1.5799952616215194,0.25985951990366374,1.6012220323337474,8105.0,8105,8105,Q++,0.028881515030900754,8,euclidean,l1,inverse2
445,20.2395,-39.3616,19.356570718102798,-42.76055619744042,-0.8829292818972014,-3.3989561974404197,3.5117612887196854,1069.0,1069,1069,Q++,0.024402712322538014,8,euclidean,l1,inverse2
446,16.5958,-7.43246,17.233197011555866,-6.3135101680454255,0.6373970115558656,1.1189498319545743,1.2877591687778884,4266.0,4266,4266,Q++,0.02750273923411524,8,euclidean,l1,inverse2
447,23.3169,-31.2646,23.156966444998588,-30.7970619592023,-0.1599335550014125,0.46753804079770234,0.4941361771904014,1873.0,1873,1873,Q++,0.032843053035527925,8,euclidean,l1,inverse2
448,30.2757,18.3025,30.571121339768872,17.592702401482594,0.29542133976887186,-0.7097975985174045,0.768821434958671,6880.0,6880,6880,Q++,0.03535732353099109,8,euclidean,l1,inverse2
449,38.9368,33.9564,40.097099433750955,33.37442938640852,1.1602994337509571,-0.58197061359148,1.2980695555504087,8389.0,8389,8389,Q++,0.02067610743398164,8,euclidean,l1,inverse2
44,-43.3976,-29.1419,-45.58342673552355,-28.109718883244575,-2.1858267355235554,1.0321811167554245,2.417278712833098,2105.0,2105,2105,Q++,0.019778393773039173,8,euclidean,l1,inverse2
450,49.4773,48.6973,45.31046501852953,47.16015970546546,-4.166834981470473,-1.537140294534538,4.441318953631653,9692.0,9692,9692,Q++,0.01919369207799959,8,euclidean,l1,inverse2
451,-7.62385,15.1601,-8.064477699906503,14.15865359819582,-0.44062769990650263,-1.0014464018041807,1.0940967350337152,6342.0,6342,6342,Q++,0.037768638271313305,8,euclidean,l1,inverse2
452,-36.5467,31.8064,-37.16616458601004,32.6545537354445,-0.6194645860100394,0.8481537354445017,1.050286214452542,8312.0,8312,8312,Q++,0.03319508133200988,8,euclidean,l1,inverse2
453,42.8163,24.4855,42.7521967682576,24.175131158679974,-0.06410323174240062,-0.31036884132002385,0.3169196143853423,7493.0,7493,7493,Q++,0.02666322591327129,8,euclidean,l1,inverse2
454,24.1045,-29.8922,24.3458350273771,-30.22989217232787,0.24133502737709733,-0.33769217232786986,0.41506457171218564,1976.0,1976,1976,Q++,0.03418889801535341,8,euclidean,l1,inverse2
455,-20.4482,15.7085,-20.426502853666435,15.792179631165524,0.021697146333565343,0.08367963116552346,0.08644678612313007,6629.0,6629,6629,Q++,0.029922599911368187,8,euclidean,l1,inverse2
456,-0.430292,35.4996,-0.49975023822889625,35.43196850441247,-0.06945823822889624,-0.06763149558753412,0.09694568609932445,8548.0,8548,8548,Q++,0.0350311996469888,8,euclidean,l1,inverse2
457,43.3379,-13.4603,44.74930004852255,-13.04440998757393,1.4114000485225517,0.41589001242607004,1.4713988580276995,3694.0,3694,3694,Q++,0.028000661683027794,8,euclidean,l1,inverse2
458,-8.43721,-40.534,-8.065604438947359,-45.04219425582189,0.3716055610526414,-4.508194255821891,4.523483850002202,842.0,842,842,Q++,0.028511523539774757,8,euclidean,l1,inverse2
459,-20.726,9.5616,-19.11598081773671,11.084641097938274,1.61001918226329,1.5230410979382736,2.2162617068534067,6330.0,6330,6330,Q++,0.04204088934038419,8,euclidean,l1,inverse2
45,-23.428,45.1489,-23.198067200750813,46.99683698784901,0.22993279924918752,1.8479369878490104,1.8621869410000278,9926.0,9926,9926,Q++,0.02091609834226978,8,euclidean,l1,inverse2
460,0.453183,-3.05884,-0.486106912099121,-3.000894800897147,-0.9392899120991209,0.05794519910285301,0.941075546951595,4848.0,4848,4848,Q++,0.0337150975806531,8,euclidean,l1,inverse2
461,-3.98706,1.89391,-5.536233029021162,1.1958944790908408,-1.5491730290211616,-0.6980155209091592,1.6991653072248991,5244.0,5244,5244,Q++,0.029621681958208766,8,euclidean,l1,inverse2
462,-45.9115,21.9912,-46.64039519673096,22.335730943009438,-0.72889519673096,0.3445309430094383,0.8062194357049685,7204.0,7204,7204,Q++,0.025282632221542176,8,euclidean,l1,inverse2
463,48.4641,48.5165,46.916295078843525,47.69011695185672,-1.5478049211564766,-0.8263830481432777,1.754596539439988,9897.0,9897,9897,Q++,0.028390165954939716,8,euclidean,l1,inverse2
464,1.23851,-44.0398,2.117985143472749,-43.57903991821852,0.8794751434727488,0.46076008178147987,0.9928627200926058,552.0,552,552,Q++,0.020638139366204615,8,euclidean,l1,inverse2
465,-33.7796,36.8111,-34.183163235878425,36.87440211913815,-0.4035632358784227,0.0633021191381502,0.40849778902711825,8716.0,8716,8716,Q++,0.024435325413869186,8,euclidean,l1,inverse2
466,-3.75025,30.9235,-4.722060669758771,29.907451779585873,-0.9718106697587712,-1.0160482204141275,1.405976516184999,8046.0,8046,8046,Q++,0.029359533477078738,8,euclidean,l1,inverse2
467,-37.9636,-12.9256,-38.57080915891367,-12.874425584578303,-0.607209158913669,0.05117441542169665,0.6093617837232638,3710.0,3710,3710,Q++,0.026590502012374565,8,euclidean,l1,inverse2
468,-7.29492,-30.5041,-7.441974533116565,-30.25618548869507,-0.1470545331165649,0.24791451130493058,0.2882475335986302,1942.0,1942,1942,Q++,0.02750473238449181,8,euclidean,l1,inverse2
469,-45.368,-36.6876,-48.225468900953686,-38.47579078196363,-2.857468900953684,-1.7881907819636282,3.370868551666936,1101.0,1101,1101,Q++,0.01863020074660668,8,euclidean,l1,inverse2
46,6.28888,48.2972,5.489640560603434,48.09758408896823,-0.7992394393965654,-0.19961591103176346,0.8237901391883596,9955.0,9955,9955,Q++,0.01940165973540139,8,euclidean,l1,inverse2
470,-24.6736,44.3466,-24.15577121763291,42.638841233689774,0.51782878236709,-1.7077587663102278,1.7845410199144245,9126.0,9126,9126,Q++,0.0238097655198996,8,euclidean,l1,inverse2
471,6.02159,-37.2834,4.387317764692748,-37.55131922864645,-1.634272235307252,-0.26791922864644846,1.656087694590679,1156.0,1156,1156,Q++,0.04328876892910119,8,euclidean,l1,inverse2
472,-44.4347,-25.2198,-46.267041879413846,-25.36591876864489,-1.8323418794138462,-0.14611876864488949,1.8381587139320057,2400.0,2400,2400,Q++,0.04474151694578628,8,euclidean,l1,inverse2
473,-35.3496,-36.1914,-34.24216041684521,-36.20604809654869,1.1074395831547932,-0.014648096548690148,1.1075364540594417,1314.0,1314,1314,Q++,0.03557606513032979,8,euclidean,l1,inverse2
474,-4.87674,-9.61306,-4.470004517560513,-8.22095274578264,0.4067354824394869,1.3921072542173611,1.4503090566909809,4045.0,4045,4045,Q++,0.02793770774679432,8,euclidean,l1,inverse2
475,1.75326,17.4455,2.463868960874298,18.089479872167892,0.710608960874298,0.6439798721678933,0.9589969609087537,6752.0,6752,6752,Q++,0.032387317069935216,8,euclidean,l1,inverse2
476,-23.5289,40.8333,-24.472655228977743,43.09583290995596,-0.9437552289777429,2.262532909955958,2.451474882770902,9225.0,9225,9225,Q++,0.025979563474143808,8,euclidean,l1,inverse2
477,-12.0463,18.2536,-12.626659964955772,18.127471750234402,-0.5803599649557718,-0.12612824976559622,0.5939074206577969,6837.0,6837,6837,Q++,0.034085487057155424,8,euclidean,l1,inverse2
478,-12.8086,9.93718,-12.914764579287505,9.582909615098636,-0.10616457928750478,-0.35427038490136376,0.369835670958675,5937.0,5937,5937,Q++,0.02492348199327814,8,euclidean,l1,inverse2
479,-5.9553,38.1017,-5.6645205057006,37.614452023924486,0.2907794942994002,-0.4872479760755155,0.567418103777718,8743.0,8743,8743,Q++,0.01955720325444344,8,euclidean,l1,inverse2
47,17.6811,-31.7528,18.031831354658753,-32.90500177809717,0.3507313546587518,-1.1522017780971723,1.2044008554426755,1767.0,1767,1767,Q++,0.03862907136484179,8,euclidean,l1,inverse2
480,-25.5889,-41.9202,-25.630758445766766,-45.51894642238718,-0.041858445766767005,-3.5987464223871797,3.5989898502394437,624.0,624,624,Q++,0.023269105886855594,8,euclidean,l1,inverse2
481,-24.2571,-15.5166,-24.59740032465473,-16.424284397788433,-0.34030032465472715,-0.907684397788433,0.9693788098306374,3326.0,3326,3326,Q++,0.02594659757499047,8,euclidean,l1,inverse2
482,1.89909,-28.461,2.819881158931778,-29.010914633029923,0.9207911589317781,-0.5499146330299247,1.072502896027495,2153.0,2153,2153,Q++,0.03304340641546145,8,euclidean,l1,inverse2
483,-37.4258,-13.4317,-37.83426709937801,-14.348721761356757,-0.40846709937800796,-0.9170217613567573,1.00387961533051,3512.0,3512,3512,Q++,0.021432571283229042,8,euclidean,l1,inverse2
484,14.6262,-31.1908,13.957375737237355,-32.285965551414954,-0.6688242627626462,-1.0951655514149543,1.2832433438229938,1663.0,1663,1663,Q++,0.04143177385505253,8,euclidean,l1,inverse2
485,44.1843,45.1094,46.14147085822066,44.571958758495825,1.9571708582206568,-0.537441241504176,2.0296208651710628,9495.0,9495,9495,Q++,0.016841400868747657,8,euclidean,l1,inverse2
486,-49.1871,-26.7905,-45.56566191490085,-26.80932726531474,3.6214380850991503,-0.018827265314737218,3.6214870247076454,2206.0,2206,2206,Q++,0.02873538985688948,8,euclidean,l1,inverse2
487,28.9336,44.6958,28.83394579511789,46.836108903033264,-0.09965420488210697,2.140308903033265,2.1426276300267726,9479.0,9479,9479,Q++,0.023288274875957395,8,euclidean,l1,inverse2
488,43.634,-8.63829,44.36353824642157,-7.54655398892581,0.7295382464215692,1.0917360110741896,1.3130550524894382,4294.0,4294,4294,Q++,0.0263994698418632,8,euclidean,l1,inverse2
489,10.2,22.2678,9.260320643381123,22.734624054974496,-0.9396793566188766,0.4668240549744951,1.0492482983348108,7358.0,7358,7358,Q++,0.03370688963877088,8,euclidean,l1,inverse2
48,4.9118,-24.3224,5.2565927663026955,-24.669640457816516,0.34479276630269506,-0.34724045781651824,0.4893444464171327,2455.0,2455,2455,Q++,0.01666014563819343,8,euclidean,l1,inverse2
490,-10.0383,-3.3544,-10.017981087970872,-4.045018422052423,0.02031891202912739,-0.690618422052423,0.6909172620974425,4639.0,4639,4639,Q++,0.029435768931777472,8,euclidean,l1,inverse2
491,6.1869,30.2381,6.4324335919936715,29.55398067723624,0.24553359199367186,-0.6841193227637596,0.7268466086981902,7856.0,7856,7856,Q++,0.0353744560648949,8,euclidean,l1,inverse2
492,27.7042,-44.1486,27.53869114745063,-47.04516901212151,-0.16550885254936887,-2.8965690121215104,2.9012937152682063,176.0,176,176,Q++,0.027177648846562378,8,euclidean,l1,inverse2
493,-43.0317,43.6091,-42.822463973571956,46.363009930870426,0.2092360264280444,2.753909930870428,2.7618471395249524,9806.0,9806,9806,Q++,0.016482434942341844,8,euclidean,l1,inverse2
494,45.7265,22.4092,45.655042981711965,22.132264232688502,-0.07145701828803652,-0.27693576731149605,0.2860061619598848,7298.0,7298,7298,Q++,0.020948749491531256,8,euclidean,l1,inverse2
495,24.0859,-23.4814,24.478451103567163,-24.039241754319246,0.3925511035671647,-0.5578417543192451,0.6821171393344195,2674.0,2674,2674,Q++,0.04166477526430269,8,euclidean,l1,inverse2
496,46.2247,49.4161,45.43934961440841,46.76841838298663,-0.7853503855915918,-2.647681617013369,2.7617011375634744,9392.0,9392,9392,Q++,0.01952349788552496,8,euclidean,l1,inverse2
497,9.48068,-2.03796,8.852780588026178,-3.5507744083381523,-0.6278994119738215,-1.5128144083381523,1.6379453915294564,4659.0,4659,4659,Q++,0.031783409871066946,8,euclidean,l1,inverse2
498,-13.7973,26.3134,-13.745895724664715,26.331998393550016,0.05140427533528502,0.01859839355001469,0.05466534336658849,7536.0,7536,7536,Q++,0.03639377840165265,8,euclidean,l1,inverse2
499,14.1757,28.5709,15.308160478161243,29.29735474866434,1.1324604781612422,0.726454748664338,1.3454379348205385,7864.0,7864,7864,Q++,0.01996365539386515,8,euclidean,l1,inverse2
49,5.15974,-22.0231,5.70688739001265,-21.591849732975064,0.5471473900126496,0.43125026702493585,0.6966685432877912,2855.0,2855,2855,Q++,0.02868156417824636,8,euclidean,l1,inverse2
4,-40.4178,-15.1907,-44.068974173618685,-16.25878555999142,-3.651174173618685,-1.0680855599914203,3.804192372838455,3407.0,3407,3407,Q++,0.024550732880227605,8,euclidean,l1,inverse2
500,-43.9261,41.5971,-46.557234802598586,45.79724565795182,-2.631134802598588,4.200145657951822,4.956217700773147,9502.0,9502,9502,Q++,0.016200926952340065,8,euclidean,l1,inverse2
501,-25.5351,20.7495,-25.808178847537494,20.76141202962105,-0.27307884753749434,0.011912029621047537,0.2733385326332509,7023.0,7023,7023,Q++,0.03764652184358052,8,euclidean,l1,inverse2
502,-0.68774,-18.3248,-1.572382859275809,-18.416158383052025,-0.8846428592758089,-0.09135838305202526,0.8893477062552977,3247.0,3247,3247,Q++,0.041063771205570136,8,euclidean,l1,inverse2
503,-16.2512,39.3687,-16.1822397419628,38.46764030129676,0.06896025803720107,-0.9010596987032358,0.9036946928115288,8833.0,8833,8833,Q++,0.02318868683347192,8,euclidean,l1,inverse2
504,14.7228,-11.1138,15.064702453744744,-10.852578574111163,0.34190245374474415,0.2612214258888361,0.43027191544426135,3964.0,3964,3964,Q++,0.031940229168511934,8,euclidean,l1,inverse2
505,-23.405,11.6543,-23.07389352990551,12.380705872209655,0.3311064700944897,0.7264058722096554,0.798308828536365,6226.0,6226,6226,Q++,0.026959562078289874,8,euclidean,l1,inverse2
506,-17.1176,-23.9256,-17.328173294346634,-23.86870467478752,-0.2105732943466343,0.056895325212479975,0.21812425432085297,2531.0,2531,2531,Q++,0.03493500811221891,8,euclidean,l1,inverse2
507,-46.1757,34.1208,-44.51980555857529,33.939926714172756,1.6558944414247065,-0.18087328582724638,1.6657435416855697,8307.0,8307,8307,Q++,0.020185961712298445,8,euclidean,l1,inverse2
508,2.64875,-22.6678,3.5783959130601026,-20.81721539028247,0.9296459130601025,1.8505846097175294,2.0709671463817894,2953.0,2953,2953,Q++,0.031759857446722065,8,euclidean,l1,inverse2
509,9.05979,39.9604,9.989431556101524,42.0316359032771,0.9296415561015241,2.071235903277099,2.2702976874971625,9160.0,9160,9160,Q++,0.033290726267091876,8,euclidean,l1,inverse2
50,-43.1655,-21.3385,-41.4214372782083,-21.76643958022089,1.7440627217916997,-0.4279395802208903,1.7957970547539897,2708.0,2708,2708,Q++,0.012082188596723276,8,euclidean,l1,inverse2
510,15.4279,20.7243,16.137074955440056,21.681303852697955,0.7091749554400568,0.9570038526979552,1.1911278233263365,7165.0,7165,7165,Q++,0.03131455987783701,8,euclidean,l1,inverse2
511,-1.66973,-37.0268,-0.9600417705639189,-36.47556599315469,0.709688229436081,0.5512340068453128,0.8986191146992467,1348.0,1348,1348,Q++,0.03750272037313096,8,euclidean,l1,inverse2
512,43.5468,-43.5799,41.605753160816164,-43.2788890542754,-1.9410468391838336,0.30101094572459886,1.9642480549440715,591.0,591,591,Q++,0.014988445670447147,8,euclidean,l1,inverse2
513,12.1557,8.22488,11.346225655093539,8.981170784033573,-0.8094743449064605,0.7562907840335722,1.1078016361586847,5962.0,5962,5962,Q++,0.03572283346285404,8,euclidean,l1,inverse2
514,-37.8125,-22.2956,-38.719400100415115,-21.860077987729756,-0.9069001004151147,0.4355220122702441,1.0060552744779323,2610.0,2610,2610,Q++,0.03128446387919856,8,euclidean,l1,inverse2
515,5.09443,39.6045,5.320619500866307,39.81446545842418,0.2261895008663073,0.20996545842417902,0.3086214251043256,8956.0,8956,8956,Q++,0.02785854670492575,8,euclidean,l1,inverse2
516,8.44969,17.956,7.807593690282819,18.201132216491875,-0.6420963097171812,0.245132216491875,0.6872972242884746,6857.0,6857,6857,Q++,0.0319957524732454,8,euclidean,l1,inverse2
517,23.777,29.7979,23.77497262918471,29.8047813644467,-0.0020273708152913628,0.006881364446702065,0.007173800183377732,7773.0,7773,7773,Q++,0.03747657670407414,8,euclidean,l1,inverse2
518,-27.2088,-30.0523,-27.90465513922661,-29.9786437276282,-0.6958551392266088,0.0736562723717995,0.6997425392583988,1922.0,1922,1922,Q++,0.03542277171544922,8,euclidean,l1,inverse2
519,-36.9062,-26.8272,-36.725392449986025,-27.502400738198062,0.18080755001397364,-0.6752007381980611,0.6989902767601723,2113.0,2113,2113,Q++,0.034503427403319485,8,euclidean,l1,inverse2
51,39.6381,-2.33983,39.93605511519722,-2.5003271338109885,0.29795511519721884,-0.1604971338109884,0.33843253483335534,4789.0,4789,4789,Q++,0.15834265159034985,8,euclidean,l1,inverse2
520,43.625,-46.5639,42.98110751210781,-43.60180606156181,-0.6438924878921881,2.962093938438187,3.031270036815632,494.0,494,494,Q++,0.021462040539779768,8,euclidean,l1,inverse2
521,-22.787,-28.3233,-22.374308083065742,-27.46084677886189,0.4126919169342571,0.8624532211381108,0.956106781146528,2227.0,2227,2227,Q++,0.022593104129493436,8,euclidean,l1,inverse2
522,-32.3765,23.8628,-32.315879108147676,24.16761625655572,0.060620891852323666,0.3048162565557213,0.31078584715140173,7317.0,7317,7317,Q++,0.02509259854360829,8,euclidean,l1,inverse2
523,-41.965,14.5385,-42.13742948960193,14.110690120861753,-0.1724294896019245,-0.4278098791382483,0.46125179844924485,6407.0,6407,6407,Q++,0.025553504156770167,8,euclidean,l1,inverse2
524,-23.4519,19.6395,-22.649975928291564,19.71046073876177,0.8019240717084344,0.07096073876176945,0.8050575403230817,6927.0,6927,6927,Q++,0.03474283198318259,8,euclidean,l1,inverse2
525,-39.0247,-35.396,-38.76786391297103,-34.949287128509944,0.2568360870289723,0.4467128714900568,0.5152835774165967,1411.0,1411,1411,Q++,0.02590845110354425,8,euclidean,l1,inverse2
526,-3.35421,-23.1782,-3.126952865792234,-23.58597646108284,0.22725713420776605,-0.4077764610828396,0.4668269992851433,2446.0,2446,2446,Q++,0.033951143362370886,8,euclidean,l1,inverse2
527,-9.76632,13.6748,-9.79035966371727,14.12623118551967,-0.024039663717269733,0.4514311855196702,0.45207081380170333,6340.0,6340,6340,Q++,0.036901114258974,8,euclidean,l1,inverse2
528,38.1591,-9.31222,39.00143611189582,-8.301291169756231,0.8423361118958184,1.0109288302437687,1.3158674801140877,4188.0,4188,4188,Q++,0.025310687093817646,8,euclidean,l1,inverse2
529,29.0973,48.3815,28.72868146861936,46.66678272701762,-0.3686185313806405,-1.7147172729823836,1.7538913729023706,9779.0,9779,9779,Q++,0.019691268390313786,8,euclidean,l1,inverse2
52,33.0409,0.84508,32.307348407376494,0.5000242373544075,-0.7335515926235061,-0.34505576264559257,0.8106549317529709,5182.0,5182,5182,Q++,0.029781840098337536,8,euclidean,l1,inverse2
530,-41.8818,12.8547,-40.29851767002336,12.463151910608445,1.5832823299766403,-0.39154808939155394,1.6309791055444074,6309.0,6309,6309,Q++,0.029109952312154137,8,euclidean,l1,inverse2
531,-40.1829,-26.5929,-42.614438489773335,-26.653569326512258,-2.431538489773338,-0.06066932651225798,2.432295252313883,2307.0,2307,2307,Q++,0.019303847591339716,8,euclidean,l1,inverse2
532,-5.31862,34.1049,-4.02439069922775,34.309630760180184,1.2942293007722503,0.20473076018018332,1.3103221615852276,8347.0,8347,8347,Q++,0.026887891832053975,8,euclidean,l1,inverse2
533,6.70904,40.369,6.538678434187188,40.21407772759837,-0.17036156581281148,-0.15492227240162748,0.2302693500930529,9056.0,9056,9056,Q++,0.0356356856913539,8,euclidean,l1,inverse2
534,49.9397,-30.1048,47.12215728540765,-30.079924414573956,-2.8175427145923493,0.024875585426045177,2.8176525235207257,2094.0,2094,2094,Q++,0.02811793486394175,8,euclidean,l1,inverse2
535,34.9877,8.11124,34.671819254813094,8.89153845573427,-0.31588074518690235,0.78029845573427,0.8418113358711198,5984.0,5984,5984,Q++,0.04715752377166978,8,euclidean,l1,inverse2
536,0.2546,31.7186,-0.620400937497552,32.443678152229,-0.875000937497552,0.7250781522289991,1.1363824037098667,8348.0,8348,8348,Q++,0.03414555667661765,8,euclidean,l1,inverse2
537,37.195,-40.2726,42.991345946276255,-46.58118309534697,5.796345946276254,-6.308583095346975,8.567137619987832,91.0,91,91,Q++,0.019996307267917384,8,euclidean,l1,inverse2
538,11.0466,-15.7262,11.079364983053036,-15.644528786754698,0.032764983053036545,0.08167121324530235,0.0879984726425716,3462.0,3462,3462,Q++,0.03627881018184864,8,euclidean,l1,inverse2
539,8.40467,16.3675,7.712876555126303,16.956830726163975,-0.6917934448736967,0.5893307261639755,0.9087842841792407,6658.0,6658,6658,Q++,0.027007430044341814,8,euclidean,l1,inverse2
53,9.34408,3.93313,9.51489053487735,3.9439751121529785,0.17081053487735076,0.010845112152978675,0.1711544778341991,5560.0,5560,5560,Q++,0.03241709367010828,8,euclidean,l1,inverse2
540,48.1155,-45.448,46.300858932140606,-44.08533541518266,-1.814641067859391,1.3626645848173382,2.269312004964782,398.0,398,398,Q++,0.014797293564470711,8,euclidean,l1,inverse2
541,-5.95699,-5.61063,-4.1208818499353965,-5.1224777561704435,1.8361081500646037,0.488152243829556,1.8998909842118552,4645.0,4645,4645,Q++,0.022726595657812956,8,euclidean,l1,inverse2
542,-3.06318,30.8892,-4.000332026071852,30.567247590992753,-0.9371520260718516,-0.3219524090072454,0.9909123440729483,7947.0,7947,7947,Q++,0.029256649407762743,8,euclidean,l1,inverse2
543,-30.2897,8.16824,-30.57607370815104,9.619243815770016,-0.28637370815103935,1.4510038157700151,1.4789935679709092,5919.0,5919,5919,Q++,0.03378529997200981,8,euclidean,l1,inverse2
544,-30.3188,-22.1557,-30.247951218504006,-22.26382592829149,0.07084878149599305,-0.10812592829148926,0.12927012883246944,2719.0,2719,2719,Q++,0.03001332128758224,8,euclidean,l1,inverse2
545,23.1582,18.4851,23.23970552828343,17.620201272919044,0.08150552828342938,-0.8648987270809556,0.8687306597830068,6771.0,6771,6771,Q++,0.029597204143120216,8,euclidean,l1,inverse2
546,21.1909,-44.1235,21.792870944083447,-43.0632095505007,0.6019709440834475,1.0602904494992984,1.2192558610973094,571.0,571,571,Q++,0.021257193867755996,8,euclidean,l1,inverse2
547,15.5971,26.6528,15.302155246740504,26.83733549062352,-0.2949447532594949,0.18453549062352081,0.34791630426723014,7664.0,7664,7664,Q++,0.02705591193450383,8,euclidean,l1,inverse2
548,-37.2152,1.25972,-37.68014267044409,1.0518891198676887,-0.46494267044408844,-0.2078308801323112,0.5092792569271316,5112.0,5112,5112,Q++,0.024778000558298804,8,euclidean,l1,inverse2
549,5.16226,-8.80911,4.533742266822793,-9.665730289154965,-0.6285177331772065,-0.8566202891549644,1.0624654633022896,4055.0,4055,4055,Q++,0.03892742706479306,8,euclidean,l1,inverse2
54,-14.5087,42.3897,-14.212761740480662,46.0740341895851,0.29593825951933717,3.684334189585101,3.696200464530169,9736.0,9736,9736,Q++,0.025328650066841405,8,euclidean,l1,inverse2
550,9.5448,-8.16264,9.676255297205229,-8.68795612552243,0.1314552972052283,-0.5253161255224299,0.5415141059078814,4059.0,4059,4059,Q++,0.038377196013207444,8,euclidean,l1,inverse2
551,18.4138,44.5364,18.15435370134396,45.654493894477504,-0.2594462986560373,1.1180938944775036,1.1478006528810605,9568.0,9568,9568,Q++,0.02432847820521191,8,euclidean,l1,inverse2
552,35.1496,-3.31919,35.503706075653284,-3.996274725625753,0.35410607565328434,-0.6770847256257531,0.764090857483762,4685.0,4685,4685,Q++,0.02934147335751031,8,euclidean,l1,inverse2
553,-12.702,9.31204,-12.999975242326709,9.272379198680424,-0.297975242326709,-0.03966080131957561,0.30060310078402686,5937.0,5937,5937,Q++,0.02616131936940045,8,euclidean,l1,inverse2
554,24.5999,37.6292,24.2269519173378,37.838657591143544,-0.3729480826622016,0.209457591143547,0.4277414579498574,8775.0,8775,8775,Q++,0.03809708839570928,8,euclidean,l1,inverse2
555,-32.7716,46.779,-33.16359645125734,46.33616958049267,-0.3919964512573415,-0.44283041950733093,0.5914051050163399,9716.0,9716,9716,Q++,0.02707400824664016,8,euclidean,l1,inverse2
556,-43.6284,40.0197,-44.01274311095511,40.75535575485648,-0.38434311095510765,0.7356557548564808,0.8300054316642204,8911.0,8911,8911,Q++,0.01455517308279629,8,euclidean,l1,inverse2
557,35.0702,37.3625,34.20677648855235,37.65969725895285,-0.8634235114476496,0.2971972589528562,0.9131409370133838,8884.0,8884,8884,Q++,0.022534539163347297,8,euclidean,l1,inverse2
558,-21.6818,-20.1091,-21.818842758354844,-20.38117012166127,-0.1370427583548448,-0.27207012166126887,0.3046356327127246,2828.0,2828,2828,Q++,0.03368990047637199,8,euclidean,l1,inverse2
559,46.9768,31.1932,47.86532532277193,32.00116186707953,0.8885253227719332,0.8079618670795305,1.2009494693206741,8297.0,8297,8297,Q++,0.025645700688842015,8,euclidean,l1,inverse2
55,-34.8514,16.306,-34.59237672721692,15.09729978381736,0.25902327278307524,-1.2087002161826401,1.2361428996856376,6415.0,6415,6415,Q++,0.03155510024465072,8,euclidean,l1,inverse2
560,1.05931,-9.59972,1.8985767804782812,-9.307689213561904,0.8392667804782812,0.29203078643809555,0.8886229284921878,4151.0,4151,4151,Q++,0.038645894676469485,8,euclidean,l1,inverse2
561,-45.3241,-37.2026,-47.18428865812599,-38.62298658973875,-1.8601886581259919,-1.4203865897387544,2.340470018635203,1101.0,1101,1101,Q++,0.014068017461883905,8,euclidean,l1,inverse2
562,39.5155,45.3311,40.266798962858005,45.907557545738655,0.7512989628580016,0.5764575457386556,0.9469706614412841,9489.0,9489,9489,Q++,0.01929461233701469,8,euclidean,l1,inverse2
563,35.0502,48.4597,34.816340243880475,47.31391220009781,-0.23385975611952148,-1.1457877999021875,1.1694101367514211,9784.0,9784,9784,Q++,0.02957961191487209,8,euclidean,l1,inverse2
564,-15.9111,27.2086,-16.314485029955012,27.74096381143137,-0.4033850299550128,0.5323638114313702,0.667930168590656,7634.0,7634,7634,Q++,0.03583191812756209,8,euclidean,l1,inverse2
565,17.1876,-33.2597,16.49258074147316,-33.8376990808447,-0.6950192585268411,-0.5779990808446982,0.9039550360391362,1566.0,1566,1566,Q++,0.034103050751818555,8,euclidean,l1,inverse2
566,13.186,37.4675,12.920757013902149,38.151376793805646,-0.26524298609785113,0.6838767938056449,0.7335129929183214,8762.0,8762,8762,Q++,0.03974073962585525,8,euclidean,l1,inverse2
567,10.5763,-49.7043,11.141547385270426,-43.39969172625073,0.5652473852704265,6.304608273749274,6.329896530906556,961.0,961,961,Q++,0.03378640647721395,8,euclidean,l1,inverse2
568,-47.0997,-23.0554,-48.260080883791474,-22.637434450097757,-1.1603808837914755,0.41796554990224166,1.2333608540787118,2901.0,2901,2901,Q++,0.03945363366845799,8,euclidean,l1,inverse2
569,-15.521,1.06278,-15.295946452037349,1.683528354046167,0.2250535479626521,0.6207483540461669,0.6602860126502781,5234.0,5234,5234,Q++,0.05017430849407997,8,euclidean,l1,inverse2
56,38.7928,-18.5939,39.34061124625759,-18.337471552058105,0.5478112462575879,0.25642844794189656,0.6048575951744192,3189.0,3189,3189,Q++,0.025188966983941026,8,euclidean,l1,inverse2
570,36.6498,-21.1771,36.73096447389533,-21.243937190480384,0.08116447389532766,-0.06683719048038483,0.10514219825558418,2986.0,2986,2986,Q++,0.030642978753326895,8,euclidean,l1,inverse2
571,-41.6066,22.6175,-45.02759430340795,22.633259218017567,-3.4209943034079515,0.015759218017567633,3.4210306015734764,7307.0,7307,7307,Q++,0.02351816020168805,8,euclidean,l1,inverse2
572,30.2342,-11.5984,30.440683699710874,-11.0671071108913,0.20648369971087277,0.5312928891087001,0.5700067124725456,3879.0,3879,3879,Q++,0.03070664533656027,8,euclidean,l1,inverse2
573,-34.5989,49.5322,-34.29884176742988,46.12073200032847,0.3000582325701231,-3.4114679996715296,3.4246385000049235,9415.0,9415,9415,Q++,0.018652960195352047,8,euclidean,l1,inverse2
574,-6.28384,12.8204,-6.739094713793314,11.40029269362657,-0.4552547137933143,-1.4201073063734295,1.4912952813062308,6143.0,6143,6143,Q++,0.038000413794773286,8,euclidean,l1,inverse2
575,11.7428,14.1654,11.962688859379963,13.857193022173613,0.21988885937996194,-0.3082069778263872,0.37860619601413786,6461.0,6461,6461,Q++,0.028249161218099048,8,euclidean,l1,inverse2
576,-27.1995,2.45076,-27.89414346722877,2.0551790572889463,-0.6946434672287687,-0.3955809427110535,0.79938340538178,5222.0,5222,5222,Q++,0.02747762168973986,8,euclidean,l1,inverse2
577,25.4738,42.9855,25.132151677755022,44.28888068693053,-0.34164832224497843,1.3033806869305309,1.3474141127197352,9277.0,9277,9277,Q++,0.025261700512362505,8,euclidean,l1,inverse2
578,45.4188,43.4817,46.63277037217712,42.8150253084104,1.2139703721771227,-0.6666746915895985,1.384983468829122,9397.0,9397,9397,Q++,0.01490709247373417,8,euclidean,l1,inverse2
579,30.768,-8.86809,30.78732042025216,-8.207058300143707,0.01932042025216063,0.6610316998562933,0.6613139850733695,4279.0,4279,4279,Q++,0.042594270195249445,8,euclidean,l1,inverse2
57,-12.4771,6.22654,-12.83739147949936,6.101430176091665,-0.36029147949935947,-0.12510982390833458,0.38139535686504084,5535.0,5535,5535,Q++,0.04619868113467697,8,euclidean,l1,inverse2
580,-38.9472,-36.4419,-38.692536499829345,-36.8828270795742,0.25466350017065764,-0.44092707957420174,0.5091858087388188,1311.0,1311,1311,Q++,0.034571420436738526,8,euclidean,l1,inverse2
581,-16.2292,18.5943,-16.715077615882173,20.083473940206286,-0.48587761588217404,1.4891739402062854,1.566434193257048,7033.0,7033,7033,Q++,0.03313887142561536,8,euclidean,l1,inverse2
582,49.7629,-26.8861,47.2480532782248,-26.589029437571142,-2.5148467217752,0.297070562428857,2.532331920006788,2395.0,2395,2395,Q++,0.030212982294101992,8,euclidean,l1,inverse2
583,-9.24586,-39.8971,-9.5632710723265,-43.73245628505166,-0.31741107232650023,-3.8353562850516596,3.848468217631624,1040.0,1040,1040,Q++,0.027667535987454632,8,euclidean,l1,inverse2
584,42.3799,-14.7832,42.59483067995723,-14.888050338139315,0.21493067995722726,-0.10485033813931466,0.23914177927498295,3593.0,3593,3593,Q++,0.030318435110341487,8,euclidean,l1,inverse2
585,-14.3029,-46.7324,-15.77696023608332,-46.13285288286348,-1.4740602360833215,0.5995471171365168,1.5913234508636909,333.0,333,333,Q++,0.02069067571164819,8,euclidean,l1,inverse2
586,-46.8408,-29.6437,-45.6837155821282,-30.768751991058867,1.1570844178718005,-1.1250519910588679,1.613873084436086,1903.0,1903,1903,Q++,0.02361803581931191,8,euclidean,l1,inverse2
587,13.094,24.3706,13.160286182454445,24.38802584918264,0.06628618245444606,0.017425849182640007,0.06853844325719857,7462.0,7462,7462,Q++,0.03528162949633331,8,euclidean,l1,inverse2
588,32.6481,4.15235,32.303636604309325,3.612968093083949,-0.3444633956906742,-0.5393819069160513,0.6399905253042,5482.0,5482,5482,Q++,0.03272526210795764,8,euclidean,l1,inverse2
589,31.4263,46.9344,29.767513122687486,45.9127533687883,-1.6587868773125152,-1.021646631211695,1.9481621450511788,9378.0,9378,9378,Q++,0.02230683508226318,8,euclidean,l1,inverse2
58,9.87427,-7.26761,9.912699002738847,-5.860243913555422,0.038429002738848084,1.4073660864445783,1.4078906525457973,4360.0,4360,4360,Q++,0.03636004560074284,8,euclidean,l1,inverse2
590,-29.021,8.37616,-28.398453846012025,9.244407624615844,0.622546153987976,0.8682476246158437,1.068371495078503,5820.0,5820,5820,Q++,0.038068205196436854,8,euclidean,l1,inverse2
591,47.7783,-14.6044,46.91934212309667,-14.154746622567158,-0.8589578769033324,0.44965337743284195,0.9695343181811782,3597.0,3597,3597,Q++,0.030059070703133905,8,euclidean,l1,inverse2
592,-4.83212,38.5249,-5.573872360781756,39.048026279499126,-0.7417523607817564,0.5231262794991238,0.9076660558971589,8844.0,8844,8844,Q++,0.029354038842792165,8,euclidean,l1,inverse2
593,29.7017,-29.4921,29.834773478297667,-29.282017466548616,0.1330734782976677,0.21008253345138428,0.248682973859474,2080.0,2080,2080,Q++,0.025016048559052102,8,euclidean,l1,inverse2
594,41.8897,-18.0592,41.905452911127476,-19.341631361263655,0.015752911127478342,-1.2824313612636544,1.2825281090726783,2991.0,2991,2991,Q++,0.030181180938951405,8,euclidean,l1,inverse2
595,4.20264,6.95193,2.4270424330856994,7.605808701298696,-1.7755975669143003,0.6538787012986962,1.892169145622043,5752.0,5752,5752,Q++,0.024623724233156178,8,euclidean,l1,inverse2
596,-32.9278,36.8782,-33.61393190485203,36.45104289468527,-0.6861319048520329,-0.42715710531472695,0.8082327532813403,8716.0,8716,8716,Q++,0.027900850183823777,8,euclidean,l1,inverse2
597,0.933035,32.8781,1.8527504260598076,32.030126008939995,0.9197154260598076,-0.8479739910600088,1.2509741621818626,8251.0,8251,8251,Q++,0.031591997563347796,8,euclidean,l1,inverse2
598,-0.778969,-9.15956,-1.7454248552594656,-9.713447616195543,-0.9664558552594655,-0.5538876161955422,1.1139247782234154,4049.0,4049,4049,Q++,0.03250189182504413,8,euclidean,l1,inverse2
599,-26.0338,-43.8362,-25.58919708278983,-45.504653282699714,0.44460291721016887,-1.6684532826997156,1.7266754502636705,624.0,624,624,Q++,0.018949837053753704,8,euclidean,l1,inverse2
59,-41.2009,11.1573,-39.676376211816404,11.388359280403916,1.5245237881835934,0.2310592804039171,1.5419342306980637,6209.0,6209,6209,Q++,0.018760599175056836,8,euclidean,l1,inverse2
5,42.2222,6.82026,43.98910979532244,6.487092100400189,1.7669097953224409,-0.3331678995998111,1.7980464605037711,5692.0,5692,5692,Q++,0.03404062879477773,8,euclidean,l1,inverse2
600,-18.3834,-3.63056,-18.160242412441555,-4.397066527301104,0.22315758755844683,-0.7665065273011038,0.798330486252469,4532.0,4532,4532,Q++,0.02411758551185542,8,euclidean,l1,inverse2
601,26.8154,7.52293,24.679041491297387,7.009455911388265,-2.136358508702614,-0.5134740886117344,2.1971989708221025,5673.0,5673,5673,Q++,0.030320264671151884,8,euclidean,l1,inverse2
602,42.1661,24.7225,41.567407574333416,24.310413472918714,-0.5986924256665844,-0.4120865270812857,0.7268066636681683,7492.0,7492,7492,Q++,0.0196155612077722,8,euclidean,l1,inverse2
603,36.0661,-35.7368,36.97976463014881,-35.56387005852552,0.9136646301488085,0.17292994147448582,0.9298859182949961,1587.0,1587,1587,Q++,0.026494220218401733,8,euclidean,l1,inverse2
604,38.5287,-48.8056,37.26574213829874,-45.26481786198522,-1.2629578617012598,3.5407821380147766,3.7592819406526976,387.0,387,387,Q++,0.019759146721535316,8,euclidean,l1,inverse2
605,-33.0517,-16.9408,-33.8040184195601,-15.71118447978021,-0.7523184195601047,1.2296155202197898,1.4415052313379921,3316.0,3316,3316,Q++,0.030826045102857365,8,euclidean,l1,inverse2
606,10.4995,-10.37,10.804438767062212,-10.087069773583378,0.3049387670622128,0.2829302264166209,0.4159773607752985,3961.0,3961,3961,Q++,0.030848618293467103,8,euclidean,l1,inverse2
607,9.00226,39.0157,9.493741175561144,39.73604475866247,0.49148117556114457,0.7203447586624705,0.8720380251247405,9059.0,9059,9059,Q++,0.030619546301085442,8,euclidean,l1,inverse2
608,-25.3233,30.8292,-24.887818688747952,30.02743079642052,0.4354813112520475,-0.8017692035794788,0.9124022294242131,8025.0,8025,8025,Q++,0.03123659818886462,8,euclidean,l1,inverse2
609,-37.4387,26.3549,-37.246654869121485,27.046778280378824,0.19204513087851183,0.6918782803788233,0.7180368285499723,7713.0,7713,7713,Q++,0.023732260061077166,8,euclidean,l1,inverse2
60,31.8109,15.2777,31.924188300277347,14.815676812961097,0.11328830027734682,-0.462023187038902,0.4757096428929253,6481.0,6481,6481,Q++,0.020997089522766677,8,euclidean,l1,inverse2
610,21.3456,-25.2698,21.331757763674368,-26.855570175815384,-0.013842236325633195,-1.5857701758153837,1.585830589316541,2471.0,2471,2471,Q++,0.031108395130987856,8,euclidean,l1,inverse2
611,-14.1706,-5.54076,-13.79218339516006,-6.532703383361834,0.37841660483993955,-0.9919433833618347,1.0616735857192223,4335.0,4335,4335,Q++,0.02897773537093635,8,euclidean,l1,inverse2
612,-21.9352,3.45033,-21.589720393894893,3.3287878872304466,0.34547960610510486,-0.12154211276955351,0.3662357757115289,5327.0,5327,5327,Q++,0.02509545862688362,8,euclidean,l1,inverse2
613,5.69743,39.7448,5.442945846107981,39.253615051928975,-0.25448415389201884,-0.4911849480710231,0.5531951172901568,8854.0,8854,8854,Q++,0.03566767688395082,8,euclidean,l1,inverse2
614,-25.9292,-30.0473,-26.006016509683384,-29.966604223252524,-0.0768165096833826,0.08069577674747563,0.11141177920137368,2024.0,2024,2024,Q++,0.03459880863064946,8,euclidean,l1,inverse2
615,4.76915,37.5099,4.467569256167682,37.236097437073305,-0.3015807438323179,-0.27380256292669714,0.40733130068248147,8754.0,8754,8754,Q++,0.0354224293546118,8,euclidean,l1,inverse2
616,36.1175,-23.0813,36.12698182079377,-22.651691106004254,0.009481820793773466,0.429608893995745,0.42971351703875044,2786.0,2786,2786,Q++,0.030547228719709565,8,euclidean,l1,inverse2
617,8.1447,-24.8462,8.279460690525905,-24.422026614735426,0.1347606905259049,0.4241733852645737,0.4450657305138503,2458.0,2458,2458,Q++,0.02179463954665703,8,euclidean,l1,inverse2
618,-19.1647,-48.266,-19.838440527177347,-45.51552965152832,-0.6737405271773476,2.75047034847168,2.8317862623763,329.0,329,329,Q++,0.021076967345758615,8,euclidean,l1,inverse2
619,10.1984,-14.3125,10.367874113819767,-15.032582611201073,0.16947411381976707,-0.7200826112010734,0.7397570156538913,3462.0,3462,3462,Q++,0.0343795409405829,8,euclidean,l1,inverse2
61,32.7923,-12.8603,32.17934586358427,-13.178938334360902,-0.6129541364157305,-0.3186383343609016,0.6908278812218306,3781.0,3781,3781,Q++,0.0359481730460593,8,euclidean,l1,inverse2
620,15.1163,11.6736,15.047291716902153,13.283408272447044,-0.06900828309784757,1.6098082724470437,1.6112866961453658,6464.0,6464,6464,Q++,0.027661895358386777,8,euclidean,l1,inverse2
621,5.99631,24.3823,6.0476866580668815,23.822866459165684,0.0513766580668813,-0.5594335408343163,0.5617877246830353,7456.0,7456,7456,Q++,0.03526967833298986,8,euclidean,l1,inverse2
622,-15.2862,-34.7178,-15.043322371899245,-34.821263465546345,0.24287762810075364,-0.10346346554634778,0.2639966494762922,1535.0,1535,1535,Q++,0.03215462198641872,8,euclidean,l1,inverse2
623,-10.4677,5.86764,-10.728639378303722,4.737075082220762,-0.26093937830372127,-1.130564917779238,1.1602872025764603,5539.0,5539,5539,Q++,0.03466114337993156,8,euclidean,l1,inverse2
624,-24.2326,25.1045,-25.327539116188067,25.49266926965224,-1.0949391161880655,0.38816926965223786,1.1617086769328417,7423.0,7423,7423,Q++,0.02609428976787385,8,euclidean,l1,inverse2
625,-12.5974,-15.5767,-10.205527006450966,-16.30216775120276,2.3918729935490344,-0.7254677512027587,2.4994719192870334,3339.0,3339,3339,Q++,0.03058680796521664,8,euclidean,l1,inverse2
626,44.6363,-37.8889,46.39635007483656,-41.07473404799541,1.7600500748365633,-3.1858340479954137,3.639686091862736,1193.0,1193,1193,Q++,0.023605928470132664,8,euclidean,l1,inverse2
627,26.8467,8.3113,26.191139208196628,8.344079722632168,-0.6555607918033708,0.032779722632168884,0.656379815324713,5977.0,5977,5977,Q++,0.034284756142400626,8,euclidean,l1,inverse2
628,-20.0957,-49.7373,-19.939938871930742,-45.193399151308135,0.15576112806925835,4.543900848691862,4.546569745617022,729.0,729,729,Q++,0.020733162546806252,8,euclidean,l1,inverse2
629,23.3407,-0.287508,22.152161258965624,-0.0063369956801399355,-1.1885387410343746,0.28117100431986003,1.221344125383921,4972.0,4972,4972,Q++,0.036602801227603746,8,euclidean,l1,inverse2
62,-23.167,44.3947,-23.055904336898195,46.192633475468504,0.11109566310180696,1.7979334754685041,1.80136254778717,9426.0,9426,9426,Q++,0.022424913366787848,8,euclidean,l1,inverse2
630,-46.0138,-46.3469,-44.47914840053788,-44.87558300345027,1.5346515994621228,1.4713169965497315,2.126012520204849,303.0,303,303,Q++,0.018826494705414393,8,euclidean,l1,inverse2
631,-12.4287,-30.896,-12.165645626983503,-31.032956349948265,0.26305437301649626,-0.13695634994826378,0.29657148371725367,1839.0,1839,1839,Q++,0.0380267100262556,8,euclidean,l1,inverse2
632,-43.8311,26.4597,-46.64845212269995,26.127477043440045,-2.817352122699951,-0.3322229565599564,2.836872410974339,7503.0,7503,7503,Q++,0.015614468456909617,8,euclidean,l1,inverse2
633,29.7313,27.9067,29.184347800341513,26.942707140891343,-0.5469521996584881,-0.9639928591086573,1.1083496475046772,7779.0,7779,7779,Q++,0.03348647786842745,8,euclidean,l1,inverse2
634,-27.0141,46.9217,-27.502612175469316,47.08213617793448,-0.48851217546931736,0.1604361779344785,0.5141827620331012,9922.0,9922,9922,Q++,0.029926142555454942,8,euclidean,l1,inverse2
635,3.29207,19.421,2.5278528635519955,18.706154869216522,-0.7642171364480044,-0.7148451307834769,1.0464374767016107,6851.0,6851,6851,Q++,0.0277645042474887,8,euclidean,l1,inverse2
636,10.5945,-34.2883,9.210938665745045,-33.664988118222055,-1.3835613342549546,0.6233118817779442,1.5174846515239988,1658.0,1658,1658,Q++,0.02762251545400374,8,euclidean,l1,inverse2
637,15.9089,-18.6682,14.803313071159636,-17.766595656210537,-1.1055869288403635,0.9016043437894616,1.4266088636913388,3066.0,3066,3066,Q++,0.041112003605338565,8,euclidean,l1,inverse2
638,9.04259,-21.1688,9.390666269990675,-23.372698399194725,0.3480762699906741,-2.203898399194724,2.23121609076837,2657.0,2657,2657,Q++,0.03077359537012735,8,euclidean,l1,inverse2
639,-19.9962,21.8162,-20.180041436845567,22.255211609452918,-0.1838414368455652,0.43901160945291906,0.4759504881139259,7230.0,7230,7230,Q++,0.032938608945790905,8,euclidean,l1,inverse2
63,26.1072,-4.24836,26.73006498022145,-4.208247749992537,0.6228649802214505,0.040112250007463324,0.6241552500675848,4577.0,4577,4577,Q++,0.03428286942566895,8,euclidean,l1,inverse2
640,9.1527,-5.64262,9.605037289125228,-6.113051356171505,0.45233728912522864,-0.4704313561715052,0.6526213940735641,4559.0,4559,4559,Q++,0.030859057327119497,8,euclidean,l1,inverse2
641,-3.67899,-5.6189,-3.5,-5.5,0.1789900000000002,0.1189,0.21488282876954146,4446.0,4446,4446,Q++,0.0,8,euclidean,l1,inverse2
642,-34.0085,-33.854,-33.73736240162213,-33.62233944584228,0.27113759837786944,0.23166055415772036,0.356626148237592,1616.0,1616,1616,Q++,0.031022319874796703,8,euclidean,l1,inverse2
643,49.1893,31.3593,47.71553563753085,31.930399382327344,-1.4737643624691543,0.5710993823273434,1.5805492401626677,8297.0,8297,8297,Q++,0.024778677159182267,8,euclidean,l1,inverse2
644,1.04267,1.41611,2.69962063548582,0.7922970010512025,1.65695063548582,-0.6238129989487975,1.770488086967646,5153.0,5153,5153,Q++,0.037662507032113664,8,euclidean,l1,inverse2
645,18.2791,3.30425,18.822312795216614,2.6909055035400384,0.5432127952166148,-0.6133444964599617,0.8193116697721153,5269.0,5269,5269,Q++,0.032229096093885426,8,euclidean,l1,inverse2
646,-25.2749,27.5689,-25.948089119541375,27.731228028385882,-0.6731891195413766,0.16232802838588256,0.6924839200072026,7724.0,7724,7724,Q++,0.015034347018943062,8,euclidean,l1,inverse2
647,28.4816,19.5884,28.176512613481975,20.06969700710836,-0.305087386518025,0.48129700710835976,0.5698465780048726,7076.0,7076,7076,Q++,0.038235395198692367,8,euclidean,l1,inverse2
648,-20.3087,-35.4277,-20.77601942553839,-34.85012184234625,-0.46731942553838834,0.577578157653754,0.7429562394140277,1429.0,1429,1429,Q++,0.028988075318335593,8,euclidean,l1,inverse2
649,18.5888,46.6447,18.319940315783978,46.42376887236234,-0.2688596842160216,-0.22093112763766243,0.3479886391191355,9568.0,9568,9568,Q++,0.02333663578991626,8,euclidean,l1,inverse2
64,42.4093,-41.1341,41.205335307087275,-41.83549376288365,-1.2039646929127272,-0.7013937628836544,1.3933715198727616,792.0,792,792,Q++,0.012771157730632133,8,euclidean,l1,inverse2
650,-38.0514,15.2998,-39.568222582084154,14.974809594374001,-1.5168225820841528,-0.32499040562599824,1.5512477265960416,6510.0,6510,6510,Q++,0.022341576209834377,8,euclidean,l1,inverse2
651,39.3021,-40.5377,42.34470128961144,-42.54980271692529,3.04260128961144,-2.012102716925291,3.647736277611546,893.0,893,893,Q++,0.014095928810107048,8,euclidean,l1,inverse2
652,-48.4688,-3.88062,-45.81613138679859,-3.208128491334926,2.6526686132014135,0.672491508665074,2.7365846598800005,4502.0,4502,4502,Q++,0.02138549247999997,8,euclidean,l1,inverse2
653,-32.6866,3.8638,-32.18896014278896,4.1122582090839215,0.4976398572110412,0.24845820908392158,0.556216602724348,5318.0,5318,5318,Q++,0.030491197139517822,8,euclidean,l1,inverse2
654,-5.66043,-33.9423,-6.903057471888539,-34.438592445749265,-1.2426274718885395,-0.4962924457492619,1.338069215548989,1543.0,1543,1543,Q++,0.038495633403277836,8,euclidean,l1,inverse2
655,49.4584,7.03034,44.89355118238955,7.945480539031219,-4.5648488176104465,0.9151405390312188,4.655676850235403,5798.0,5798,5798,Q++,0.023078539582201733,8,euclidean,l1,inverse2
656,-17.2141,-39.4937,-16.741303908448206,-40.59538600896936,0.4727960915517926,-1.1016860089693665,1.198852871100329,1033.0,1033,1033,Q++,0.02452278015805211,8,euclidean,l1,inverse2
657,10.2799,-13.3007,10.207908230823735,-13.87792194513645,-0.0719917691762646,-0.5772219451364489,0.5816940680256539,3659.0,3659,3659,Q++,0.028456973199369965,8,euclidean,l1,inverse2
658,9.84485,-14.798,9.596855891408213,-15.031873460015172,-0.2479941085917865,-0.23387346001517173,0.34087809139882097,3558.0,3558,3558,Q++,0.03090450122959811,8,euclidean,l1,inverse2
659,45.7374,49.6127,46.36001163821887,48.449389448798634,0.6226116382188707,-1.1633105512013628,1.3194455997054235,9996.0,9996,9996,Q++,0.020506208113163414,8,euclidean,l1,inverse2
65,-4.58801,-23.8165,-4.962911771694967,-23.364822729264876,-0.37490177169496697,0.4516772707351251,0.58699548151477,2745.0,2745,2745,Q++,0.02453342510522617,8,euclidean,l1,inverse2
660,9.4472,-16.8108,10.165169655773141,-16.941628627430973,0.7179696557731408,-0.13082862743097223,0.7297921322996531,3359.0,3359,3359,Q++,0.026446894674408118,8,euclidean,l1,inverse2
661,20.3034,3.58703,20.148615507625042,3.716428574025549,-0.15478449237495795,0.129398574025549,0.20174793689061332,5371.0,5371,5371,Q++,0.03444717780600345,8,euclidean,l1,inverse2
662,-21.883,-37.5619,-22.557964662386667,-38.808183237587265,-0.6749646623866674,-1.2462832375872637,1.4173211364266531,1127.0,1127,1127,Q++,0.030489727511053524,8,euclidean,l1,inverse2
663,-10.3659,16.2879,-10.705992352300525,16.657814294325878,-0.34009235230052504,0.3699142943258771,0.5024931773068327,6639.0,6639,6639,Q++,0.033575050841844194,8,euclidean,l1,inverse2
664,41.325,14.3782,45.653405123711494,15.374097028515969,4.328405123711491,0.9958970285159694,4.441497698567323,6699.0,6699,6699,Q++,0.028791883040971078,8,euclidean,l1,inverse2
665,-18.5849,1.13082,-17.834793674575998,0.11663216819894051,0.750106325424003,-1.0141878318010593,1.26144221334726,5032.0,5032,5032,Q++,0.036613135127211704,8,euclidean,l1,inverse2
666,25.6791,-12.5006,26.271900930502945,-12.514679287503624,0.5928009305029462,-0.014079287503623306,0.5929681016224807,3777.0,3777,3777,Q++,0.03728426901163413,8,euclidean,l1,inverse2
667,47.1971,-43.9851,45.37461425734648,-42.73161381350688,-1.8224857426535195,1.2534861864931202,2.2119407546099454,895.0,895,895,Q++,0.020665649557558324,8,euclidean,l1,inverse2
668,38.829,41.6935,38.94116808008236,43.74982352872615,0.11216808008236256,2.0563235287261463,2.0593805216574506,9087.0,9087,9087,Q++,0.02264779354261198,8,euclidean,l1,inverse2
669,0.741202,-33.0775,0.732704835589034,-33.49553272376515,-0.00849716441096604,-0.4180327237651511,0.4181190738791261,1749.0,1749,1749,Q++,0.03498028622055742,8,euclidean,l1,inverse2
66,-29.5265,-18.7441,-28.92755901242016,-19.133170146567014,0.5989409875798373,-0.3890701465670148,0.714216973722124,3021.0,3021,3021,Q++,0.037379485916559686,8,euclidean,l1,inverse2
670,31.9801,36.5671,31.61057838441463,35.96871984064538,-0.36952161558537,-0.5983801593546261,0.7032816217519762,8681.0,8681,8681,Q++,0.030409267219544858,8,euclidean,l1,inverse2
671,35.0551,-32.9554,34.358749254302204,-32.97638023366399,-0.6963507456977993,-0.020980233663991044,0.6966667289590316,1784.0,1784,1784,Q++,0.03786365270144824,8,euclidean,l1,inverse2
672,-15.5575,4.78555,-15.914553055621365,5.4798784883945855,-0.3570530556213658,0.6943284883945857,0.7807553613808006,5532.0,5532,5532,Q++,0.03823609586996418,8,euclidean,l1,inverse2
673,9.1386,3.04838,8.736075898996601,3.161029891082414,-0.4025241010033991,0.1126498910824143,0.4179900116623296,5259.0,5259,5259,Q++,0.04016573290218496,8,euclidean,l1,inverse2
674,4.1555,-7.17684,4.668685234842946,-7.020273147519004,0.513185234842946,0.15656685248099667,0.5365372909282409,4354.0,4354,4354,Q++,0.031111239642170233,8,euclidean,l1,inverse2
675,-34.83,23.8354,-34.42551606686197,24.01399091863589,0.40448393313803166,0.17859091863589072,0.44215604528946906,7515.0,7515,7515,Q++,0.0370314054888879,8,euclidean,l1,inverse2
676,38.7017,0.833905,41.96138451776991,0.25358388872331256,3.259684517769905,-0.5803211112766875,3.3109388015459045,5092.0,5092,5092,Q++,0.025657886992667068,8,euclidean,l1,inverse2
677,11.5829,15.3499,10.80310784725883,16.832336318885336,-0.7797921527411695,1.4824363188853358,1.6750203703319588,6760.0,6760,6760,Q++,0.03651873147005061,8,euclidean,l1,inverse2
678,46.9515,-8.34095,45.15373944773501,-9.551534029719706,-1.7977605522649895,-1.2105840297197066,2.1673616902336637,3991.0,3991,3991,Q++,0.027107160237393926,8,euclidean,l1,inverse2
679,18.568,12.7273,19.130893978451756,13.118012632656994,0.5628939784517542,0.3907126326569941,0.6852050731678824,6469.0,6469,6469,Q++,0.039185331386201075,8,euclidean,l1,inverse2
67,10.6748,29.505,11.299543681966188,28.849079226576865,0.6247436819661889,-0.6559207734231336,0.9058348244380277,7861.0,7861,7861,Q++,0.03676755837042845,8,euclidean,l1,inverse2
680,2.68572,20.7859,4.299118716667933,20.644694423147737,1.613398716667933,-0.14120557685226487,1.6195661251952371,7052.0,7052,7052,Q++,0.039748773670890164,8,euclidean,l1,inverse2
681,-0.277505,40.7117,0.28078237790544575,41.37788835257699,0.5582873779054458,0.666188352576988,0.8691902653836957,9248.0,9248,9248,Q++,0.026727740758703926,8,euclidean,l1,inverse2
682,-21.3181,-1.11871,-20.71520203742483,-0.19297380265002395,0.6028979625751703,0.9257361973499761,1.1047504063639377,4930.0,4930,4930,Q++,0.0413437954832071,8,euclidean,l1,inverse2
683,-26.5177,19.503,-26.95193768084558,19.69793578996455,-0.43423768084558034,0.19493578996454985,0.4759856359967716,6823.0,6823,6823,Q++,0.035366027263741155,8,euclidean,l1,inverse2
684,-28.5028,19.0275,-27.990974662427426,19.557312141576435,0.5118253375725743,0.5298121415764356,0.7366587280030616,6823.0,6823,6823,Q++,0.03686985746964647,8,euclidean,l1,inverse2
685,-10.658,13.6839,-10.286629078638233,13.911277613697065,0.3713709213617662,0.22737761369706533,0.4354502732157359,6240.0,6240,6240,Q++,0.033009942793137015,8,euclidean,l1,inverse2
686,28.7582,11.8807,28.996649682896116,12.389588654786277,0.23844968289611757,0.5088886547862774,0.5619839092389087,6478.0,6478,6478,Q++,0.03097109610362307,8,euclidean,l1,inverse2
687,-4.29825,40.5984,-4.407498444130151,41.74070754456796,-0.10924844413015045,1.142307544567963,1.1475198250669778,9145.0,9145,9145,Q++,0.025637323316608014,8,euclidean,l1,inverse2
688,-36.1529,0.573898,-36.40580636246985,0.6913012205953945,-0.2529063624698509,0.11740322059539443,0.27882816282417106,5013.0,5013,5013,Q++,0.026149797830615582,8,euclidean,l1,inverse2
689,49.1429,-3.31446,48.55956469629795,-3.2067894609650494,-0.5833353037020501,0.10767053903495061,0.5931888582241239,4699.0,4699,4699,Q++,0.025201034991304425,8,euclidean,l1,inverse2
68,-4.41456,24.4204,-6.634156329354162,24.670768224099938,-2.219596329354162,0.25036822409993675,2.2336723378601047,7541.0,7541,7541,Q++,0.027991445907987623,8,euclidean,l1,inverse2
690,-5.74012,-30.1078,-6.738818737619427,-30.30891606584298,-0.998698737619427,-0.20111606584297803,1.018747682433091,1942.0,1942,1942,Q++,0.03254418052043844,8,euclidean,l1,inverse2
691,-35.4382,-44.5084,-35.01717006571262,-46.29217025260082,0.42102993428738245,-1.7837702526008172,1.8327854537914745,215.0,215,215,Q++,0.015153923940069501,8,euclidean,l1,inverse2
692,-43.2003,-37.7934,-47.46073227791538,-39.26030993486728,-4.260432277915385,-1.4669099348672816,4.505897019652758,1100.0,1100,1100,Q++,0.018002318003683956,8,euclidean,l1,inverse2
693,-30.863,-31.1047,-30.89687321723883,-31.78502554754705,-0.03387321723883119,-0.6803255475470493,0.6811682945435008,1818.0,1818,1818,Q++,0.03266237385260704,8,euclidean,l1,inverse2
694,-9.29494,27.7668,-8.879818073622635,26.932333800803498,0.4151219263773651,-0.8344661991965019,0.9320193406580738,7840.0,7840,7840,Q++,0.03188521060015715,8,euclidean,l1,inverse2
695,25.3989,-27.8626,25.90051731393342,-27.713702098338047,0.5016173139334192,0.14889790166195382,0.5232499543785086,2176.0,2176,2176,Q++,0.02897949390192518,8,euclidean,l1,inverse2
696,-25.9484,-16.998,-26.283787627954126,-16.50244401736508,-0.3353876279541268,0.4955559826349223,0.5983816448638437,3321.0,3321,3321,Q++,0.03758829029809698,8,euclidean,l1,inverse2
697,44.5695,49.1444,44.40352940625372,46.36121987495325,-0.16597059374628031,-2.783180125046748,2.7881244316643623,9692.0,9692,9692,Q++,0.022314924901167026,8,euclidean,l1,inverse2
698,13.3823,-3.36956,14.65663399082436,-1.631473705056827,1.2743339908243598,1.7380862949431728,2.155196299374984,4763.0,4763,4763,Q++,0.03169844030909455,8,euclidean,l1,inverse2
699,30.2334,-8.61655,30.174138932677184,-8.852116357772458,-0.05926106732281511,-0.23556635777245738,0.24290611975497986,4180.0,4180,4180,Q++,0.0344515591947294,8,euclidean,l1,inverse2
69,-18.6651,8.39238,-19.10089626436235,9.319524803782627,-0.4357962643623523,0.9271448037826282,1.0244588187005417,5930.0,5930,5930,Q++,0.02375187754402607,8,euclidean,l1,inverse2
6,9.77295,47.5849,9.593280379888887,46.449056607597,-0.1796696201111132,-1.1358433924029967,1.1499658188208985,9660.0,9660,9660,Q++,0.026295049731438553,8,euclidean,l1,inverse2
700,-41.0358,24.9396,-41.399849245235465,26.19323801114201,-0.36404924523546356,1.2536380111420122,1.3054271775693238,7609.0,7609,7609,Q++,0.02004360900602863,8,euclidean,l1,inverse2
701,-5.64502,-35.2567,-5.433745415514264,-35.10459187422881,0.21127458448573577,0.1521081257711927,0.2603340776295821,1444.0,1444,1444,Q++,0.02653786357979635,8,euclidean,l1,inverse2
702,21.8475,-2.10689,20.927776836368807,-1.5049742673005182,-0.9197231636311933,0.6019157326994817,1.0991784418332289,4871.0,4871,4871,Q++,0.036290052097003055,8,euclidean,l1,inverse2
703,-25.1003,-20.5838,-24.728696782821135,-20.59858147371956,0.37160321717886546,-0.014781473719558846,0.3718970865481539,2925.0,2925,2925,Q++,0.02483663611893097,8,euclidean,l1,inverse2
704,-12.208,39.499,-11.210303547117121,41.37221636238331,0.9976964528828791,1.8732163623833102,2.1223425153343274,9038.0,9038,9038,Q++,0.02710016052431641,8,euclidean,l1,inverse2
705,-38.0542,14.3199,-39.57469339860174,14.859338911383329,-1.5204933986017366,0.5394389113833284,1.613348850777751,6510.0,6510,6510,Q++,0.03197915911320758,8,euclidean,l1,inverse2
706,-48.6775,-47.7809,-45.57325780145562,-46.3484625835002,3.1042421985443838,1.432437416499802,3.4188004591394767,203.0,203,203,Q++,0.01247119321699583,8,euclidean,l1,inverse2
707,-15.2763,-12.5046,-15.64506617311063,-13.015951329320727,-0.36876617311062887,-0.5113513293207266,0.6304511657763292,3835.0,3835,3835,Q++,0.032336369516039784,8,euclidean,l1,inverse2
708,-3.60105,32.1727,-3.3243661684900596,31.748139407301558,0.27668383150994025,-0.42456059269844104,0.5067599426666166,8147.0,8147,8147,Q++,0.02550717975210166,8,euclidean,l1,inverse2
709,-9.84187,-34.0985,-8.465596628225724,-33.90484286589872,1.3762733717742766,0.19365713410127938,1.3898314572074044,1442.0,1442,1442,Q++,0.038697077953294995,8,euclidean,l1,inverse2
70,21.3736,38.0794,21.679376137656828,38.25780173548234,0.305776137656828,0.17840173548233906,0.3540144426198427,8871.0,8871,8871,Q++,0.025495683887048377,8,euclidean,l1,inverse2
710,-32.2995,-14.7318,-31.50661566523186,-14.935717299042253,0.7928843347681429,-0.20391729904225286,0.8186866513931982,3419.0,3419,3419,Q++,0.032333905937023365,8,euclidean,l1,inverse2
711,-32.2881,23.4013,-32.798236462849346,24.49148859665656,-0.5101364628493457,1.09018859665656,1.2036404724868808,7317.0,7317,7317,Q++,0.022669046103468746,8,euclidean,l1,inverse2
712,44.8217,25.8551,43.72241682860473,25.75604081627567,-1.099283171395271,-0.09905918372432865,1.1037373839790765,7694.0,7694,7694,Q++,0.03073095366088355,8,euclidean,l1,inverse2
713,-49.9596,-44.5393,-47.830908021261116,-44.927694236832004,2.1286919787388854,-0.38839423683200636,2.1638344723087273,501.0,501,501,Q++,0.015549488989342932,8,euclidean,l1,inverse2
714,35.9785,-26.7645,36.91979229505745,-26.719350199527856,0.9412922950574512,0.045149800472145785,0.9423744952072919,2386.0,2386,2386,Q++,0.0332092587374751,8,euclidean,l1,inverse2
715,-33.6302,-1.65168,-33.33288580063695,-2.6971733584249313,0.2973141993630506,-1.0454933584249313,1.0869462248214186,4716.0,4716,4716,Q++,0.03906694947441763,8,euclidean,l1,inverse2
716,-49.088,25.581,-47.09468594595538,25.343441436293787,1.9933140540446175,-0.2375585637062123,2.0074199832725457,7403.0,7403,7403,Q++,0.015220182811435124,8,euclidean,l1,inverse2
717,18.4332,38.803,18.452678672619378,39.26270688875294,0.0194786726193783,0.4597068887529403,0.46011937826386007,8968.0,8968,8968,Q++,0.024502884544217906,8,euclidean,l1,inverse2
718,20.0159,-24.7809,20.33709064312529,-26.33947604256217,0.32119064312529133,-1.5585760425621693,1.5913273420889842,2570.0,2570,2570,Q++,0.04142801450437599,8,euclidean,l1,inverse2
719,47.1276,28.7777,48.07598550457054,28.455229586500657,0.9483855045705383,-0.32247041349934236,1.001709654970916,7897.0,7897,7897,Q++,0.02358414855910484,8,euclidean,l1,inverse2
71,-23.4935,-15.0579,-23.665729763423432,-15.466868683747075,-0.17222976342343088,-0.40896868374707473,0.443754972585892,3427.0,3427,3427,Q++,0.03432473138251104,8,euclidean,l1,inverse2
720,-0.003723,-27.78,0.267868802050408,-27.751374879282995,0.27159180205040795,0.02862512071700607,0.2730961451156921,2351.0,2351,2351,Q++,0.03429565631851621,8,euclidean,l1,inverse2
721,-42.5514,14.9518,-41.22613275410446,15.181012311517334,1.3252672458955388,0.22921231151733323,1.3449429567065905,6406.0,6406,6406,Q++,0.02750693757713113,8,euclidean,l1,inverse2
722,33.8712,26.2803,33.72182056626965,26.800428939716497,-0.14937943373035267,0.5201289397164963,0.5411546259177754,7683.0,7683,7683,Q++,0.03680698889170487,8,euclidean,l1,inverse2
723,34.2149,-47.3627,33.823560868669496,-42.325935543010296,-0.39133913133050413,5.036764456989701,5.051944428722991,783.0,783,783,Q++,0.02622309958862799,8,euclidean,l1,inverse2
724,4.71912,-26.9353,5.065674202956522,-25.977608918756466,0.34655420295652206,0.9576910812435351,1.0184655235599493,2454.0,2454,2454,Q++,0.03131757344709953,8,euclidean,l1,inverse2
725,-17.2689,-30.0884,-17.088268619399,-30.33001536348236,0.1806313806009996,-0.24161536348236012,0.30167147615997136,1833.0,1833,1833,Q++,0.036655117184321004,8,euclidean,l1,inverse2
726,31.6567,8.50741,30.64689405061021,8.8377155510569,-1.00980594938979,0.3303055510569006,1.0624546166693511,5780.0,5780,5780,Q++,0.036246774185194605,8,euclidean,l1,inverse2
727,-33.5796,7.50063,-33.937174708348806,8.588148977635534,-0.3575747083488068,1.0875189776355336,1.14479570176,5816.0,5816,5816,Q++,0.029504721002405716,8,euclidean,l1,inverse2
728,-2.28509,-1.1947,-1.6677028244164935,-1.788526641344615,0.6173871755835063,-0.5938266413446149,0.8566195214595598,4848.0,4848,4848,Q++,0.02534764225504529,8,euclidean,l1,inverse2
729,48.3268,-10.4661,46.68789838633531,-10.096870781759552,-1.638901613664686,0.36922921824044863,1.6799787840550737,4096.0,4096,4096,Q++,0.032738264676144345,8,euclidean,l1,inverse2
72,44.8755,-37.5825,46.41867866543301,-38.55022361767178,1.543178665433011,-0.9677236176717798,1.8215074508898847,1197.0,1197,1197,Q++,0.02155531163118567,8,euclidean,l1,inverse2
730,-12.8413,42.7344,-12.728404390636323,45.702345148124266,0.1128956093636777,2.967945148124265,2.970091550927002,9937.0,9937,9937,Q++,0.024532435261490446,8,euclidean,l1,inverse2
731,17.0197,49.3004,16.627535622707285,47.51512649391511,-0.39216437729271547,-1.7852735060848914,1.827838721098233,9466.0,9466,9466,Q++,0.030992557880810158,8,euclidean,l1,inverse2
732,44.3833,42.5575,46.96502197879173,42.032268579437606,2.581721978791734,-0.5252314205623918,2.6346074510109267,9193.0,9193,9193,Q++,0.011137609110872755,8,euclidean,l1,inverse2
733,41.3717,31.6505,41.533746287140325,31.71132202372272,0.16204628714032765,0.060822023722717944,0.17308471262850564,8192.0,8192,8192,Q++,0.022440284952029523,8,euclidean,l1,inverse2
734,-25.9067,-12.3541,-26.642002034096045,-11.912370988930615,-0.7353020340960441,0.4417290110693859,0.8577841223560376,3822.0,3822,3822,Q++,0.023982056348933124,8,euclidean,l1,inverse2
735,44.5395,-36.2684,44.925199529680434,-36.232963824444255,0.3856995296804371,0.03543617555574485,0.38732395966907074,1491.0,1491,1491,Q++,0.02712905260801627,8,euclidean,l1,inverse2
736,34.4864,-12.5292,34.457276577678705,-13.694713200105348,-0.029123422321298165,-1.165513200105348,1.1658770060977761,3683.0,3683,3683,Q++,0.031020346052185573,8,euclidean,l1,inverse2
737,-38.8863,48.9039,-37.1273956042933,46.27022280227745,1.7589043957067005,-2.633677197722548,3.167017564687643,9911.0,9911,9911,Q++,0.01859862902289746,8,euclidean,l1,inverse2
738,16.4019,-32.9959,16.781739078488254,-32.347258270805824,0.3798390784882528,0.6486417291941748,0.7516740107246055,1766.0,1766,1766,Q++,0.024838629802368777,8,euclidean,l1,inverse2
739,15.9633,44.5132,16.92346641675906,45.46211179851321,0.9601664167590584,0.9489117985132154,1.349945609730079,9966.0,9966,9966,Q++,0.032208204772756724,8,euclidean,l1,inverse2
73,17.1957,19.5496,17.228338744454767,19.715977199340607,0.03263874445476844,0.16637719934060513,0.16954840046431324,6966.0,6966,6966,Q++,0.028656382902746733,8,euclidean,l1,inverse2
740,-32.7669,45.4337,-32.97286526218815,45.86968854375466,-0.20596526218815114,0.4359885437546609,0.4821905220071665,9417.0,9417,9417,Q++,0.026589785015085254,8,euclidean,l1,inverse2
741,-0.031061,-41.0926,0.6566037783561782,-43.9280581891828,0.6876647783561782,-2.835458189182802,2.9176541930111366,451.0,451,451,Q++,0.021859265223799357,8,euclidean,l1,inverse2
742,28.2465,19.5283,28.989687358204858,19.072403425555486,0.7431873582048567,-0.45589657444451603,0.8718767894523619,6979.0,6979,6979,Q++,0.032787874891972504,8,euclidean,l1,inverse2
743,-45.0601,4.45641,-44.77653581836048,4.23724904243969,0.2835641816395196,-0.21916095756030973,0.3583855053258186,5404.0,5404,5404,Q++,0.025104282150841362,8,euclidean,l1,inverse2
744,-43.0125,-28.9371,-45.06452384951978,-28.572353465689556,-2.0520238495197773,0.364746534310445,2.0841885503210706,2100.0,2100,2100,Q++,0.03219560884136301,8,euclidean,l1,inverse2
745,15.8907,0.655301,14.901477166491349,0.7720176365395603,-0.9892228335086521,0.11671663653956033,0.9960846287238823,5064.0,5064,5064,Q++,0.04246136852385085,8,euclidean,l1,inverse2
746,43.0374,14.4462,45.196375001218456,14.784544102624213,2.158975001218458,0.3383441026242142,2.185326014046148,6393.0,6393,6393,Q++,0.020630826163112178,8,euclidean,l1,inverse2
747,-20.6137,38.7462,-21.066078776925114,39.127832850414855,-0.4523787769251122,0.38163285041485295,0.5918531830851516,8928.0,8928,8928,Q++,0.032452768371567756,8,euclidean,l1,inverse2
748,44.5522,38.7935,45.53198883781769,40.03419617647187,0.9797888378176935,1.2406961764718716,1.580921620139363,8895.0,8895,8895,Q++,0.01887592963169174,8,euclidean,l1,inverse2
749,25.2265,-9.47025,24.952984931143067,-9.754945843410415,-0.2735150688569341,-0.28469584341041454,0.39479389071638465,4075.0,4075,4075,Q++,0.03579634274490506,8,euclidean,l1,inverse2
74,19.5554,45.3006,18.98507604836227,44.63762400502806,-0.5703239516377288,-0.6629759949719443,0.8745322062226832,9270.0,9270,9270,Q++,0.03364061271855899,8,euclidean,l1,inverse2
750,-33.9251,-8.39092,-33.83120588664795,-8.122876503207861,0.09389411335205011,0.26804349679213857,0.28401306430290285,4216.0,4216,4216,Q++,0.025709057657129167,8,euclidean,l1,inverse2
751,30.3475,-0.504696,30.1013070254069,-0.6339216690278572,-0.2461929745931002,-0.12922566902785715,0.27804721590891024,4980.0,4980,4980,Q++,0.03460994434449197,8,euclidean,l1,inverse2
752,-31.5011,-28.3987,-31.453540653523856,-27.913343560732496,0.04755934647614524,0.4853564392675054,0.48768100698681066,2317.0,2317,2317,Q++,0.027310968858390693,8,euclidean,l1,inverse2
753,-4.44911,29.1925,-5.58631763503841,28.22057432913072,-1.1372076350384095,-0.971925670869279,1.495954783703154,7843.0,7843,7843,Q++,0.017144862212045347,8,euclidean,l1,inverse2
754,-47.8568,3.53203,-46.55266170762699,3.6945552669714483,1.3041382923730112,0.16252526697144853,1.3142264447338343,5402.0,5402,5402,Q++,0.027364732140848988,8,euclidean,l1,inverse2
755,-38.7686,-45.1747,-39.098667413329835,-45.83844779342786,-0.3300674133298358,-0.6637477934278593,0.7412864700118307,711.0,711,711,Q++,0.019945282874428736,8,euclidean,l1,inverse2
756,-34.5958,14.7178,-35.83099888901864,15.295032715221138,-1.2351988890186405,0.5772327152211378,1.3634199290587075,6513.0,6513,6513,Q++,0.024683417776489608,8,euclidean,l1,inverse2
757,-37.3365,-16.7665,-37.50177935638424,-16.99794858747686,-0.1652793563842394,-0.2314485874768586,0.2844041390202004,3312.0,3312,3312,Q++,0.02631012253050743,8,euclidean,l1,inverse2
758,17.888,40.3034,17.37070270376701,40.4620835956125,-0.5172972962329929,0.15868359561249434,0.5410886953231184,9166.0,9166,9166,Q++,0.030915788926178873,8,euclidean,l1,inverse2
759,12.3107,18.3631,11.830286371452237,19.21049020493659,-0.4804136285477636,0.8473902049365911,0.974098256808268,6961.0,6961,6961,Q++,0.037062738475697604,8,euclidean,l1,inverse2
75,38.845,-21.8361,38.26218217225612,-22.34223949197635,-0.5828178277438809,-0.5061394919763522,0.7719156726444774,2988.0,2988,2988,Q++,0.037707705335823696,8,euclidean,l1,inverse2
760,26.0928,-40.65,25.822646255259745,-44.40168699251693,-0.2701537447402558,-3.7516869925169303,3.761401113364262,876.0,876,876,Q++,0.0188615968741379,8,euclidean,l1,inverse2
761,-37.7988,-25.3116,-36.38071605230376,-24.798333080726625,1.418083947696239,0.5132669192733736,1.5081130637767612,2513.0,2513,2513,Q++,0.02046722836265528,8,euclidean,l1,inverse2
762,-33.3819,25.5226,-32.31563012026061,25.27730886998742,1.0662698797393944,-0.24529113001258196,1.094120283562238,7617.0,7617,7617,Q++,0.023561103836523774,8,euclidean,l1,inverse2
763,17.6923,5.66444,18.33482126644128,6.1809498849176014,0.6425212664412818,0.5165098849176015,0.824388281725852,5667.0,5667,5667,Q++,0.03158927535945386,8,euclidean,l1,inverse2
764,-35.0935,26.3195,-35.08014432913397,26.479260630763463,0.013355670866026514,0.15976063076346136,0.1603179125557112,7614.0,7614,7614,Q++,0.03628447048912144,8,euclidean,l1,inverse2
765,-7.16733,-4.02431,-7.054120072637278,-5.3251728684382975,0.11320992736272206,-1.3008628684382977,1.3057797249670362,4542.0,4542,4542,Q++,0.030070379254385826,8,euclidean,l1,inverse2
766,12.7675,-9.80215,12.947177624483684,-8.987770771901044,0.17967762448368418,0.8143792280989555,0.8339649728250883,4063.0,4063,4063,Q++,0.029314989601933267,8,euclidean,l1,inverse2
767,11.5518,-25.6669,10.094956830398157,-24.93075221740426,-1.456843169601843,0.7361477825957365,1.6322700691479226,2458.0,2458,2458,Q++,0.02979461603786238,8,euclidean,l1,inverse2
768,33.6069,-49.776,34.11826608359381,-46.49988502281231,0.5113660835938063,3.276114977187696,3.315784162939983,283.0,283,283,Q++,0.03034280967034088,8,euclidean,l1,inverse2
769,-38.3614,-29.9885,-37.80654495554551,-30.24278014053479,0.5548550444544915,-0.2542801405347923,0.610346221604582,1911.0,1911,1911,Q++,0.029789024883941834,8,euclidean,l1,inverse2
76,10.6623,6.73219,11.082459002166853,6.171652490070273,0.4201590021668533,-0.560537509929727,0.7005254364689869,5661.0,5661,5661,Q++,0.0400586990779965,8,euclidean,l1,inverse2
770,-34.3837,-11.2565,-34.44554255866035,-11.495221494822676,-0.061842558660352154,-0.23872149482267524,0.2466018129536595,3814.0,3814,3814,Q++,0.03964954399984788,8,euclidean,l1,inverse2
771,-41.4042,-20.8193,-41.2177456555922,-20.47090805557873,0.1864543444077995,0.34839194442126953,0.3951482879707,2909.0,2909,2909,Q++,0.0883213058832949,8,euclidean,l1,inverse2
772,-46.9316,34.2334,-45.89082615480948,33.838317653276306,1.0407738451905217,-0.39508234672369724,1.113238634581718,8305.0,8305,8305,Q++,0.03016922125027502,8,euclidean,l1,inverse2
773,-24.0413,21.531,-24.005410685395184,22.07869447211794,0.035889314604816036,0.5476944721179429,0.5488690897576175,7126.0,7126,7126,Q++,0.03273137735087934,8,euclidean,l1,inverse2
774,-48.7716,-21.544,-48.250929997795595,-21.52768538506301,0.5206700022044046,0.01631461493699149,0.5209255396465766,2802.0,2802,2802,Q++,0.02074240914292657,8,euclidean,l1,inverse2
775,-37.5158,-7.84853,-37.6004638005066,-7.328013266885096,-0.08466380050660405,0.5205167331149045,0.5273572115453005,4211.0,4211,4211,Q++,0.024847893238724987,8,euclidean,l1,inverse2
776,34.6132,4.43008,34.96375595866481,4.302186826855753,0.35055595866481326,-0.12789317314424764,0.37315699630626087,5585.0,5585,5585,Q++,0.030746770084963498,8,euclidean,l1,inverse2
777,-25.5038,-30.4444,-25.22763641186103,-30.44215189272482,0.27616358813896724,0.0022481072751823206,0.2761727383361903,1925.0,1925,1925,Q++,0.02473419724568944,8,euclidean,l1,inverse2
778,2.90127,-0.693693,4.009691918639044,-1.576297554183393,1.1084219186390443,-0.882604554183393,1.416894473411738,4853.0,4853,4853,Q++,0.04230700651522356,8,euclidean,l1,inverse2
779,5.41537,23.7282,6.283777467629531,23.504650233194035,0.868407467629531,-0.2235497668059665,0.8967195927790008,7357.0,7357,7357,Q++,0.03982901240949246,8,euclidean,l1,inverse2
77,-30.7817,17.7829,-30.566177528867573,17.454102014007212,0.21552247113242728,-0.3287979859927894,0.39313871744708956,6719.0,6719,6719,Q++,0.03755849774719552,8,euclidean,l1,inverse2
780,36.2332,28.4617,37.5202318633749,28.16309510619704,1.2870318633749065,-0.29860489380295974,1.3212175823630872,7886.0,7886,7886,Q++,0.02322639788345091,8,euclidean,l1,inverse2
781,-39.5089,-4.87357,-39.679551434118665,-4.62386477281216,-0.17065143411866757,0.24970522718783972,0.30244770201092386,4510.0,4510,4510,Q++,0.02951604138592493,8,euclidean,l1,inverse2
782,41.283,49.2028,40.29714005946681,44.71821156221211,-0.9858599405331887,-4.484588437787892,4.591672165855153,9289.0,9289,9289,Q++,0.02171916168184046,8,euclidean,l1,inverse2
783,-22.8127,-16.702,-22.65896745424511,-16.89444666368015,0.15373254575488815,-0.19244666368014762,0.24631161967292292,3326.0,3326,3326,Q++,0.03376352823676858,8,euclidean,l1,inverse2
784,8.05203,11.0362,7.080318080957254,11.153865360874775,-0.9717119190427459,0.11766536087477597,0.9788100892203386,5856.0,5856,5856,Q++,0.03304332387180537,8,euclidean,l1,inverse2
785,-43.5971,-26.678,-46.973954142940485,-25.75731258871839,-3.3768541429404877,0.9206874112816124,3.500115599803351,2403.0,2403,2403,Q++,0.04147054185826203,8,euclidean,l1,inverse2
786,15.5949,-0.63946,15.763488979737152,-0.6823074209589609,0.1685889797371516,-0.04284742095896088,0.17394868660512533,4965.0,4965,4965,Q++,0.03417621411067313,8,euclidean,l1,inverse2
787,17.455,-48.4048,16.64404040170269,-46.5557234202683,-0.810959598297309,1.849076579731701,2.0190937738953134,466.0,466,466,Q++,0.026533062210377784,8,euclidean,l1,inverse2
788,31.0017,36.114,30.850190359638276,36.699357408218695,-0.15150964036172354,0.5853574082186981,0.6046473902027945,8780.0,8780,8780,Q++,0.031548439551988515,8,euclidean,l1,inverse2
789,-28.2649,-14.7301,-28.089143547034702,-14.510267580651806,0.17575645296529885,0.21983241934819375,0.28145447830052983,3423.0,3423,3423,Q++,0.03714058613178242,8,euclidean,l1,inverse2
78,44.1355,-26.8563,45.92088010795462,-28.101874840813913,1.785380107954623,-1.2455748408139122,2.176933350828331,2293.0,2293,2293,Q++,0.03421420312135657,8,euclidean,l1,inverse2
790,-12.3791,43.5531,-12.782945813226034,45.364009473911736,-0.4038458132260345,1.8109094739117353,1.855393371650194,9837.0,9837,9837,Q++,0.021061314527898306,8,euclidean,l1,inverse2
791,-38.5563,48.7021,-38.25925589866201,47.9093416471462,0.2970441013379883,-0.7927583528538023,0.8465819535988035,9911.0,9911,9911,Q++,0.02198162474820289,8,euclidean,l1,inverse2
792,-38.4057,-40.3118,-39.056176074717534,-42.545737045897326,-0.6504760747175311,-2.2339370458973278,2.3267130998067653,911.0,911,911,Q++,0.01407481442599984,8,euclidean,l1,inverse2
793,-13.3659,-27.9998,-13.522021626450908,-28.512199248424746,-0.15612162645090777,-0.5123992484247459,0.5356556282089466,2037.0,2037,2037,Q++,0.03817472050149408,8,euclidean,l1,inverse2
794,-23.091,40.2456,-23.146835236443813,40.297386725105675,-0.055835236443812164,0.051786725105671394,0.07615404471140574,9026.0,9026,9026,Q++,0.023658493360660584,8,euclidean,l1,inverse2
795,30.1041,-46.4906,29.89131277772465,-44.01707201932888,-0.21278722227534885,2.473527980671122,2.482663705201858,780.0,780,780,Q++,0.030112520012219694,8,euclidean,l1,inverse2
796,28.0516,-11.0058,26.792731010835208,-11.083013290328639,-1.2588689891647924,-0.077213290328638,1.2612347220419207,3977.0,3977,3977,Q++,0.04288865957365883,8,euclidean,l1,inverse2
797,-24.9166,34.6484,-25.247546997784497,35.64623547779195,-0.33094699778449765,0.9978354777919449,1.0512856681620135,8526.0,8526,8526,Q++,0.02810098557824109,8,euclidean,l1,inverse2
798,19.7297,-28.7151,20.07439266595142,-28.286750107286416,0.34469266595142045,0.4283498927135838,0.5498151185157027,2170.0,2170,2170,Q++,0.03825005926016123,8,euclidean,l1,inverse2
799,13.3221,0.872521,13.65997365038365,1.68105266549223,0.33787365038364925,0.80853166549223,0.8762887981294818,5263.0,5263,5263,Q++,0.037012051767331945,8,euclidean,l1,inverse2
79,5.55282,21.3308,6.035763031987487,21.573117298808192,0.482943031987487,0.2423172988081923,0.5403254995342767,7254.0,7254,7254,Q++,0.03456953320895857,8,euclidean,l1,inverse2
7,-37.2186,30.3509,-38.01809848175816,29.58985810841081,-0.7994984817581567,-0.7610418915891906,1.1038036886544866,8011.0,8011,8011,Q++,0.03267118630679104,8,euclidean,l1,inverse2
800,-20.6773,-8.0491,-20.334200485862933,-7.913810250197088,0.34309951413706585,0.13528974980291153,0.3688096975444451,4129.0,4129,4129,Q++,0.02724908955230965,8,euclidean,l1,inverse2
801,42.2883,-8.16917,42.91203320611488,-7.985629108745341,0.6237332061148777,0.18354089125465833,0.6501771844450548,4191.0,4191,4191,Q++,0.027174453458605256,8,euclidean,l1,inverse2
802,35.2958,10.171,35.08505909520727,11.226956650384095,-0.2107409047927291,1.0559566503840951,1.0767804680821695,6185.0,6185,6185,Q++,0.033586511718538,8,euclidean,l1,inverse2
803,25.8836,44.2446,25.769393400358325,47.34583219068751,-0.11420659964167612,3.1012321906875115,3.103334375789721,9975.0,9975,9975,Q++,0.01929992333202919,8,euclidean,l1,inverse2
804,7.52688,-43.2565,6.166226164643786,-44.352341842784824,-1.3606538353562145,-1.0958418427848216,1.747068460040307,556.0,556,556,Q++,0.022914395186838517,8,euclidean,l1,inverse2
805,-11.4176,23.1014,-10.630644147997394,22.92390771960739,0.7869558520026061,-0.1774922803926131,0.8067236345862923,7239.0,7239,7239,Q++,0.032199270416688346,8,euclidean,l1,inverse2
806,-17.835,-40.2528,-16.922061375922976,-40.9771060317379,0.9129386240770252,-0.7243060317378962,1.1653652470120903,1033.0,1033,1033,Q++,0.019621296418892684,8,euclidean,l1,inverse2
807,-13.3703,26.2042,-13.504732416054482,25.654068116708384,-0.13443241605448186,-0.5501318832916162,0.5663189591566097,7436.0,7436,7436,Q++,0.02958985962503271,8,euclidean,l1,inverse2
808,-5.12356,-3.14965,-4.455701196179382,-3.251729038709377,0.6678588038206179,-0.10207903870937729,0.6756149139743269,4644.0,4644,4644,Q++,0.02264032814073467,8,euclidean,l1,inverse2
809,41.3934,-25.0233,41.78544190561913,-25.10287418723763,0.39204190561913066,-0.07957418723763254,0.4000361321630949,2491.0,2491,2491,Q++,0.022254488605600857,8,euclidean,l1,inverse2
80,42.8773,-7.11313,43.33452606060826,-6.402044367637919,0.45722606060826365,0.7110856323620807,0.8453983954628325,4292.0,4292,4292,Q++,0.027060667627050686,8,euclidean,l1,inverse2
810,24.3895,-2.69832,24.55738321834451,-3.7629845300591422,0.1678832183445067,-1.0646645300591424,1.0778197143157866,4574.0,4574,4574,Q++,0.03270947468120181,8,euclidean,l1,inverse2
811,-36.0863,-22.9825,-35.54811596163535,-21.91089078192149,0.5381840383646548,1.0716092180785104,1.1991615301623566,2714.0,2714,2714,Q++,0.029122031926992906,8,euclidean,l1,inverse2
812,-38.3436,27.9866,-37.728188701941676,27.743652309772283,0.6154112980583264,-0.2429476902277159,0.6616302940198676,7712.0,7712,7712,Q++,0.026068237791902725,8,euclidean,l1,inverse2
813,0.620574,17.6757,1.1746068507115208,17.95140882224532,0.5540328507115209,0.27570882224532056,0.6188438852662569,6851.0,6851,6851,Q++,0.024945928095149398,8,euclidean,l1,inverse2
814,28.3998,21.3481,28.62102044132581,20.945767176446243,0.2212204413258121,-0.4023328235537562,0.45914070236597954,7078.0,7078,7078,Q++,0.021976082047943313,8,euclidean,l1,inverse2
815,-25.9349,38.4271,-25.70063631166917,39.34980925115515,0.23426368833082734,0.9227092511551476,0.9519831079581487,8924.0,8924,8924,Q++,0.038868632988799466,8,euclidean,l1,inverse2
816,40.6236,-1.4258,40.46904525821689,-2.1930240557260414,-0.1545547417831159,-0.7672240557260415,0.7826365183738627,4791.0,4791,4791,Q++,0.022104981125495297,8,euclidean,l1,inverse2
817,17.9767,6.92929,18.795207808529298,6.706515256279531,0.8185078085292972,-0.22277474372046857,0.8482827471210015,5667.0,5667,5667,Q++,0.0364564851438084,8,euclidean,l1,inverse2
818,-30.9766,-36.2734,-31.57244207012926,-35.85339694760861,-0.5958420701292582,0.4200030523913938,0.7289926862143459,1418.0,1418,1418,Q++,0.020196354311406144,8,euclidean,l1,inverse2
819,7.15009,-36.7934,6.650723521725578,-36.4076670183951,-0.49936647827442204,0.385732981604896,0.6309966820213889,1257.0,1257,1257,Q++,0.04016685929106055,8,euclidean,l1,inverse2
81,49.3897,24.8457,47.2422231075247,23.78945019867685,-2.1474768924752965,-1.0562498013231512,2.3931821172887267,7396.0,7396,7396,Q++,0.022521508884439642,8,euclidean,l1,inverse2
820,37.96,7.44921,37.98536306814528,7.629818664415958,0.025363068145281886,0.18060866441595813,0.18238085120938105,5887.0,5887,5887,Q++,0.031379564186797514,8,euclidean,l1,inverse2
821,-45.0669,-36.9359,-47.640737021540545,-37.4808556851049,-2.573837021540548,-0.5449556851049024,2.6308959903768288,1201.0,1201,1201,Q++,0.013564896071655366,8,euclidean,l1,inverse2
822,-29.5854,43.9241,-29.479775179620372,44.157852215039604,0.10562482037962795,0.2337522150396012,0.2565086757132176,9320.0,9320,9320,Q++,0.023244751508550415,8,euclidean,l1,inverse2
823,12.3574,49.0772,11.919528413462059,47.29710997663004,-0.4378715865379412,-1.780090023369958,1.8331535717441982,9861.0,9861,9861,Q++,0.020201329788404585,8,euclidean,l1,inverse2
824,23.4026,-32.4795,23.557298795177015,-31.672172897091865,0.15469879517701557,0.8073271029081361,0.8220150657495667,1974.0,1974,1974,Q++,0.036840179540579755,8,euclidean,l1,inverse2
825,6.01302,-1.6111,6.279238623200748,-1.9028125502302726,0.2662186232007482,-0.29171255023027265,0.3949285597430898,4856.0,4856,4856,Q++,0.037368405088249824,8,euclidean,l1,inverse2
826,-36.3318,-41.516,-36.90927321009593,-45.288270984481514,-0.5774732100959312,-3.7722709844815157,3.8162158860236985,212.0,212,212,Q++,0.02402951492235088,8,euclidean,l1,inverse2
827,48.3003,-7.24052,45.756111878950925,-8.111850555962766,-2.544188121049075,-0.871330555962766,2.689258286784965,4397.0,4397,4397,Q++,0.03125655101321513,8,euclidean,l1,inverse2
828,-34.3609,-10.0435,-34.79303205608319,-9.48967200867232,-0.4321320560831907,0.5538279913276796,0.702469613487116,4014.0,4014,4014,Q++,0.030084802340232763,8,euclidean,l1,inverse2
829,25.6336,20.9042,24.89969062351095,20.67548613001415,-0.7339093764890521,-0.22871386998584953,0.7687216708422192,7075.0,7075,7075,Q++,0.04139601877737883,8,euclidean,l1,inverse2
82,44.2827,31.9737,45.26162235492983,32.026701295954936,0.9789223549298285,0.0530012959549353,0.9803561160895891,8196.0,8196,8196,Q++,0.024219426047677572,8,euclidean,l1,inverse2
830,33.6977,16.3753,33.43076427776809,15.729674650650137,-0.2669357222319064,-0.6456253493498618,0.6986320716418626,6682.0,6682,6682,Q++,0.03229697426639118,8,euclidean,l1,inverse2
831,11.5141,40.7698,12.389448397423848,40.84090671150342,0.8753483974238492,0.0711067115034254,0.8782317355307382,9061.0,9061,9061,Q++,0.026980773367561516,8,euclidean,l1,inverse2
832,-5.06028,38.2241,-4.268309832092627,37.41954444065418,0.7919701679073725,-0.8045555593458218,1.1289492437348545,8844.0,8844,8844,Q++,0.035402925600979525,8,euclidean,l1,inverse2
833,-29.0305,3.72781,-28.636460287835863,3.305591787105695,0.3940397121641368,-0.42221821289430483,0.5775253362944835,5221.0,5221,5221,Q++,0.03347255589636824,8,euclidean,l1,inverse2
834,-37.7087,19.5271,-37.25721466287912,19.38276003016354,0.4514853371208787,-0.14433996983646225,0.4739968739638947,6912.0,6912,6912,Q++,0.033486557898724324,8,euclidean,l1,inverse2
835,-20.4386,-5.58877,-20.835020036372335,-5.980673366159504,-0.3964200363723336,-0.3919033661595037,0.5574379729123163,4229.0,4229,4229,Q++,0.027225681329552946,8,euclidean,l1,inverse2
836,-0.290954,-40.9266,0.7479913470095252,-42.599035431902244,1.0389453470095251,-1.6724354319022439,1.9688696523525338,1050.0,1050,1050,Q++,0.019758453714379752,8,euclidean,l1,inverse2
837,26.3104,-32.013,25.534550296514382,-32.02131689759321,-0.7758497034856191,-0.008316897593211081,0.7758942796440111,1775.0,1775,1775,Q++,0.03725422439647729,8,euclidean,l1,inverse2
838,2.76778,46.7631,3.898801845436584,46.72965230706446,1.131021845436584,-0.03344769293553895,1.131516311423519,9753.0,9753,9753,Q++,0.014874147154351005,8,euclidean,l1,inverse2
839,-14.8569,37.8676,-15.351790895933894,38.16884978054857,-0.494890895933894,0.30124978054856655,0.5793689922310408,8734.0,8734,8734,Q++,0.03152458028476956,8,euclidean,l1,inverse2
83,-5.19244,11.7315,-5.41722855173877,11.186418467032729,-0.22478855173876955,-0.5450815329672718,0.5896132381271341,6144.0,6144,6144,Q++,0.03809921885008549,8,euclidean,l1,inverse2
840,23.6544,22.7102,23.913345954443137,22.718651377035954,0.2589459544431385,0.008451377035953556,0.25908383410832836,7275.0,7275,7275,Q++,0.032114704561763796,8,euclidean,l1,inverse2
841,-44.6981,26.1212,-46.460397930971375,27.132783771840014,-1.7622979309713784,1.0115837718400122,2.0319930425461763,7602.0,7602,7602,Q++,0.018374621623352273,8,euclidean,l1,inverse2
842,7.81046,-32.52,7.634012674159344,-32.63298801444216,-0.17644732584065626,-0.11298801444215911,0.20952314956562743,1757.0,1757,1757,Q++,0.039897375904035186,8,euclidean,l1,inverse2
843,13.5407,1.71546,13.859719039232889,1.7819010621360782,0.31901903923288977,0.06644106213607825,0.32586433086615396,5263.0,5263,5263,Q++,0.03725419583290794,8,euclidean,l1,inverse2
844,0.7596,-3.60521,0.4949421280647888,-3.08366084654317,-0.26465787193521123,0.5215491534568302,0.5848566564969666,4650.0,4650,4650,Q++,0.030465451038982478,8,euclidean,l1,inverse2
845,19.902,-18.8522,20.22514801608738,-18.130438222660427,0.3231480160873801,0.721761777339573,0.7908000401679233,3170.0,3170,3170,Q++,0.03389723497754682,8,euclidean,l1,inverse2
846,37.9759,40.0367,37.23273782972791,40.72819095183526,-0.7431621702720932,0.6914909518352559,1.0151107071613203,9086.0,9086,9086,Q++,0.03132828208817598,8,euclidean,l1,inverse2
847,35.4379,-44.4322,35.468522527885426,-42.08709184767049,0.030622527885427075,2.3451081523295088,2.345308078981611,985.0,985,985,Q++,0.025247379131129694,8,euclidean,l1,inverse2
848,-44.8634,8.12177,-42.746110052320866,7.013186471481173,2.117289947679133,-1.1085835285188264,2.3899527531410234,5608.0,5608,5608,Q++,0.02343016151714115,8,euclidean,l1,inverse2
849,3.04908,-40.6218,3.5103159949113274,-41.20591133267577,0.4612359949113274,-0.5841113326757679,0.7442611718759105,953.0,953,953,Q++,0.00944433611760616,8,euclidean,l1,inverse2
84,-11.888,11.9109,-12.542583037737213,11.447168674753845,-0.654583037737213,-0.46373132524615457,0.8022005331011894,6237.0,6237,6237,Q++,0.03657104547482498,8,euclidean,l1,inverse2
850,-38.3235,-3.08159,-39.04519227495696,-3.361507796223723,-0.7216922749569576,-0.27991779622372315,0.774076037851124,4511.0,4511,4511,Q++,0.03640172839463588,8,euclidean,l1,inverse2
851,-13.2776,-4.29802,-13.603525325720645,-6.005164891382687,-0.3259253257206449,-1.7071448913826872,1.7379789981815417,4337.0,4337,4337,Q++,0.03837857320274603,8,euclidean,l1,inverse2
852,-21.772,29.2701,-22.39668447513918,29.480844779405473,-0.6246844751391798,0.21074477940547354,0.6592754018819253,7928.0,7928,7928,Q++,0.031208060843315198,8,euclidean,l1,inverse2
853,-31.0466,45.2505,-31.625957861322117,44.04833686648306,-0.5793578613221158,-1.2021631335169403,1.3344855679485652,9418.0,9418,9418,Q++,0.026724643568380564,8,euclidean,l1,inverse2
854,27.507,-36.0692,27.475651352293504,-36.632558949641854,-0.0313486477064977,-0.5633589496418523,0.5642304882356121,1377.0,1377,1377,Q++,0.02661665473506701,8,euclidean,l1,inverse2
855,38.8694,10.3364,38.11870931942741,10.992774602530648,-0.750690680572589,0.6563746025306489,0.9971780767474806,6187.0,6187,6187,Q++,0.02996364719691087,8,euclidean,l1,inverse2
856,-15.9185,25.0629,-15.898518311967685,25.12396642553617,0.019981688032315148,0.06106642553617192,0.06425244107725088,7534.0,7534,7534,Q++,0.027750650804217174,8,euclidean,l1,inverse2
857,-3.3098,-31.8631,-3.0875986995829656,-30.71473749918838,0.22220130041703445,1.1483625008116185,1.1696622808218344,1947.0,1947,1947,Q++,0.03972516750057427,8,euclidean,l1,inverse2
858,34.4627,-40.765,34.39697970736946,-42.50065752882617,-0.06572029263053736,-1.7356575288261666,1.7369013254167316,584.0,584,584,Q++,0.028708372126016228,8,euclidean,l1,inverse2
859,19.2027,-5.65199,17.823314293718653,-5.606904444564384,-1.3793857062813473,0.04508555543561599,1.3801223257386388,4469.0,4469,4469,Q++,0.02029904420886104,8,euclidean,l1,inverse2
85,-35.1795,19.4453,-34.80923433490572,19.902275239929516,0.37026566509427994,0.45697523992951616,0.5881522189504588,6915.0,6915,6915,Q++,0.03334982600324288,8,euclidean,l1,inverse2
860,-40.1705,-10.4862,-40.56363444523501,-10.253528828248411,-0.3931344452350132,0.2326711717515888,0.45682662596930457,3909.0,3909,3909,Q++,0.03075620356186528,8,euclidean,l1,inverse2
861,-4.02877,36.5191,-4.8877434497779815,36.35230435376161,-0.8589734497779817,-0.16679564623839127,0.8750178141201295,8645.0,8645,8645,Q++,0.03578615756216663,8,euclidean,l1,inverse2
862,-39.3319,-23.6692,-39.547097483856284,-22.91109791987142,-0.21519748385628645,0.7581020801285803,0.7880537551165891,2711.0,2711,2711,Q++,0.026540553323971816,8,euclidean,l1,inverse2
863,-25.4249,25.7134,-25.33725443129704,26.887611431211923,0.08764556870296047,1.1742114312119227,1.1774779110038613,7524.0,7524,7524,Q++,0.025648813088977228,8,euclidean,l1,inverse2
864,-43.7599,-44.7941,-46.20219436070971,-45.34662475725242,-2.4422943607097096,-0.5525247572524208,2.5040138481508634,302.0,302,302,Q++,0.014654051637386535,8,euclidean,l1,inverse2
865,-20.9017,35.7166,-20.937611956842765,36.10579768699165,-0.035911956842763715,0.38919768699165047,0.3908510051207842,8628.0,8628,8628,Q++,0.03429711931262249,8,euclidean,l1,inverse2
866,-23.196,-38.9239,-23.397305927903457,-40.335109279035706,-0.20130592790345503,-1.4112092790357025,1.4254948985687526,1026.0,1026,1026,Q++,0.028428248595523353,8,euclidean,l1,inverse2
867,-29.8379,-16.3274,-31.042231938119908,-16.30406200961205,-1.204331938119907,0.023337990387950924,1.2045580430062304,3418.0,3418,3418,Q++,0.03546202432327161,8,euclidean,l1,inverse2
868,1.83022,-26.4546,1.7020059218900316,-27.790068099825987,-0.12821407810996832,-1.335468099825988,1.3416086968555414,2152.0,2152,2152,Q++,0.03440556422283047,8,euclidean,l1,inverse2
869,39.9052,27.022,37.279116293166666,26.686314432049407,-2.6260837068333345,-0.33568556795059123,2.647451687156126,7588.0,7588,7588,Q++,0.021608136947638648,8,euclidean,l1,inverse2
86,6.57995,11.7971,5.474046199970154,11.89234028153032,-1.1059038000298465,0.09524028153031949,1.1099972640265512,6256.0,6256,6256,Q++,0.025086041308386493,8,euclidean,l1,inverse2
870,-18.7323,7.26268,-18.948355222273456,8.186410053847542,-0.2160552222734573,0.9237300538475424,0.9486606724497525,5731.0,5731,5731,Q++,0.03005892665832455,8,euclidean,l1,inverse2
871,-14.6789,-45.1417,-13.31530645676853,-41.98947696069252,1.3635935432314703,3.1522230393074793,3.4345156049555863,1035.0,1035,1035,Q++,0.020239094041991475,8,euclidean,l1,inverse2
872,30.5353,28.5167,30.50709182242792,28.465921495614758,-0.028208177572079052,-0.05077850438524223,0.05808750114732091,7880.0,7880,7880,Q++,0.02519084420895942,8,euclidean,l1,inverse2
873,-21.3464,16.179,-20.297216019238043,17.22014930430905,1.0491839807619563,1.0411493043090516,1.4780997596071543,6628.0,6628,6628,Q++,0.02202552217554758,8,euclidean,l1,inverse2
874,-44.7026,13.5838,-43.739593124673135,14.552907927917367,0.9630068753268617,0.9691079279173671,1.366218290713127,6507.0,6507,6507,Q++,0.02052524895619453,8,euclidean,l1,inverse2
875,-43.3648,13.3165,-42.32766793803966,13.892198681137547,1.0371320619603424,0.5756986811375473,1.1862006092603488,6306.0,6306,6306,Q++,0.016643037799836006,8,euclidean,l1,inverse2
876,17.8332,-0.654709,17.597106925591945,-1.1108055026519046,-0.23609307440805694,-0.4560965026519046,0.5135795551954411,4967.0,4967,4967,Q++,0.030453206946846653,8,euclidean,l1,inverse2
877,-14.5234,-43.1815,-13.939430245003571,-42.28512599277295,0.5839697549964296,0.8963740072270525,1.0698163560082983,636.0,636,636,Q++,0.021041660207390896,8,euclidean,l1,inverse2
878,-6.95646,-42.6498,-6.9186591006455656,-45.303759817000135,0.037800899354434314,-2.6539598170001355,2.654229006367649,843.0,843,843,Q++,0.01733539567641403,8,euclidean,l1,inverse2
879,-25.664,-24.2523,-26.085008604906328,-25.310269185517114,-0.4210086049063264,-1.0579691855171127,1.1386601964189818,2524.0,2524,2524,Q++,0.0218860454872706,8,euclidean,l1,inverse2
87,-29.607,0.488632,-30.457823213605632,1.1652732828418588,-0.8508232136056328,0.6766412828418589,1.08708029439232,5120.0,5120,5120,Q++,0.029399343814320716,8,euclidean,l1,inverse2
880,12.4325,-35.8759,13.247829603685455,-33.911408604444276,0.8153296036854556,1.9644913955557257,2.126967043905092,1563.0,1563,1563,Q++,0.03150574381179501,8,euclidean,l1,inverse2
881,-14.6289,31.5076,-14.22272643361744,32.67032339496429,0.4061735663825594,1.1627233949642921,1.231626022469977,8235.0,8235,8235,Q++,0.028689876248561258,8,euclidean,l1,inverse2
882,-27.281,7.80479,-26.96593146793009,8.616196214740286,0.31506853206990826,0.8114062147402867,0.8704299082751277,5822.0,5822,5822,Q++,0.03719245652505201,8,euclidean,l1,inverse2
883,38.1369,-49.9694,37.680269518194535,-46.14329124172221,-0.45663048180546184,3.8261087582777904,3.853260908254709,187.0,187,187,Q++,0.019920427416483134,8,euclidean,l1,inverse2
884,48.8819,0.810068,46.430766054408274,0.695915894169784,-2.451133945591728,-0.11415210583021596,2.4537906028219982,5194.0,5194,5194,Q++,0.03138206603439452,8,euclidean,l1,inverse2
885,40.3306,-17.5705,40.62565883421088,-16.9237972859881,0.2950588342108844,0.6467027140118979,0.7108333953580409,3290.0,3290,3290,Q++,0.030717267349357164,8,euclidean,l1,inverse2
886,43.3832,48.3609,43.146680744207984,47.23390669719316,-0.23651925579201816,-1.126993302806838,1.151544729019188,9993.0,9993,9993,Q++,0.01760502541620168,8,euclidean,l1,inverse2
887,-35.7324,-48.3982,-36.36394075517437,-45.04378267189247,-0.6315407551743704,3.3544173281075302,3.4133501631907435,413.0,413,413,Q++,0.014537983969593162,8,euclidean,l1,inverse2
888,20.6644,-41.5839,21.38119143785367,-42.342278605976475,0.7167914378536686,-0.7583786059764748,1.043517165830611,770.0,770,770,Q++,0.017639297108554032,8,euclidean,l1,inverse2
889,17.0703,-39.6261,17.643154065950597,-42.87078271067803,0.5728540659505974,-3.2446827106780276,3.2948638323683492,1067.0,1067,1067,Q++,0.02823369552555975,8,euclidean,l1,inverse2
88,47.6093,-49.68,45.199584661235235,-47.26776415420602,-2.4097153387647623,2.4122358457939796,3.4096348469611186,197.0,197,197,Q++,0.018301041509015674,8,euclidean,l1,inverse2
890,45.591,-23.8245,45.72847755383826,-23.231244718540836,0.13747755383825933,0.5932552814591645,0.6089761134794566,2596.0,2596,2596,Q++,0.01717532944574733,8,euclidean,l1,inverse2
891,-17.3933,-43.4355,-16.065871749453933,-43.62322744292089,1.3274282505460668,-0.18772744292089527,1.3406369207109767,633.0,633,633,Q++,0.018311197584976496,8,euclidean,l1,inverse2
892,-9.8367,-47.0463,-9.44070089652137,-45.97325570371729,0.3959991034786299,1.0730442962827098,1.1437829128557282,240.0,240,240,Q++,0.02506564521212571,8,euclidean,l1,inverse2
893,44.8657,-24.0012,46.54382221891133,-23.90114460673701,1.6781222189113336,0.10005539326299129,1.6811023952528619,2695.0,2695,2695,Q++,0.020254142685114458,8,euclidean,l1,inverse2
894,34.5845,-33.7688,35.058459499191876,-33.73630139920464,0.47395949919187785,0.032498600795356936,0.47507237967268906,1583.0,1583,1583,Q++,0.03787528458889032,8,euclidean,l1,inverse2
895,-3.80655,-2.59889,-3.2412753855261536,-3.138679773977605,0.5652746144738465,-0.539789773977605,0.7816062882675329,4745.0,4745,4745,Q++,0.022647415946940405,8,euclidean,l1,inverse2
896,-11.846,-12.2217,-12.492122832740804,-11.363383126963623,-0.6461228327408044,0.8583168730363777,1.0743288926245755,3837.0,3837,3837,Q++,0.032473486523251445,8,euclidean,l1,inverse2
897,-21.6611,-1.55854,-22.86569246931503,-0.6042388967203948,-1.2045924693150276,0.9543011032796053,1.5367932889140126,4925.0,4925,4925,Q++,0.0462096655269762,8,euclidean,l1,inverse2
898,-28.8075,20.0517,-27.61035458729784,19.019785767648436,1.1971454127021595,-1.0319142323515642,1.5805075520488796,6921.0,6921,6921,Q++,0.038732191975502726,8,euclidean,l1,inverse2
899,48.7548,-21.2108,47.599959150621245,-21.326197942527212,-1.1548408493787576,-0.11539794252721336,1.1605921215195993,2998.0,2998,2998,Q++,0.014591692233910505,8,euclidean,l1,inverse2
89,-19.4172,30.7083,-19.466400253822,29.882174761251036,-0.04920025382199711,-0.8261252387489648,0.8275890133841695,7930.0,7930,7930,Q++,0.021843839954292343,8,euclidean,l1,inverse2
8,28.5039,49.2656,28.068185303358092,46.19063689757481,-0.4357146966419094,-3.074963102425187,3.105679535648532,9477.0,9477,9477,Q++,0.012523246336027465,8,euclidean,l1,inverse2
900,36.9473,34.4295,36.63061312208678,33.78628340553115,-0.31668687791322014,-0.6432165944688464,0.7169506022331825,8386.0,8386,8386,Q++,0.02676286266422577,8,euclidean,l1,inverse2
901,42.8203,-4.11143,42.16508192427267,-4.081222417706023,-0.6552180757273334,0.030207582293977353,0.6559140376511826,4592.0,4592,4592,Q++,0.028458935473056817,8,euclidean,l1,inverse2
902,28.7906,46.7615,27.65299134680738,47.373783848647705,-1.137608653192622,0.6122838486477065,1.2919152290818383,9778.0,9778,9778,Q++,0.015448215113812514,8,euclidean,l1,inverse2
903,-3.1037,7.85229,-2.6746135252785086,6.893848826718209,0.4290864747214913,-0.9584411732817912,1.0501069876115927,5646.0,5646,5646,Q++,0.033007210192438546,8,euclidean,l1,inverse2
904,-8.78565,-8.93434,-7.843759724254051,-9.574209069318757,0.9418902757459495,-0.6398690693187561,1.1386789351769144,4042.0,4042,4042,Q++,0.033020515246758836,8,euclidean,l1,inverse2
905,46.8402,-36.8072,45.08674820147762,-36.6794951630924,-1.7534517985223843,0.12770483690760415,1.7580960540058617,1395.0,1395,1395,Q++,0.037411698720278594,8,euclidean,l1,inverse2
906,-28.9721,49.9156,-28.605879258197245,47.30619340716074,0.3662207418027563,-2.6094065928392567,2.634980151439388,9721.0,9721,9721,Q++,0.03335952992541153,8,euclidean,l1,inverse2
907,-26.0261,-8.96092,-25.270614434873377,-8.842173548205334,0.755485565126623,0.11874645179466548,0.7647608508079606,4024.0,4024,4024,Q++,0.02580254454388333,8,euclidean,l1,inverse2
908,-49.8329,-36.2616,-47.144777162921876,-35.93493209416393,2.688122837078126,0.326667905836068,2.7078988732824336,1403.0,1403,1403,Q++,0.021082308889660846,8,euclidean,l1,inverse2
909,-18.8185,40.6755,-18.80808747904637,40.990741400104866,0.010412520953629212,0.3152414001048669,0.3154133176210011,9031.0,9031,9031,Q++,0.01844601785241293,8,euclidean,l1,inverse2
90,-46.4449,-16.1692,-45.249048316586624,-15.725650319930821,1.1958516834133732,0.4435496800691787,1.2754597474683667,3403.0,3403,3403,Q++,0.032391190106553086,8,euclidean,l1,inverse2
910,14.2605,28.6969,14.940575805556085,29.35216177145574,0.6800758055560845,0.6552617714557414,0.9443892684873507,7963.0,7963,7963,Q++,0.0303643997433382,8,euclidean,l1,inverse2
911,-39.6215,-15.405,-42.576907333196,-15.359532843459156,-2.955407333196,0.04546715654084288,2.9557570548731844,3509.0,3509,3509,Q++,0.03412164999989396,8,euclidean,l1,inverse2
912,9.42359,-40.1251,9.220055892288062,-43.09389939519769,-0.20353410771193836,-2.968799395197685,2.975768133092401,859.0,859,859,Q++,0.0240067591753669,8,euclidean,l1,inverse2
913,-27.9134,-24.8259,-26.253296356714277,-25.28576334295028,1.6601036432857228,-0.4598633429502783,1.7226196331865997,2524.0,2524,2524,Q++,0.02510195801894504,8,euclidean,l1,inverse2
914,-17.7548,41.2319,-17.048922303399575,45.40777306783322,0.7058776966004245,4.175873067833216,4.235112655079285,9132.0,9132,9132,Q++,0.02553049496642346,8,euclidean,l1,inverse2
915,2.97103,-19.2726,2.7025510260196017,-20.033048857745083,-0.2684789739803981,-0.7604488577450823,0.8064511297749962,2852.0,2852,2852,Q++,0.03226618595882472,8,euclidean,l1,inverse2
916,-30.8125,26.3627,-30.914317568638157,27.535792737077063,-0.1018175686381575,1.173092737077063,1.1775030305975187,7918.0,7918,7918,Q++,0.028985933509773572,8,euclidean,l1,inverse2
917,28.2631,-7.5724,28.910989340186635,-8.339609953584114,0.6478893401866337,-0.7672099535841141,1.0041771307921776,4179.0,4179,4179,Q++,0.03313332488981112,8,euclidean,l1,inverse2
918,43.9922,-32.2794,45.3142663968853,-32.169571033312806,1.3220663968853046,0.10982896668719633,1.3266205032701963,1796.0,1796,1796,Q++,0.027237168709609908,8,euclidean,l1,inverse2
919,16.2988,44.3994,15.582155602085285,45.30203809387759,-0.716644397914715,0.9026380938775915,1.1525340435672675,9364.0,9364,9364,Q++,0.03706993858413375,8,euclidean,l1,inverse2
91,-22.1517,-12.5102,-22.556925384637733,-12.397215296204307,-0.40522538463773117,0.11298470379569281,0.42068177479728974,3627.0,3627,3627,Q++,0.0420137759159837,8,euclidean,l1,inverse2
920,29.1387,-23.7283,28.82055573186137,-22.47848753749988,-0.3181442681386315,1.2498124625001203,1.2896693245828872,2777.0,2777,2777,Q++,0.02038735921794134,8,euclidean,l1,inverse2
921,8.73682,11.8214,8.37013983318943,12.27258401379531,-0.3666801668105695,0.45118401379530937,0.5813960431897288,6258.0,6258,6258,Q++,0.020833380686245365,8,euclidean,l1,inverse2
922,-49.5761,-12.5113,-43.47719441855657,-12.189884741865736,6.098905581443425,0.3214152581342642,6.107369078377634,3705.0,3705,3705,Q++,0.02591534139611439,8,euclidean,l1,inverse2
923,8.59088,-21.8705,9.37480185079828,-22.789714341996984,0.7839218507982793,-0.9192143419969838,1.2080929081374279,2758.0,2758,2758,Q++,0.015322206005645397,8,euclidean,l1,inverse2
924,-31.8066,-21.0415,-32.42736431447901,-21.430228974809477,-0.6207643144790076,-0.388728974809478,0.7324333075352458,2817.0,2817,2817,Q++,0.03173647781318957,8,euclidean,l1,inverse2
925,-23.2519,8.14341,-22.17083923403882,7.1633990985562646,1.0810607659611797,-0.9800109014437348,1.4591482949478214,5726.0,5726,5726,Q++,0.03802584923650543,8,euclidean,l1,inverse2
926,-36.3954,5.47841,-36.01097706901713,5.9759854292365135,0.38442293098287195,0.4975754292365133,0.6287784169684599,5512.0,5512,5512,Q++,0.03885866744165778,8,euclidean,l1,inverse2
927,6.02954,25.3539,5.873260876916253,25.748494578307543,-0.15627912308374725,0.39459457830754374,0.42441494500256854,7555.0,7555,7555,Q++,0.03104483436166128,8,euclidean,l1,inverse2
928,18.8102,-47.1119,18.52926807876472,-47.991429371944704,-0.280931921235279,-0.8795293719447059,0.9233063741155445,69.0,69,69,Q++,0.021672781722436314,8,euclidean,l1,inverse2
929,-46.4129,-42.3928,-46.37923148183,-41.5814340563603,0.03366851817000338,0.8113659436397,0.8120641991949311,703.0,703,703,Q++,0.016658747158160448,8,euclidean,l1,inverse2
92,45.9858,-28.0258,47.07483933328996,-28.02750687522895,1.0890393332899606,-0.001706875228951077,1.0890406709006277,2198.0,2198,2198,Q++,0.028124756185831313,8,euclidean,l1,inverse2
930,-20.2841,-49.7589,-20.19198046380069,-44.0187432435267,0.09211953619930924,5.740156756473297,5.7408958880853795,728.0,728,728,Q++,0.04223178915735979,8,euclidean,l1,inverse2
931,-32.7521,29.8637,-32.1977015344778,30.056026517269725,0.5543984655221976,0.1923265172697235,0.5868109983789231,7916.0,7916,7916,Q++,0.0420612940388716,8,euclidean,l1,inverse2
932,-28.934,-35.1823,-29.043362416189453,-35.67307477831085,-0.10936241618945175,-0.4907747783108505,0.5028121131206559,1421.0,1421,1421,Q++,0.029053145448106162,8,euclidean,l1,inverse2
933,40.2664,-33.4994,40.895698786183864,-33.8860964671809,0.6292987861838668,-0.38669646718089723,0.7386143242739575,1689.0,1689,1689,Q++,0.023375419800695508,8,euclidean,l1,inverse2
934,5.5434,2.39326,6.110722341118831,1.534962615084334,0.5673223411188308,-0.8582973849156661,1.0288484046183004,5156.0,5156,5156,Q++,0.04214514201739157,8,euclidean,l1,inverse2
935,-9.72185,-32.474,-9.447616239099604,-32.537701668300926,0.27423376090039575,-0.06370166830092927,0.2815351810376406,1742.0,1742,1742,Q++,0.027286587059783218,8,euclidean,l1,inverse2
936,16.8095,-24.2753,16.76175945478659,-23.189002196102834,-0.04774054521341142,1.0862978038971676,1.0873463470344134,2666.0,2666,2666,Q++,0.028626455083508005,8,euclidean,l1,inverse2
937,-5.86409,-0.60702,-6.237817846565563,-1.5573794301466959,-0.3737278465655631,-0.9503594301466959,1.0212029914602119,4944.0,4944,4944,Q++,0.03590498226556587,8,euclidean,l1,inverse2
938,6.31034,-36.3448,5.941277262936967,-36.187676856304414,-0.3690627370630333,0.15712314369558555,0.401117172623214,1356.0,1356,1356,Q++,0.024078651668649954,8,euclidean,l1,inverse2
939,32.3726,-8.96718,32.49340611121743,-8.734540342156674,0.12080611121743345,0.23263965784332719,0.2621360847135305,4181.0,4181,4181,Q++,0.032474374940127455,8,euclidean,l1,inverse2
93,15.4127,22.3928,15.136590045780416,22.426912449414043,-0.2761099542195833,0.034112449414042345,0.27820921268744137,7264.0,7264,7264,Q++,0.027769933452921388,8,euclidean,l1,inverse2
940,22.9197,-9.95634,22.368591191441595,-10.973523412188358,-0.5511088085584035,-1.0171834121883574,1.1568850474017773,3871.0,3871,3871,Q++,0.04040567615475098,8,euclidean,l1,inverse2
941,42.2895,-33.5771,44.25034625706146,-34.119571686204075,1.960846257061462,-0.5424716862040739,2.034500816948727,1597.0,1597,1597,Q++,0.02407846324915869,8,euclidean,l1,inverse2
942,4.23599,24.0109,3.517446907467118,23.67270793820113,-0.7185430925328822,-0.3381920617988712,0.7941524075959787,7354.0,7354,7354,Q++,0.027456311055194985,8,euclidean,l1,inverse2
943,-44.081,38.6327,-45.91808308682237,38.606003877722465,-1.8370830868223678,-0.02669612227753504,1.8372770479253955,8707.0,8707,8707,Q++,0.020075922820766968,8,euclidean,l1,inverse2
944,28.4341,29.0499,28.45703830498624,27.992259481238936,0.02293830498624061,-1.0576405187610654,1.0578892346369808,7878.0,7878,7878,Q++,0.03556821871307034,8,euclidean,l1,inverse2
945,-43.6329,-15.4577,-44.87445694638431,-17.30023467537821,-1.2415569463843141,-1.842534675378209,2.2218005493487087,3204.0,3204,3204,Q++,0.025225870805814503,8,euclidean,l1,inverse2
946,-15.4315,-14.7982,-15.81703683415069,-14.87132282047445,-0.38553683415068996,-0.07312282047445073,0.39240998631670343,3333.0,3333,3333,Q++,0.0339389567497926,8,euclidean,l1,inverse2
947,-10.0372,45.2206,-9.739197227158478,45.82093635217777,0.29800277284152266,0.60033635217777,0.6702308470723708,9540.0,9540,9540,Q++,0.02249040657405785,8,euclidean,l1,inverse2
948,2.35316,13.686,2.9289956049962727,11.378334729369133,0.5758356049962727,-2.307665270630867,2.3784250346095117,6151.0,6151,6151,Q++,0.02161677518195099,8,euclidean,l1,inverse2
949,35.6549,19.2706,34.870228328576324,19.17449915432751,-0.7846716714236734,-0.09610084567249189,0.7905346320521255,6984.0,6984,6984,Q++,0.02789752443854376,8,euclidean,l1,inverse2
94,25.0669,-43.145,23.390063585242153,-43.18545069024154,-1.6768364147578474,-0.040450690241534915,1.677324244205326,472.0,472,472,Q++,0.01700240639738668,8,euclidean,l1,inverse2
950,-32.6504,27.9691,-32.91776583089947,27.990065887279126,-0.26736583089947175,0.020965887279125184,0.2681866066043677,7917.0,7917,7917,Q++,0.02194927595037096,8,euclidean,l1,inverse2
951,14.8568,1.88935,15.212918023618268,2.7719781489613853,0.3561180236182686,0.8826281489613852,0.9517628360493926,5263.0,5263,5263,Q++,0.03730712849822913,8,euclidean,l1,inverse2
952,-41.5019,11.8795,-39.46624795290109,11.406829330558239,2.035652047098907,-0.4726706694417615,2.0898078425081317,6112.0,6112,6112,Q++,0.02581101421348238,8,euclidean,l1,inverse2
953,37.1864,-14.2609,37.92519440477311,-14.277754059884272,0.7387944047731096,-0.016854059884272132,0.7389866249524656,3588.0,3588,3588,Q++,0.02680037125081801,8,euclidean,l1,inverse2
954,33.42,-12.5904,32.92423390371562,-12.057025420163088,-0.4957660962843846,0.5333745798369129,0.7281980943680512,3684.0,3684,3684,Q++,0.04579889307867661,8,euclidean,l1,inverse2
955,-11.2514,-37.4744,-10.408766012048353,-40.3654007893109,0.8426339879516469,-2.891000789310894,3.0112983248837217,1140.0,1140,1140,Q++,0.03208539725367021,8,euclidean,l1,inverse2
956,4.67838,-12.8754,4.597810331236644,-11.945426107995221,-0.08056966876335547,0.9299738920047798,0.9334575037649837,3754.0,3754,3754,Q++,0.03806436376547152,8,euclidean,l1,inverse2
957,-45.6175,-45.5168,-47.8488939954523,-45.239537546550636,-2.2313939954523008,0.2772624534493673,2.248553675372982,501.0,501,501,Q++,0.01941375733068213,8,euclidean,l1,inverse2
958,-13.2535,-27.8122,-14.050904185373142,-28.371183894666114,-0.7974041853731411,-0.5589838946661132,0.9738153979819271,2135.0,2135,2135,Q++,0.04370299006087657,8,euclidean,l1,inverse2
959,-41.7224,-41.5703,-45.19599002709352,-44.46910667269542,-3.473590027093522,-2.8988066726954145,4.524257707291555,908.0,908,908,Q++,0.022591165366807563,8,euclidean,l1,inverse2
95,12.0538,-36.1272,11.43940666843178,-35.77083978254304,-0.6143933315682215,0.35636021745695956,0.7102617619310997,1462.0,1462,1462,Q++,0.03723338913477595,8,euclidean,l1,inverse2
960,20.6565,43.9863,20.02679216614182,46.577556530760255,-0.6297078338581805,2.591256530760255,2.666672526620026,9470.0,9470,9470,Q++,0.02108468609961333,8,euclidean,l1,inverse2
961,11.02,41.6074,11.194207513003107,42.71076484648333,0.17420751300310755,1.1033648464833306,1.1170327846763994,9160.0,9160,9160,Q++,0.035161274332081716,8,euclidean,l1,inverse2
962,-18.6616,26.934,-19.14193457204433,25.960708268678776,-0.48033457204433105,-0.9732917313212255,1.0853654201969396,7530.0,7530,7530,Q++,0.03249570498381421,8,euclidean,l1,inverse2
963,38.2277,28.6864,38.0418276186258,27.964176319483233,-0.18587238137419604,-0.7222236805167661,0.7457583971078693,7788.0,7788,7788,Q++,0.02411733375845616,8,euclidean,l1,inverse2
964,-20.3097,19.5517,-21.35127709611928,19.416804734640486,-1.0415770961192798,-0.13489526535951413,1.0502759541076265,6929.0,6929,6929,Q++,0.03618755062558649,8,euclidean,l1,inverse2
965,-17.3939,26.7281,-17.309328488709298,27.552454027184215,0.08457151129070084,0.8243540271842136,0.828680820736684,7633.0,7633,7633,Q++,0.037232696170710365,8,euclidean,l1,inverse2
966,-8.55217,-25.6832,-7.224127469186811,-24.70181367299676,1.328042530813189,0.9813863270032392,1.6513073870353783,2543.0,2543,2543,Q++,0.02059476081459282,8,euclidean,l1,inverse2
967,-25.8627,47.8778,-25.681529887782254,45.87055603224931,0.18117011221774604,-2.0072439677506893,2.0154034225515547,9424.0,9424,9424,Q++,0.023539135447222057,8,euclidean,l1,inverse2
968,-25.6058,13.0587,-25.56107450489142,12.253627956936516,0.044725495108579594,-0.8050720430634843,0.8063134405645985,6224.0,6224,6224,Q++,0.033803985832430605,8,euclidean,l1,inverse2
969,44.2136,-11.1534,43.78584016588011,-11.888934332181913,-0.4277598341198896,-0.7355343321819134,0.8508755664047293,3891.0,3891,3891,Q++,0.041156869708483104,8,euclidean,l1,inverse2
96,-27.7066,-45.6558,-27.83364306299861,-45.91872988584439,-0.12704306299860946,-0.26292988584439314,0.2920138091361678,522.0,522,522,Q++,0.020068537374782043,8,euclidean,l1,inverse2
970,-13.3423,38.07,-13.505497229749976,37.83423773078683,-0.16319722974997575,-0.23576226921316845,0.28673538913536445,8735.0,8735,8735,Q++,0.034116804342835726,8,euclidean,l1,inverse2
971,-32.4829,29.1343,-32.19204028322697,27.310031891018674,0.2908597167730278,-1.8242681089813253,1.8473098030074941,7717.0,7717,7717,Q++,0.03230614629137785,8,euclidean,l1,inverse2
972,40.9648,-33.8225,43.71466557619588,-34.02149774932229,2.74986557619588,-0.1989977493222952,2.75705654482864,1597.0,1597,1597,Q++,0.024728995512313726,8,euclidean,l1,inverse2
973,34.0956,-37.8188,33.6353194707453,-38.26457766610115,-0.4602805292546961,-0.44577766610114367,0.6407619629827959,1183.0,1183,1183,Q++,0.02945031572546292,8,euclidean,l1,inverse2
974,-30.3188,25.7225,-30.3434816246427,26.0737469651523,-0.024681624642699518,0.35124696515229914,0.3521130686636092,7619.0,7619,7619,Q++,0.024594717210099922,8,euclidean,l1,inverse2
975,-8.25153,-17.7599,-7.305790530378858,-18.695333828282088,0.9457394696211425,-0.9354338282820898,1.3302103561067948,3142.0,3142,3142,Q++,0.024372818175406992,8,euclidean,l1,inverse2
976,13.1125,-33.1324,13.388182802444936,-33.362971129554886,0.27568280244493515,-0.2305711295548889,0.35939400850335623,1663.0,1663,1663,Q++,0.02657177720641605,8,euclidean,l1,inverse2
977,7.85384,-2.55728,8.360480945360694,-2.688693681952171,0.5066409453606937,-0.13141368195217096,0.5234067283864469,4557.0,4557,4557,Q++,0.029279558818788808,8,euclidean,l1,inverse2
978,-34.6531,-12.3259,-33.996241025583274,-12.632778469921176,0.6568589744167284,-0.30687846992117507,0.7250090396491328,3616.0,3616,3616,Q++,0.03809197880209528,8,euclidean,l1,inverse2
979,-21.1732,18.7284,-19.963509426796843,18.708709605964355,1.209690573203158,-0.019690394035645653,1.2098508149825185,6829.0,6829,6829,Q++,0.03667366406914447,8,euclidean,l1,inverse2
97,41.7447,-40.8077,40.797837824428655,-42.31794503424268,-0.9468621755713471,-1.5102450342426863,1.782522943185416,690.0,690,690,Q++,0.011833325718844203,8,euclidean,l1,inverse2
980,49.9061,42.9775,45.33785419712226,41.31136372569201,-4.56824580287774,-1.6661362743079877,4.862600106946385,9092.0,9092,9092,Q++,0.015156485370125709,8,euclidean,l1,inverse2
981,42.9566,19.7274,43.896403208148314,19.736595293564427,0.9398032081483123,0.009195293564427942,0.9398481917148088,6993.0,6993,6993,Q++,0.025028059818716197,8,euclidean,l1,inverse2
982,-36.9715,5.0597,-37.131422042313346,4.581165336439177,-0.1599220423133474,-0.47853466356082297,0.504549783318695,5412.0,5412,5412,Q++,0.03255695979178197,8,euclidean,l1,inverse2
983,-5.23392,30.8539,-5.798917510911765,29.40928717728148,-0.5649975109117644,-1.4446128227185184,1.5511700083805304,8043.0,8043,8043,Q++,0.02478976219327833,8,euclidean,l1,inverse2
984,-45.7889,-36.0084,-45.87550039402707,-36.883905340358126,-0.08660039402707298,-0.8755053403581243,0.8797779431431771,1305.0,1305,1305,Q++,0.016959621936661954,8,euclidean,l1,inverse2
985,-38.9613,-29.5902,-39.91436232079717,-29.925512710791484,-0.9530623207971658,-0.3353127107914844,1.0103278682396193,2009.0,2009,2009,Q++,0.026512974409086676,8,euclidean,l1,inverse2
986,8.31808,-3.87458,8.87797862932345,-5.2986879707786,0.5598986293234507,-1.4241079707786,1.5302189345166988,4458.0,4458,4458,Q++,0.037082809504604214,8,euclidean,l1,inverse2
987,-46.4027,-0.609432,-46.77804555022888,-1.087074713321461,-0.3753455502288787,-0.47764271332146113,0.6074757967735893,4905.0,4905,4905,Q++,0.02108714061764914,8,euclidean,l1,inverse2
988,-40.5363,-36.182,-41.22543791676947,-35.95485147606706,-0.6891379167694751,0.22714852393293938,0.7256083793991668,1209.0,1209,1209,Q++,0.024701897730467402,8,euclidean,l1,inverse2
989,-48.7303,15.1583,-48.14777899255686,14.977033117369205,0.5825210074431411,-0.18126688263079593,0.6100724603284914,6402.0,6402,6402,Q++,0.024435666662908206,8,euclidean,l1,inverse2
98,-19.3055,3.05431,-18.96907296804197,2.5180783614933064,0.3364270319580278,-0.5362316385066936,0.6330304242038144,5231.0,5231,5231,Q++,0.04324334116617107,8,euclidean,l1,inverse2
990,47.3857,37.9728,47.53398720192565,39.45937492288327,0.1482872019256476,1.4865749228832712,1.4939525078128626,8998.0,8998,8998,Q++,0.017433179071531163,8,euclidean,l1,inverse2
991,43.1084,13.193,45.16015144029558,13.687410659330936,2.0517514402955754,0.49441065933093675,2.1104800100486667,6295.0,6295,6295,Q++,0.01970225217591442,8,euclidean,l1,inverse2
992,25.1201,-45.7583,25.804184961004005,-44.39561416067227,0.6840849610040038,1.3626858393277317,1.5247573349802828,876.0,876,876,Q++,0.021431261319082604,8,euclidean,l1,inverse2
993,27.2705,24.4062,26.952776391515876,23.445787130879914,-0.3177236084841226,-0.9604128691200842,1.0116032673729578,7376.0,7376,7376,Q++,0.042628220324885883,8,euclidean,l1,inverse2
994,-43.0198,20.9987,-44.37498709553699,21.205379947107104,-1.3551870955369907,0.20667994710710502,1.3708569088151326,7209.0,7209,7209,Q++,0.02825459738093347,8,euclidean,l1,inverse2
995,34.3889,-19.9222,34.45796609626495,-20.1683390434513,0.06906609626494742,-0.24613904345130067,0.25564536836093915,2984.0,2984,2984,Q++,0.03375542277743409,8,euclidean,l1,inverse2
996,0.653626,3.13969,0.6544433890407616,2.9359025304613686,0.0008173890407615625,-0.20378746953863125,0.20378910880074655,5350.0,5350,5350,Q++,0.03227460521071941,8,euclidean,l1,inverse2
997,18.1981,-17.7426,18.72178319867498,-18.416026889575964,0.5236831986749806,-0.6734268895759641,0.8530813959865828,3168.0,3168,3168,Q++,0.040929396814448224,8,euclidean,l1,inverse2
998,-14.1886,-1.22686,-14.372005675681494,-1.4746215624287349,-0.18340567568149524,-0.24776156242873482,0.30825871226830504,4935.0,4935,4935,Q++,0.035070791029257004,8,euclidean,l1,inverse2
999,49.3837,-40.0474,46.88608891591064,-40.14094205017716,-2.497611084089357,-0.093542050177156,2.4993621671373196,599.0,599,599,Q++,0.02408587922231804,8,euclidean,l1,inverse2
99,-13.9293,40.8088,-12.99058829920747,42.445101192051354,0.9387117007925294,1.6363011920513557,1.886441424564646,9035.0,9035,9035,Q++,0.022519191925410402,8,euclidean,l1,inverse2
9,-30.4693,-25.8705,-30.15862003170797,-25.98198194772257,0.3106799682920318,-0.11148194772257014,0.3300761538886985,2319.0,2319,2319,Q++,0.029728393257773662,8,euclidean,l1,inverse2
