reference,k,metric,normalization,weighting,n_events,mean_err_x_cm,sigma_err_x_cm,mean_err_z_cm,sigma_err_z_cm,median_err_r_cm,p68_err_r_cm,p95_err_r_cm
events,12,euclidean,l1,inverse2,1000,0.05204244920880458,2.0948144315907307,0.0898772397704469,2.2081495635226362,2.245941459681677,2.989291178993076,5.5951548613301565
events,12,euclidean,l1,uniform,1000,0.049545713666666685,2.1113466621389145,0.08706793449999997,2.228600748715317,2.2913011008786475,2.9964583166957413,5.670377110108373
events,12,euclidean,l1,inverse,1000,0.05067941096102646,2.102432620954128,0.08859866525610542,2.217850787487382,2.2720966354909353,3.001105974683921,5.6405680080146485
events,16,euclidean,l1,inverse2,1000,0.05104120153712649,2.0975361141540225,0.08259308735062532,2.2251832050743836,2.278570047986757,3.0094125849706446,5.649345145854686
events,32,euclidean,l1,inverse2,1000,0.04970538596380392,2.119140417600836,0.07664891882946047,2.2422672888861417,2.270454416478083,3.030003998465417,5.79175441689846
events,24,euclidean,l1,inverse2,1000,0.0372549733162092,2.0931662600130574,0.08151283506147249,2.2238972187367376,2.271594449065651,3.0367668507046988,5.690348268804586
events,16,euclidean,l1,inverse,1000,0.049279652714394946,2.1110376744293817,0.07968554052520059,2.2391152169863684,2.2834007505817153,3.0371857289107766,5.737544910982688
events,16,euclidean,l1,uniform,1000,0.04758864306250003,2.1257215998801082,0.07646187418749997,2.2536602699072796,2.2983054958041205,3.0533055602293397,5.814551308950533
events,8,euclidean,l1,inverse,1000,0.050471982779240934,2.1402969095352207,0.11266672779321217,2.2381752624404645,2.343268328344589,3.0570287367769193,5.612589476365407
events,8,euclidean,l1,inverse2,1000,0.05383544228227484,2.1328842867817652,0.11105288250543006,2.2276522623988066,2.3347786738189957,3.057819309768083,5.609886972839022
events,24,euclidean,l1,inverse,1000,0.03509210013343344,2.112019955567932,0.07940494912926586,2.239711244735594,2.262475076357867,3.06324559049377,5.728555428565609
events,48,euclidean,l1,inverse2,1000,0.0452383880740407,2.1636391613089017,0.07055725852196958,2.3020801745053565,2.334062378501745,3.0647103541593568,5.822746897130648
events,32,euclidean,l1,inverse,1000,0.047529908290064,2.1468986258040434,0.07450330044397037,2.263401802452981,2.297646565858623,3.0815309774125055,5.897419839128015
events,24,euclidean,l1,uniform,1000,0.03313157312500012,2.131671640217914,0.07734571279166674,2.2560251400390454,2.2856054555244154,3.0868816769985923,5.816233090773053
events,8,euclidean,l1,uniform,1000,0.047020461874999954,2.149231854233552,0.11434066262499988,2.250556706278448,2.3665081258046126,3.0979479535841388,5.589979806761975
templates,5,euclidean,l1,inverse2,1000,0.04076691854302622,2.1149031347243192,0.11656734601424149,2.330312315007118,2.3339748517468992,3.1056760173498406,5.746573319363118
events,32,euclidean,l1,uniform,1000,0.045221219593750035,2.1751153644169063,0.07257929840624978,2.2850532678689444,2.3321797952067955,3.1061833923951636,5.971322376177701
events,64,euclidean,l1,inverse2,1000,0.04673417233769289,2.2166699780853714,0.05999124113862069,2.356007993221123,2.3845214033577946,3.12443862707611,6.061757271050677
templates,8,euclidean,l1,inverse2,1000,0.04715215285444656,2.207777010027596,0.049239655307145226,2.3624852506706384,2.343193864137756,3.139204981135754,6.025785044849578
events,48,euclidean,l1,inverse,1000,0.04062544032411179,2.2078947887873173,0.06907416492121586,2.342748269872427,2.386251619391535,3.1429652122498997,5.898788556303912
templates,5,cosine,l1,inverse2,1000,0.022372360250516577,2.279833732217663,0.1278094888247185,2.387077311715638,2.385604975503557,3.1636767117707305,6.325885882305161
templates,5,cosine,none,inverse2,1000,0.022372360250516435,2.279833732217664,0.12780948882471962,2.387077311715638,2.385604975503548,3.163676711770737,6.32588588230509
events,48,euclidean,sqrt,inverse2,1000,0.014720631748357924,2.23378657016592,0.09112502890144777,2.3417321526967876,2.4222776765508653,3.1711087428543596,6.068918021378501
templates,3,euclidean,l1,inverse2,1000,0.041352808021565365,2.156270535695023,0.13908837252306297,2.3322417215692544,2.3511250510581134,3.172864316555739,5.916390213931036
templates,3,cosine,l1,inverse2,1000,-0.004482862111276688,2.2660385314600933,0.17297472180778123,2.4227775909796927,2.3957057915164044,3.185265502534525,6.360730205928633
templates,3,cosine,none,inverse2,1000,-0.004482862111276517,2.2660385314600924,0.17297472180778226,2.422777590979691,2.3957057915164466,3.185265502534536,6.360730205928659
events,5,euclidean,l1,inverse2,1000,0.08403108004708443,2.2156649978814817,0.0962276000301074,2.2769402704164756,2.335204201592515,3.1962701692214677,5.683347397793754
events,48,euclidean,sqrt,inverse,1000,0.01567671310347391,2.245872027169503,0.09187163347145975,2.3553843351140324,2.4611724534487447,3.196959334084256,6.08454922971396
events,12,euclidean,none,inverse2,1000,0.03687181950662339,2.242388790040722,0.06719986051216836,2.266019994704765,2.4379888886870855,3.1995104612829466,6.062792666959626
events,48,euclidean,l1,uniform,1000,0.035909350520833355,2.2520609337520963,0.06812854166666674,2.385853545058417,2.4091166706111684,3.207367045330701,6.077046678367727
events,64,euclidean,l1,inverse,1000,0.04209373348598458,2.2823926695495755,0.057985137991845744,2.419874498750099,2.434352198537905,3.2076375557548786,6.221864960400194
events,12,euclidean,none,inverse,1000,0.04120577419411838,2.2564181534918077,0.06702810688069766,2.2808657375632024,2.4305615643804876,3.2077386322924135,6.184586414844031
templates,5,euclidean,l1,inverse,1000,0.036120234898268294,2.1655340266693344,0.11534055560737291,2.3764717766729646,2.3823826445763787,3.2085098053106154,5.741327681471129
events,5,euclidean,l1,inverse,1000,0.08369845847974287,2.2243762851422844,0.09391293534939736,2.286684244732973,2.3652842802330274,3.210504505916303,5.67259632454553
events,24,euclidean,sqrt,inverse2,1000,-0.006687675763700383,2.1965348408312924,0.10642117037161336,2.290668273693533,2.3917807046713273,3.2147103503895402,5.983784590365247
templates,3,euclidean,l1,inverse,1000,0.03997885980621197,2.177215120875533,0.1420274259476909,2.3469106430002107,2.3835232950268486,3.2176176828532523,5.879374172474349
events,48,euclidean,sqrt,uniform,1000,0.01640177533333333,2.257674271778768,0.09243409829166657,2.3687211880045735,2.4618030956096724,3.2176237469042066,6.125961068762387
events,8,euclidean,none,inverse2,1000,0.012304736397183574,2.2472743983141896,0.06437067165957389,2.286964023370304,2.4652879469353723,3.217846548631893,6.056917134646801
events,5,euclidean,l1,uniform,1000,0.08323258320000006,2.235469397170936,0.0916133900000001,2.2989520741431577,2.372780675830014,3.218578584083382,5.670740560538481
events,24,euclidean,sqrt,inverse,1000,-0.0059424640619752086,2.2039030800050923,0.10892168930809411,2.2983027867228962,2.414797055539058,3.22009262225082,5.973434818780113
templates,3,cosine,l1,inverse,1000,-0.019344812343201723,2.278721699723096,0.17464866245116464,2.4335637650007955,2.4102443190515555,3.221923317742695,6.294717565585631
templates,3,cosine,none,inverse,1000,-0.019344812343201356,2.278721699723096,0.1746486624511652,2.433563765000795,2.41024431905156,3.2219233177427,6.294717565585631
events,32,euclidean,sqrt,inverse2,1000,0.016417003512476575,2.2012309233537435,0.10305405863430009,2.3037830968358115,2.41619063919941,3.2233855589701985,5.930662536074387
events,3,euclidean,l1,inverse2,1000,0.07539037405781011,2.319356304472816,0.10322783095647844,2.3157261284525643,2.371237402570734,3.22377325992863,6.061379250779981
events,12,cosine,l1,inverse2,1000,0.04439201636840481,2.3356929475832766,0.0881202343663557,2.423667082806745,2.4580293951299335,3.225480845712074,6.4429080889857655
events,12,cosine,none,inverse2,1000,0.044392016368405667,2.335692947583276,0.08812023436635613,2.423667082806745,2.4580293951299588,3.225480845712091,6.442908088985837
events,8,euclidean,none,uniform,1000,0.01936894774999997,2.26845011165334,0.05941642312499998,2.30926350678081,2.486474668217543,3.2269583086178044,6.162452385345357
events,12,euclidean,none,uniform,1000,0.044495209916666646,2.272705245420988,0.06711844141666659,2.298516850191676,2.435677649683763,3.2273501966002667,6.183623100840797
events,16,euclidean,none,inverse2,1000,0.038698116653184796,2.2457864839055155,0.0767706276339022,2.286365612916487,2.4038942315354532,3.2297104840839452,5.925092918505685
events,8,euclidean,none,inverse,1000,0.016020806549689418,2.256321299966,0.06179118034459823,2.2966147482920367,2.478419854929462,3.2302959979799675,6.101813010175178
events,16,euclidean,sqrt,inverse2,1000,-0.01884881234102489,2.1988575669233055,0.10055966414736145,2.2906127397985285,2.3993994678828363,3.2312952420499297,5.922262802102274
templates,12,cosine,l1,inverse2,1000,0.045875958140484084,2.3232320336231287,0.06819841102315163,2.4404366538068696,2.3973225665488638,3.2368419589752686,6.510677157888277
templates,12,cosine,none,inverse2,1000,0.04587595814048416,2.3232320336231287,0.0681984110231526,2.44043665380687,2.3973225665488567,3.2368419589752695,6.510677157888276
events,16,euclidean,sqrt,inverse,1000,-0.01850871505893463,2.2032150895614286,0.10320705684584397,2.297212269898467,2.4145606485514484,3.238391164925546,5.895639649645081
templates,3,euclidean,l1,uniform,1000,0.038182077333333314,2.209679991388663,0.14514874433333336,2.37155104876479,2.4001850246446788,3.239750740174324,6.024459135945962
events,24,euclidean,sqrt,uniform,1000,-0.005378527250000033,2.211524198657025,0.11131036166666675,2.3062629678854285,2.42652613691625,3.2433199495106773,5.988127073325309
events,16,euclidean,none,inverse,1000,0.041376778484030666,2.2643817011168013,0.07785829702505236,2.3074980312773636,2.4122339841435463,3.243674089071863,5.943078510340316
templates,8,cosine,l1,inverse2,1000,0.0446377344503735,2.301047165664561,0.0894257001769007,2.397868218398796,2.357171106500948,3.2446679154583737,6.382901084789036
templates,8,cosine,none,inverse2,1000,0.044637734450373855,2.3010471656645617,0.08942570017690199,2.3978682183987963,2.3571711065009673,3.2446679154584177,6.3829010847890935
events,12,cosine,l1,inverse,1000,0.04094124303929648,2.350430014186049,0.09031339249445812,2.443401403245476,2.448916083594961,3.2467831162183725,6.465972096771395
events,12,cosine,none,inverse,1000,0.04094124303929712,2.3504300141860486,0.0903133924944584,2.443401403245476,2.4489160835949555,3.246783116218384,6.46597209677139
events,12,euclidean,sqrt,inverse2,1000,0.00022553305970254912,2.232150557876928,0.07734235265213228,2.299378995069519,2.4638231273509175,3.250551279025399,5.912742074830782
events,8,cosine,none,inverse,1000,0.06325424200986286,2.346212042671567,0.1031143914936136,2.4658489833860173,2.4896713600561027,3.254244767577364,6.341373971152914
events,8,cosine,l1,inverse,1000,0.06325424200986204,2.346212042671568,0.1031143914936137,2.465848983386017,2.48967136005611,3.2542447675773727,6.341373971152916
events,12,euclidean,sqrt,inverse,1000,0.0016147181256100822,2.2351657064506294,0.07880399642355122,2.303222822806168,2.479872802869618,3.2554938852693343,5.920178851548774
events,32,euclidean,sqrt,inverse,1000,0.01841062480856773,2.2101125108545223,0.10494345732770481,2.3135293022459846,2.395054706275153,3.2604205548400915,5.985317303385211
events,16,euclidean,sqrt,uniform,1000,-0.01832044631249996,2.2081532854588097,0.10581793681250004,2.3045921287167537,2.4030490908724973,3.2631195737441594,5.869663908093593
events,32,euclidean,sqrt,uniform,1000,0.020221219781249935,2.219047721228561,0.10667020953125002,2.32336439386728,2.3986829986469997,3.2689602433276934,6.030995586550818
templates,16,cosine,l1,inverse2,1000,0.04048931874912981,2.3576960966768765,0.0767037967437054,2.4747953622378858,2.4132865190523356,3.2697638048459905,6.573213135285577
templates,16,cosine,none,inverse2,1000,0.040489318749129796,2.3576960966768774,0.07670379674370605,2.474795362237887,2.4132865190523454,3.2697638048459994,6.573213135285577
templates,12,euclidean,l1,inverse2,1000,0.0460996677238228,2.2955776887520356,0.038833679090462314,2.453989227629381,2.408602282404157,3.269916722251055,6.2810739375184514
events,8,cosine,none,inverse2,1000,0.06553505692040007,2.3371631403902793,0.10033650333380313,2.446895226755622,2.4844358130645956,3.2701612777601228,6.322541681851972
events,8,cosine,l1,inverse2,1000,0.06553505692039881,2.33716314039028,0.10033650333380288,2.4468952267556214,2.484435813064568,3.2701612777601476,6.322541681851956
events,3,euclidean,l1,uniform,1000,0.07656591599999998,2.3334430056014193,0.09767399533333329,2.3248604024982775,2.4326702422447157,3.2719267554742744,6.130137946718412
events,24,euclidean,none,inverse2,1000,0.041301469038446184,2.28343521956956,0.05670024306222747,2.334570196897226,2.4897893497157817,3.2721692595406764,6.085918405598819
events,3,euclidean,l1,inverse,1000,0.0758904607318802,2.3250214709381365,0.10049606395140401,2.318774192852997,2.3901939239386687,3.2763583631669935,6.082984443128601
events,12,euclidean,sqrt,uniform,1000,0.002828543333333421,2.2388647054892776,0.08024975491666649,2.307968854108093,2.4785878507914583,3.286159752424086,5.881730529345923
events,8,cosine,l1,uniform,1000,0.06103561462499999,2.3626175353597336,0.10600732949999986,2.49460815915781,2.5368804972060985,3.2871386560406406,6.511836016948602
events,8,cosine,none,uniform,1000,0.06103561462499999,2.3626175353597336,0.10600732949999986,2.49460815915781,2.5368804972060985,3.2871386560406406,6.511836016948602
events,16,cosine,l1,inverse2,1000,0.036524659404331826,2.3744723711685394,0.08978368050409016,2.451337906334086,2.4836885279590595,3.2917170709520422,6.725196849204388
events,16,cosine,none,inverse2,1000,0.03652465940433307,2.37447237116854,0.08978368050408987,2.4513379063340857,2.483688527959056,3.2917170709520494,6.725196849204382
events,12,cosine,l1,uniform,1000,0.038182078416666584,2.3727303777088182,0.09161338908333332,2.46909333602831,2.4808401473816275,3.295839386756263,6.619189887198386
events,12,cosine,none,uniform,1000,0.038182078416666584,2.3727303777088182,0.09161338908333332,2.46909333602831,2.4808401473816275,3.295839386756263,6.619189887198386
events,5,cosine,l1,inverse,1000,0.08179632428933498,2.406349328165035,0.09162798998129065,2.4865081871256436,2.488400916252261,3.3031309873789794,6.652206167332156
events,5,cosine,none,inverse,1000,0.08179632428933586,2.4063493281650348,0.09162798998129104,2.4865081871256436,2.48840091625226,3.303130987379002,6.652206167332148
templates,5,cosine,none,inverse,1000,0.015693941013179738,2.3355228346438546,0.11207653748291663,2.4331129442171417,2.44600321175873,3.3031467526294414,6.378454043378465
templates,5,cosine,l1,inverse,1000,0.01569394101317994,2.335522834643854,0.11207653748291656,2.4331129442171413,2.446003211758741,3.303146752629444,6.378454043378463
events,24,euclidean,none,inverse,1000,0.04282736238068739,2.3128173347960304,0.05359358152177509,2.3649651265689315,2.5345368836269397,3.304851104616834,6.130997671291043
events,16,euclidean,none,uniform,1000,0.04285379612500001,2.2845811362922914,0.0791133904999999,2.3311288357103623,2.4081799923205,3.3109390556209926,5.964435251066907
templates,8,euclidean,l1,inverse,1000,0.040801011233474925,2.315330149374749,0.03419876311755395,2.453372757529093,2.515855479298696,3.3116946432017755,6.20622193796735
events,32,euclidean,none,inverse2,1000,0.04001512792126644,2.306420423290898,0.043578362211624595,2.3761863288046854,2.5279294100449476,3.3127398990006687,6.1654350505577415
events,64,euclidean,l1,uniform,1000,0.037787507125000105,2.3484315215080414,0.05657551164062491,2.4878824838877467,2.4900776035028587,3.3163815477021257,6.466622158331139
events,24,cosine,l1,inverse2,1000,0.04061620914301831,2.429965858378441,0.08503354993631382,2.464606901060882,2.492951043527812,3.3221296202252235,6.890575309835769
events,24,cosine,none,inverse2,1000,0.04061620914301932,2.4299658583784414,0.08503354993631368,2.464606901060882,2.4929510435278224,3.32212962022524,6.890575309835776
templates,24,cosine,l1,inverse2,1000,0.0416266687016291,2.409025262645985,0.08976501177598278,2.523403067090661,2.4182228419533844,3.3315469278598826,6.777908651278594
templates,24,cosine,none,inverse2,1000,0.041626668701629455,2.4090252626459856,0.08976501177598331,2.523403067090662,2.418222841953391,3.331546927859931,6.7779086512785955
events,64,euclidean,sqrt,inverse2,1000,0.012092913006843264,2.2892916740316234,0.08014543435381077,2.3909868271046286,2.4257985437695098,3.3342702843752012,6.186233040288902
events,16,cosine,none,inverse,1000,0.03272040365713171,2.402582908922077,0.0917846082648961,2.4797550195626115,2.5109195707443233,3.33770715713914,6.907683441141611
events,16,cosine,l1,inverse,1000,0.03272040365713116,2.402582908922077,0.09178460826489601,2.479755019562612,2.510919570744351,3.3377071571391466,6.9076834411415975
templates,3,cosine,l1,uniform,1000,-0.03858559666666669,2.322709527007054,0.17848207833333332,2.4771702679353496,2.467779365704368,3.3389703937671285,6.241629107441407
templates,3,cosine,none,uniform,1000,-0.03858559666666669,2.322709527007054,0.17848207833333332,2.4771702679353496,2.467779365704368,3.3389703937671285,6.241629107441407
events,5,cosine,none,inverse2,1000,0.08110163393001142,2.395827602617403,0.09492801667334742,2.477672466908831,2.467733633625877,3.3400091335381106,6.778872152628622
events,5,cosine,l1,inverse2,1000,0.0811016339300098,2.395827602617404,0.09492801667334701,2.477672466908831,2.4677336336258806,3.3400091335381386,6.778872152628585
events,5,euclidean,none,inverse,1000,0.042698234760611256,2.296054233016775,0.07355043489217428,2.3318144182336518,2.527919558446941,3.348596636415056,5.905871573306327
events,5,cosine,l1,uniform,1000,0.08202046220000002,2.4283781651057175,0.08858308540000004,2.5052312840685587,2.4955891617224664,3.3504877818600565,6.7540108679395665
events,5,cosine,none,uniform,1000,0.08202046220000002,2.4283781651057175,0.08858308540000004,2.5052312840685587,2.4955891617224664,3.3504877818600565,6.7540108679395665
events,5,euclidean,none,uniform,1000,0.04808106720000011,2.3045439116828463,0.07343157360000009,2.3426673878023956,2.511938114446024,3.3531921862526737,5.969449985651475
events,32,euclidean,none,inverse,1000,0.041079712131936647,2.3421599286373436,0.039039998457609526,2.4152787217467693,2.574754904304313,3.3547228080349427,6.302134017585119
events,8,euclidean,sqrt,inverse2,1000,-0.005204200062392544,2.317812099895689,0.0571554449439996,2.3598102702278227,2.4841690844996442,3.3607828147239434,6.244344431206283
templates,5,euclidean,l1,uniform,1000,0.031111370800000045,2.2362840702573803,0.11464369220000006,2.443655678707461,2.4537189356348175,3.3612397568073615,6.005520286792647
events,32,cosine,none,inverse2,1000,0.0325418266628369,2.4464547523991143,0.06978957479324256,2.4935678752313706,2.517580255213703,3.3623862576303147,6.922568501879742
events,32,cosine,l1,inverse2,1000,0.03254182666283613,2.4464547523991143,0.06978957479324274,2.4935678752313706,2.5175802552137085,3.362386257630317,6.922568501879736
templates,16,euclidean,l1,inverse2,1000,0.057873469247831884,2.3795613396332986,0.03049083499148918,2.5514196073533375,2.485305333340851,3.362561389089578,6.557754801151607
events,64,euclidean,sqrt,uniform,1000,0.012787507484375026,2.3220896237064297,0.08006036081250005,2.4260445146544143,2.4769237363516985,3.3642402157731817,6.274569070385186
events,64,euclidean,sqrt,inverse,1000,0.012534218342041228,2.3059684227529686,0.08018637469197452,2.408827752870545,2.4556124140454396,3.3666270191225705,6.239953784801706
events,8,euclidean,sqrt,inverse,1000,-0.0034826512500294626,2.322720446983512,0.05825672958246106,2.362428467601564,2.481994695100564,3.367581462530516,6.301527889500906
events,5,euclidean,none,inverse2,1000,0.036913848548815534,2.29094005907572,0.07371148704762749,2.3246728223486484,2.544464036234357,3.373037646649538,5.792542867391671
events,24,euclidean,none,uniform,1000,0.0433588462499999,2.342625036155081,0.050072987291666496,2.3957166101231135,2.5393766002748075,3.3734135674382477,6.18608791612735
events,8,euclidean,sqrt,uniform,1000,-0.0018431732499999925,2.3286274308917,0.059416420749999914,2.3661628888033626,2.493903941711101,3.375604920617393,6.2925171911147
events,16,euclidean,sqrt_l1,inverse2,1000,0.013012549879302974,2.349147081431073,0.08898805567819805,2.4711145632650995,2.4601784535872424,3.3887929255183753,6.268390787545416
events,16,euclidean,sqrt_l1,uniform,1000,0.014634098124999951,2.359741052099814,0.08725732849999994,2.4776981485306395,2.5004778243837933,3.388940006107969,6.352581680646753
events,48,euclidean,none,inverse2,1000,0.0363566772072358,2.3457845203131074,0.027199030268872177,2.4464088594326547,2.5672361811587345,3.390521330380577,6.242559787708947
events,16,euclidean,sqrt_l1,inverse,1000,0.013712877529799002,2.354311749162332,0.08801900395424167,2.4740067212586543,2.489220722525652,3.393325677997104,6.304455344546441
events,16,cosine,l1,uniform,1000,0.03016440093749985,2.438134892294541,0.0921815713124999,2.512659587402497,2.511826368224403,3.4051257942741753,6.921340407616101
events,16,cosine,none,uniform,1000,0.03016440093749985,2.438134892294541,0.0921815713124999,2.512659587402497,2.511826368224403,3.4051257942741753,6.921340407616101
templates,32,cosine,none,inverse2,1000,0.0477324723731484,2.449041138985592,0.09892260999299006,2.570158543096376,2.4803569324565307,3.406732323537085,6.862278312181451
templates,32,cosine,l1,inverse2,1000,0.047732472373148045,2.4490411389855917,0.09892260999298955,2.5701585430963747,2.480356932456524,3.406732323537086,6.8622783121814495
events,5,euclidean,sqrt,inverse2,1000,-0.01945389487002345,2.3975507071571664,0.03046502529449545,2.4138229723191307,2.5162039524457622,3.4084717153684547,6.352830585587976
events,24,cosine,none,inverse,1000,0.03943624183871624,2.478837069526112,0.08414335460051083,2.499906070668899,2.556766480807399,3.4098232793805727,6.860044680113548
events,24,cosine,l1,inverse,1000,0.03943624183871586,2.478837069526112,0.08414335460051084,2.499906070668899,2.556766480807397,3.409823279380573,6.8600446801135435
templates,5,cosine,sqrt,inverse2,1000,-0.020163371408225685,2.321247500693129,0.06684517747348445,2.508659076104393,2.548757325262839,3.4150815452089467,6.413150469878197
templates,5,cosine,sqrt_l1,inverse2,1000,-0.02016337140822634,2.3212475006931292,0.06684517747348476,2.508659076104393,2.548757325262841,3.41508154520896,6.413150469878183
templates,8,cosine,none,inverse,1000,0.044010001391991384,2.4253624651002035,0.058196039650068185,2.4894017449068886,2.4408886042645834,3.416207370683821,6.634278924860873
templates,8,cosine,l1,inverse,1000,0.04401000139199125,2.4253624651002026,0.058196039650067775,2.4894017449068877,2.4408886042645284,3.4162073706838294,6.634278924860873
events,5,euclidean,sqrt,inverse,1000,-0.018136435631801093,2.401534656517016,0.02979939983384486,2.414945467643628,2.5107924637961148,3.416849074671066,6.391095448912034
events,3,euclidean,none,uniform,1000,0.045252784333333324,2.4096405543533845,0.06131036099999997,2.4435090146986704,2.6283739445388443,3.418719196839179,6.221801822991019
events,5,euclidean,sqrt,uniform,1000,-0.016767417799999997,2.4067874910535836,0.02918914660000017,2.4175465857033167,2.5271605383947238,3.4240825955580028,6.374832540669676
templates,5,cosine,sqrt,inverse,1000,-0.017659531872430478,2.3435943434199045,0.061834096448358605,2.5306068260716543,2.5696482513530414,3.4329186558523683,6.444771898913762
templates,5,cosine,sqrt_l1,inverse,1000,-0.017659531872430925,2.3435943434199045,0.06183409644835859,2.5306068260716543,2.5696482513530396,3.4329186558523688,6.444771898913766
events,32,euclidean,none,uniform,1000,0.04143334081250008,2.377002260647842,0.034321724437500006,2.4533218507949273,2.6019657405328336,3.434423052068797,6.391323852580194
events,3,euclidean,none,inverse,1000,0.03982127393420281,2.400376170335667,0.06323917182136289,2.433819554454986,2.608253412084727,3.444778302009549,6.120701705159223
events,3,euclidean,none,inverse2,1000,0.034238550944077926,2.3951761980654225,0.06529892179773933,2.4285742929296004,2.6004861922094378,3.4468046466055,6.128914773554877
events,12,euclidean,sqrt_l1,inverse,1000,0.006414118578469157,2.379127564669577,0.08705395336565405,2.49343329509036,2.55820187363174,3.452294904132553,6.373753620491376
templates,5,cosine,sqrt_l1,uniform,1000,-0.01494923379999998,2.369778491326227,0.05767399520000005,2.556953744069054,2.6156541039239,3.453239427577849,6.47925551987198
templates,5,cosine,sqrt,uniform,1000,-0.01494923379999998,2.369778491326227,0.05767399520000005,2.556953744069054,2.6156541039239,3.453239427577849,6.47925551987198
events,12,euclidean,sqrt_l1,inverse2,1000,0.006251828518992653,2.373529650392473,0.08873949556337876,2.491860822237693,2.5583905515672583,3.461948284335869,6.400628945209531
templates,12,cosine,none,inverse,1000,0.03676716573241198,2.520147157453933,0.02603244107435114,2.613233296937677,2.5824913581337112,3.4628263367750107,6.981818037726143
templates,12,cosine,l1,inverse,1000,0.03676716573241193,2.5201471574539327,0.026032441074351226,2.6132332969376764,2.5824913581337157,3.462826336775025,6.98181803772615
events,48,cosine,none,inverse2,1000,0.026370435496448835,2.5001521909475217,0.06808137776042124,2.540667650845201,2.633255057542142,3.4679842586970495,6.87207711246565
events,48,cosine,l1,inverse2,1000,0.02637043549644798,2.5001521909475217,0.0680813777604213,2.5406676508452,2.6332550575421387,3.46798425869706,6.872077112465664
events,64,cosine,none,inverse2,1000,0.0329315549495702,2.548380150003666,0.06567382523226066,2.59519496872529,2.6208508923098712,3.4710146039564744,7.048280222451436
events,64,cosine,l1,inverse2,1000,0.032931554949569515,2.548380150003666,0.06567382523226084,2.5951949687252895,2.620850892309865,3.4710146039564753,7.048280222451437
events,12,euclidean,sqrt_l1,uniform,1000,0.006868946333333526,2.385101413220919,0.0855527825833332,2.49596343896051,2.565089030766312,3.4738174328109928,6.348710396660021
events,24,cosine,l1,uniform,1000,0.039949754624999854,2.534779634426869,0.08100732900000014,2.5392823644542073,2.634549898624323,3.475583876783345,6.894364727088599
events,24,cosine,none,uniform,1000,0.039949754624999854,2.534779634426869,0.08100732900000014,2.5392823644542073,2.634549898624323,3.475583876783345,6.894364727088599
templates,5,cosine,l1,uniform,1000,0.010505311799999945,2.463191149680617,0.09464369240000005,2.5528150478771083,2.63788568998224,3.478962411724793,6.722297514897059
templates,5,cosine,none,uniform,1000,0.010505311799999945,2.463191149680617,0.09464369240000005,2.5528150478771083,2.63788568998224,3.478962411724793,6.722297514897059
events,3,cosine,none,inverse,1000,0.08824526510822986,2.506818128521335,0.12045844017240932,2.635998790551941,2.5368320064951355,3.480322745570338,7.0119365064780075
events,3,cosine,l1,inverse,1000,0.08824526510822915,2.506818128521335,0.12045844017240864,2.635998790551942,2.536832006495132,3.4803227455703403,7.011936506478062
events,32,euclidean,sqrt_l1,inverse2,1000,0.02196284202681278,2.3714894871561225,0.1143297576669335,2.4939202198054127,2.5155321363303633,3.4816595926290232,6.38462386694185
events,24,euclidean,sqrt_l1,inverse2,1000,0.020044037365457585,2.364550281402745,0.11175449895730767,2.4866165864949736,2.5390808277011505,3.4852134477766947,6.297349379191292
templates,8,euclidean,l1,uniform,1000,0.034141674624999924,2.450533263992627,0.018507330374999954,2.5731201739728826,2.567318298697575,3.4871575868764673,6.748945609716247
events,3,cosine,none,uniform,1000,0.08767702666666664,2.526654309242994,0.120906318,2.656573716239342,2.5400963638651106,3.487881828182169,7.092937934398425
events,3,cosine,l1,uniform,1000,0.08767702666666664,2.526654309242994,0.120906318,2.656573716239342,2.5400963638651106,3.487881828182169,7.092937934398425
events,32,cosine,none,inverse,1000,0.027559443088040696,2.5059570965689395,0.0643861194789244,2.5419657134558737,2.6080481991504194,3.4905212415227247,7.160882010198808
events,32,cosine,l1,inverse,1000,0.027559443088040623,2.505957096568939,0.06438611947892442,2.5419657134558733,2.6080481991504216,3.490521241522725,7.160882010198821
events,64,euclidean,none,inverse2,1000,0.04316757599889781,2.404183141628594,0.020951977225768845,2.50803748237132,2.5813523808179024,3.4909834296541673,6.342251793914248
events,3,cosine,none,inverse2,1000,0.08908995446742557,2.4997390695701394,0.1204894949700755,2.625834466309232,2.5116490542179077,3.49524820914398,7.024358980983801
events,3,cosine,l1,inverse2,1000,0.08908995446742424,2.4997390695701394,0.1204894949700744,2.625834466309233,2.511649054217929,3.495248209143989,7.024358980983757
events,48,euclidean,none,inverse,1000,0.03592753821471683,2.393749337383562,0.020921655030041463,2.5029995785933643,2.6097820591508856,3.4955248257461613,6.364573151001764
templates,5,euclidean,sqrt,inverse2,1000,-0.03088775168518493,2.395427311812805,0.04105224931596433,2.4770186696090772,2.6275604042747918,3.4962355804254126,6.349577026996804
events,24,euclidean,sqrt_l1,inverse,1000,0.020333156202688826,2.3722089797229455,0.11239624110048578,2.493437140519054,2.551372267045994,3.500629939106069,6.398365403611568
events,64,euclidean,sqrt_l1,inverse,1000,0.002913058244888539,2.443540695499157,0.09921148519887982,2.6180669179807086,2.5923980244110982,3.501589418141988,6.4916387801074835
templates,5,euclidean,sqrt,uniform,1000,-0.025858323799999892,2.420330940785166,0.041916421999999995,2.504406398735125,2.637275522866338,3.5018104375342545,6.37427075862134
events,64,euclidean,sqrt_l1,inverse2,1000,0.0037835637944859217,2.4286373980685005,0.0997333640776263,2.6007314698015263,2.581906435737718,3.511548259254379,6.485178220396557
events,32,euclidean,sqrt_l1,inverse,1000,0.022537094452925233,2.3810281921267267,0.11504061606096114,2.502017123010652,2.5346723021442776,3.513496269176733,6.366644196975898
events,24,euclidean,sqrt_l1,uniform,1000,0.02075783591666651,2.3798878941961688,0.11320429891666654,2.5007627467177564,2.5507330718252916,3.514140576063052,6.390339038969685
events,48,euclidean,sqrt_l1,inverse2,1000,0.022127831235873308,2.391271320397978,0.11038060932792244,2.5468195953982806,2.5686911711141356,3.5141633874565392,6.342950146122005
templates,48,cosine,l1,inverse2,1000,0.039222472539573006,2.5268941923279087,0.10117643438638015,2.645460458714705,2.5009933435353466,3.5151760125520424,7.062519982768238
templates,48,cosine,none,inverse2,1000,0.03922247253957326,2.526894192327909,0.1011764343863809,2.645460458714706,2.500993343535325,3.5151760125520513,7.062519982768232
events,48,euclidean,sqrt_l1,uniform,1000,0.023914401000000075,2.4136262993938233,0.1107421775208333,2.5720450969409705,2.5933288377001205,3.517734801127216,6.38058716899356
templates,5,euclidean,sqrt,inverse,1000,-0.02833436940009356,2.407474519934509,0.04157850974378664,2.4902259347742435,2.6309827407247575,3.5179676017572667,6.371816000485032
templates,1,euclidean,l1,inverse,1000,0.03717197499999993,2.4460121790857356,0.097673994,2.6198843078217546,2.576218435632196,3.5217487559463274,6.586336215628114
templates,1,euclidean,l1,uniform,1000,0.03717197499999993,2.4460121790857356,0.097673994,2.6198843078217546,2.576218435632196,3.5217487559463274,6.586336215628114
templates,1,euclidean,l1,inverse2,1000,0.03717197499999993,2.4460121790857356,0.097673994,2.6198843078217546,2.576218435632196,3.5217487559463274,6.586336215628114
events,48,euclidean,sqrt_l1,inverse,1000,0.022965557557208114,2.4026106460752144,0.11054363442258582,2.55951525152244,2.5686473150931093,3.522414087066045,6.351713531612322
templates,3,cosine,sqrt_l1,inverse2,1000,-0.056318241444221026,2.373610807901379,0.12459171802457343,2.498278673018045,2.5815135873366537,3.5226587086630476,6.271498064298044
templates,3,cosine,sqrt,inverse2,1000,-0.05631824144422054,2.373610807901378,0.12459171802457246,2.498278673018045,2.5815135873366617,3.522658708663057,6.271498064298037
events,32,euclidean,sqrt_l1,uniform,1000,0.02325152218750001,2.3904856084953456,0.11585581403124988,2.5103601826586814,2.550965934287283,3.5255599032830562,6.34357035407172
templates,12,euclidean,l1,inverse,1000,0.03772297194911822,2.4709596097844697,0.019520430327070088,2.6175328361639,2.5581177704152287,3.5298128807838776,6.889743437962935
templates,3,euclidean,sqrt,inverse2,1000,-0.08049431455135152,2.422586437566491,0.030356476325122023,2.511195117528975,2.6238067180124647,3.5317621585001295,6.409615693710566
events,8,euclidean,sqrt_l1,inverse2,1000,-0.005368238167553571,2.4264638705608776,0.09167642437627893,2.5285416004840844,2.68147826882584,3.5386114547046024,6.609018433506974
events,8,euclidean,sqrt_l1,inverse,1000,-0.006218920426343232,2.4325435144397267,0.09025871776702311,2.5279782339080397,2.666123405853215,3.5387247532436894,6.632882196476834
templates,3,euclidean,sqrt,inverse,1000,-0.07976029803020379,2.4315148850122843,0.031205292227492718,2.5188083176084928,2.6227403506877716,3.542530371457495,6.440908848669271
events,48,euclidean,none,uniform,1000,0.035088644000000134,2.4387018607615856,0.014782582979166634,2.556742383616274,2.654832137293038,3.5439347549280744,6.447563405957425
templates,8,euclidean,sqrt,inverse2,1000,-0.02073723042426442,2.431482264998604,0.04795364262991147,2.494926646976824,2.632768710067414,3.544438637853034,6.412164101340987
templates,3,cosine,sqrt,inverse,1000,-0.05839462455546786,2.386834083541596,0.12074118325439678,2.5079738790929857,2.5890845722481766,3.545184235499536,6.335817195029334
templates,3,cosine,sqrt_l1,inverse,1000,-0.058394624555467886,2.386834083541596,0.1207411832543974,2.5079738790929857,2.5890845722481854,3.545184235499538,6.335817195029334
templates,3,cosine,sqrt,uniform,1000,-0.0608078156666666,2.40325860819445,0.11686591566666658,2.5209308570042737,2.6270424631035505,3.5488929776840603,6.35027604906959
templates,3,cosine,sqrt_l1,uniform,1000,-0.0608078156666666,2.40325860819445,0.11686591566666658,2.5209308570042737,2.6270424631035505,3.5488929776840603,6.35027604906959
events,8,euclidean,sqrt_l1,uniform,1000,-0.006767418375000062,2.439287049743484,0.08896187362499995,2.5285932003318754,2.653202435780133,3.5492759246528176,6.576688313265061
events,16,cosine,sqrt,inverse,1000,0.006290254849373611,2.5055247179278464,0.11805710191954336,2.61094020483362,2.696225927774255,3.5501235969207703,6.648796460437682
events,16,cosine,sqrt_l1,inverse,1000,0.006290254849373611,2.5055247179278464,0.11805710191954336,2.6109402048336205,2.6962259277742477,3.550123596920778,6.648796460437682
events,64,euclidean,sqrt_l1,uniform,1000,0.0020867489531250383,2.45794345103588,0.0987156625312499,2.6349361503265527,2.607055861757939,3.552290178087532,6.617238055493703
templates,8,euclidean,sqrt,inverse,1000,-0.02028834530202553,2.452448070744607,0.04921379969253064,2.5158049339585657,2.646818926638766,3.555852433810728,6.47895126404934
templates,3,euclidean,sqrt,uniform,1000,-0.07898963466666668,2.4412439803202526,0.03201743366666662,2.527473563801168,2.6324451525715054,3.5570884512461056,6.536357165473988
templates,24,euclidean,l1,inverse2,1000,0.047348722595107084,2.554240612881437,0.04070905803800235,2.701719964778855,2.5901545008212477,3.5611275711281865,7.26834250627623
events,16,cosine,sqrt_l1,uniform,1000,0.008762886375000079,2.5198146030982524,0.11831793487499992,2.6203913132363748,2.7087106193090307,3.5631840997081854,6.743096181848095
events,16,cosine,sqrt,uniform,1000,0.008762886375000079,2.5198146030982524,0.11831793487499992,2.6203913132363748,2.7087106193090307,3.5631840997081854,6.743096181848095
templates,8,cosine,sqrt,inverse2,1000,-0.02870991753315073,2.409093434351799,0.0712647496595884,2.5306884129947176,2.6094685677147162,3.5730152531371573,6.470254717952859
templates,8,cosine,sqrt_l1,inverse2,1000,-0.02870991753315147,2.4090934343517993,0.07126474965958886,2.5306884129947176,2.609468567714678,3.5730152531371644,6.470254717952867
events,16,cosine,sqrt,inverse2,1000,0.004957791404365324,2.492190760213008,0.11870588575597092,2.6047416016222895,2.6781715434868523,3.5736226311955073,6.6362907428856985
events,16,cosine,sqrt_l1,inverse2,1000,0.004957791404365054,2.492190760213008,0.11870588575597063,2.6047416016222904,2.6781715434868456,3.57362263119551,6.6362907428856905
templates,1,cosine,l1,inverse,1000,0.04626288599999993,2.522118414618585,0.200704299,2.7739873667981265,2.589655869052138,3.573828395520157,7.251406220455138
templates,1,cosine,l1,inverse2,1000,0.04626288599999993,2.522118414618585,0.200704299,2.7739873667981265,2.589655869052138,3.573828395520157,7.251406220455138
templates,1,cosine,l1,uniform,1000,0.04626288599999993,2.522118414618585,0.200704299,2.7739873667981265,2.589655869052138,3.573828395520157,7.251406220455138
templates,1,cosine,none,inverse2,1000,0.04626288599999993,2.522118414618585,0.200704299,2.7739873667981265,2.589655869052138,3.573828395520157,7.251406220455138
templates,1,cosine,none,uniform,1000,0.04626288599999993,2.522118414618585,0.200704299,2.7739873667981265,2.589655869052138,3.573828395520157,7.251406220455138
templates,1,cosine,none,inverse,1000,0.04626288599999993,2.522118414618585,0.200704299,2.7739873667981265,2.589655869052138,3.573828395520157,7.251406220455138
templates,8,euclidean,sqrt,uniform,1000,-0.020024991749999978,2.4745981812268187,0.05032551037499991,2.537820462775098,2.6817934121382256,3.5826228592835414,6.497719008555811
events,8,cosine,sqrt,inverse2,1000,-0.021383693004054592,2.5368566484584676,0.11821432390704957,2.65505871357895,2.7094575235713556,3.5834264057458856,6.988757417114571
events,8,cosine,sqrt_l1,inverse2,1000,-0.021383693004055432,2.536856648458468,0.11821432390704939,2.6550587135789514,2.7094575235713423,3.5834264057458967,6.988757417114569
events,12,cosine,sqrt,inverse2,1000,-0.020839177372063217,2.5147778306128274,0.09694993019114778,2.625843471936511,2.6955110234222275,3.592030376071053,6.783395177446867
events,12,cosine,sqrt_l1,inverse2,1000,-0.02083917737206329,2.5147778306128274,0.09694993019114793,2.6258434719365122,2.695511023422233,3.5920303760710643,6.78339517744688
templates,64,cosine,none,inverse2,1000,0.0381315130376893,2.5802812512367415,0.10205626873648413,2.690784510288922,2.6093548146862875,3.6099860305218687,7.317964055281127
templates,64,cosine,l1,inverse2,1000,0.038131513037688636,2.5802812512367415,0.10205626873648377,2.6907845102889207,2.609354814686289,3.609986030521872,7.317964055281133
events,32,cosine,none,uniform,1000,0.022020461968749943,2.572593771147534,0.05723838943749981,2.5967487795834834,2.642912096769722,3.6202292721954796,7.268925012193955
events,32,cosine,l1,uniform,1000,0.022020461968749943,2.572593771147534,0.05723838943749981,2.5967487795834834,2.642912096769722,3.6202292721954796,7.268925012193955
events,3,euclidean,sqrt,inverse2,1000,-0.05614055583380814,2.571968914713325,0.03302420788751391,2.660268469293769,2.7794780336124854,3.6202457235570833,6.973206092333718
events,8,cosine,sqrt_l1,inverse,1000,-0.02468285799015723,2.5469818662879793,0.11539730677442096,2.65556557252303,2.73778426949986,3.6219818767348366,6.894259500526267
events,8,cosine,sqrt,inverse,1000,-0.02468285799015695,2.5469818662879793,0.11539730677442132,2.655565572523029,2.737784269499857,3.621981876734838,6.8942595005262675
events,48,cosine,none,inverse,1000,0.017557729852656564,2.5874089440429584,0.06299710915221268,2.6191868315669486,2.7194518129948917,3.6232023089257814,7.090351784203848
events,48,cosine,l1,inverse,1000,0.01755772985265635,2.5874089440429584,0.06299710915221289,2.619186831566948,2.7194518129948926,3.6232023089257814,7.090351784203848
events,3,euclidean,sqrt,inverse,1000,-0.05750112128872414,2.575752058969326,0.031441274711327835,2.6635091057513827,2.75574855027888,3.6335974381600042,6.975346759807782
templates,5,euclidean,sqrt_l1,inverse2,1000,-0.003745542279348079,2.4847261510573873,0.06668393148208893,2.6506201179381517,2.7046791027430843,3.6380011565046844,6.694066563788596
events,5,euclidean,sqrt_l1,inverse2,1000,-0.01408022400195749,2.5484503101922713,0.09803869355841645,2.6352206544295935,2.754580689936099,3.643363437878832,6.704650920078518
events,64,euclidean,none,inverse,1000,0.044612091841181464,2.469686331501027,0.014663505297630025,2.580538038576229,2.688378219667404,3.6463098178793936,6.535440471687823
templates,8,cosine,sqrt,inverse,1000,-0.030811971894854254,2.4589863315213436,0.06992165295223608,2.5728679255451117,2.6463045026152394,3.6482505869191435,6.533556717662568
templates,8,cosine,sqrt_l1,inverse,1000,-0.03081197189485468,2.4589863315213436,0.06992165295223599,2.572867925545112,2.646304502615239,3.648250586919154,6.533556717662566
templates,12,euclidean,sqrt,inverse2,1000,0.023221840783305126,2.505658705840755,0.053830010045383375,2.588120580876321,2.6926450724788435,3.6482839801152456,6.673358405988015
templates,5,euclidean,sqrt_l1,inverse,1000,-0.0038914414946772027,2.495913523340877,0.06423708050617717,2.661784982418387,2.7132751428449096,3.6482958144191198,6.697018816044901
events,24,cosine,sqrt_l1,inverse2,1000,0.00892726792338565,2.521338078210168,0.100926985710896,2.5957140154586096,2.67929489915028,3.649973466392928,6.679150537884058
events,24,cosine,sqrt,inverse2,1000,0.00892726792338587,2.521338078210168,0.10092698571089603,2.5957140154586087,2.6792948991502734,3.6499734663929404,6.679150537884064
templates,12,cosine,sqrt,inverse2,1000,-0.015154216169137164,2.46869427493442,0.06514335963565566,2.6196517650916946,2.6639717659827733,3.6514699856683497,6.552663955416834
templates,12,cosine,sqrt_l1,inverse2,1000,-0.015154216169137981,2.4686942749344194,0.06514335963565591,2.619651765091695,2.6639717659827706,3.6514699856683532,6.552663955416848
events,3,euclidean,sqrt,uniform,1000,-0.0587876186666667,2.5813520670455947,0.029997228999999962,2.668581432786027,2.757132860312109,3.657993603601155,6.95352047889551
templates,5,euclidean,sqrt_l1,uniform,1000,-0.004040142799999955,2.5078904949316745,0.061916419599999904,2.6738838693487086,2.7327546088685155,3.6599206120094014,6.723488803716327
events,32,cosine,sqrt,inverse2,1000,-0.001828373639835405,2.5264744292812713,0.09764566602929854,2.6259765457211848,2.749475392105464,3.6686809338755997,6.768571288888111
events,32,cosine,sqrt_l1,inverse2,1000,-0.0018283736398354478,2.526474429281271,0.09764566602929849,2.625976545721185,2.7494753921054653,3.6686809338756,6.76857128888811
events,24,cosine,sqrt_l1,inverse,1000,0.010867550719195491,2.539637649514014,0.09862399100047389,2.60650602180757,2.7388657391554587,3.668709762792984,6.727443618823752
events,24,cosine,sqrt,inverse,1000,0.010867550719195514,2.539637649514014,0.09862399100047381,2.606506021807569,2.738865739155464,3.668709762792985,6.727443618823763
events,8,cosine,sqrt,uniform,1000,-0.026464385750000062,2.56063093930994,0.11320429774999993,2.66088632743397,2.7614717532818105,3.66955560895924,6.823153879025466
events,8,cosine,sqrt_l1,uniform,1000,-0.026464385750000062,2.56063093930994,0.11320429774999993,2.66088632743397,2.7614717532818105,3.66955560895924,6.823153879025466
events,5,euclidean,sqrt_l1,uniform,1000,-0.01737347799999992,2.5670464435389424,0.09524975139999999,2.637360808303261,2.769777805676582,3.6725556610862786,6.668609652605349
templates,16,cosine,l1,inverse,1000,0.028157835319854357,2.6191289261217454,0.04059133548742575,2.7188765745077013,2.597126233327353,3.6785362726242,7.357469666330252
templates,16,cosine,none,inverse,1000,0.028157835319854597,2.619128926121746,0.04059133548742563,2.718876574507702,2.5971262333273613,3.6785362726242012,7.357469666330204
events,5,euclidean,sqrt_l1,inverse,1000,-0.01592720451480551,2.5572020125732973,0.09658669635795945,2.6355439432724754,2.7879491840448045,3.6789649020934996,6.715794409545499
templates,32,euclidean,l1,inverse2,1000,0.03442767930048016,2.6992108686884237,0.0532914393977688,2.8364452537269003,2.668979417586119,3.683818253022093,7.727793799460417
events,12,cosine,sqrt,inverse,1000,-0.023080000612018096,2.5293998734572356,0.09170618405421087,2.6307200097338574,2.715752259861798,3.6854867615948415,6.80348784613887
events,12,cosine,sqrt_l1,inverse,1000,-0.02308000061201804,2.5293998734572356,0.09170618405421055,2.6307200097338574,2.7157522598617954,3.6854867615948463,6.8034878461388635
templates,3,euclidean,sqrt_l1,inverse2,1000,-0.05904676391400615,2.5515833538534443,0.11820375529698365,2.6584413131091913,2.709064623684718,3.685737055953703,6.830745333354613
templates,3,euclidean,sqrt_l1,uniform,1000,-0.06282801833333329,2.5656331843650033,0.11585581433333318,2.6701776057847266,2.7648203059217993,3.6941025981795055,6.862374422861508
templates,3,euclidean,sqrt_l1,inverse,1000,-0.060951646790038436,2.5582793772167673,0.11700766305012693,2.6639617242013536,2.737568271130872,3.6949165654262335,6.861599018561945
events,64,cosine,none,inverse,1000,0.025564093541472446,2.6676863669225064,0.05934874869033925,2.7064054233371717,2.749714953120039,3.6976262478351942,7.2796767149463
events,64,cosine,l1,inverse,1000,0.0255640935414724,2.667686366922506,0.059348748690339265,2.7064054233371717,2.7497149531200407,3.697626247835199,7.279676714946301
templates,16,euclidean,l1,inverse,1000,0.055783660047511605,2.611094918066781,0.01142625276229647,2.7807036419698155,2.6460215284146846,3.7021096623105167,7.282453486778856
events,32,cosine,sqrt_l1,inverse,1000,-0.0024245887666019144,2.5476614655958874,0.09515836573030734,2.6435794636413723,2.7733678064996212,3.7036964741312746,6.793424255821732
events,32,cosine,sqrt,inverse,1000,-0.002424588766602099,2.547661465595888,0.09515836573030713,2.643579463641372,2.7733678064996172,3.703696474131289,6.793424255821741
templates,8,cosine,l1,uniform,1000,0.040581067500000095,2.685995409235146,0.027977027749999904,2.704453285280032,2.6718416415248227,3.7067957221628154,7.360059508333027
templates,8,cosine,none,uniform,1000,0.040581067500000095,2.685995409235146,0.027977027749999904,2.704453285280032,2.6718416415248227,3.7067957221628154,7.360059508333027
templates,12,euclidean,sqrt,inverse,1000,0.027228375456158034,2.54200697885798,0.05592293179044572,2.62744187892205,2.7519448256499803,3.715725638850329,6.793008956196285
events,12,cosine,sqrt_l1,uniform,1000,-0.02393913341666655,2.546123030603634,0.0870679340833333,2.6396635405682627,2.741749761621996,3.725230951924934,6.858811791745005
events,12,cosine,sqrt,uniform,1000,-0.02393913341666655,2.546123030603634,0.0870679340833333,2.6396635405682627,2.741749761621996,3.725230951924934,6.858811791745005
events,64,euclidean,none,uniform,1000,0.04612084085937502,2.53081450685897,0.008753543234374973,2.648240977817641,2.7612050533967674,3.725881731672857,6.576345166278556
events,24,cosine,sqrt_l1,uniform,1000,0.013687128916666737,2.557998270344358,0.09704268341666673,2.619472636460185,2.7797231878200757,3.7260714069806955,6.77360615046206
events,24,cosine,sqrt,uniform,1000,0.013687128916666737,2.557998270344358,0.09704268341666673,2.619472636460185,2.7797231878200757,3.7260714069806955,6.77360615046206
templates,8,cosine,sqrt,uniform,1000,-0.034040144624999956,2.515756340254515,0.06964369262499986,2.6208372772594286,2.747094506066979,3.7410740636380777,6.700325478182255
templates,8,cosine,sqrt_l1,uniform,1000,-0.034040144624999956,2.515756340254515,0.06964369262499986,2.6208372772594286,2.747094506066979,3.7410740636380777,6.700325478182255
events,32,cosine,sqrt,uniform,1000,-0.0024113558750000264,2.568186585754562,0.0933179360624999,2.662467437555094,2.8107200872246976,3.7429574969573265,6.805182600155642
events,32,cosine,sqrt_l1,uniform,1000,-0.0024113558750000264,2.568186585754562,0.0933179360624999,2.662467437555094,2.8107200872246976,3.7429574969573265,6.805182600155642
templates,12,euclidean,sqrt,uniform,1000,0.03136389708333329,2.580230820242022,0.05777500633333328,2.668870943409057,2.7909413705343797,3.7460163161535536,6.908670533683282
templates,8,euclidean,sqrt_l1,inverse2,1000,-0.011271367553717802,2.5497806711067423,0.08898310241807098,2.6796876775455987,2.750363964318078,3.7462550392222083,6.705989380047329
events,5,cosine,sqrt_l1,inverse2,1000,-0.006897752147499631,2.633857603890975,0.1306351657465811,2.7625149482953772,2.7620690436921986,3.754753087760896,7.1960351215908736
events,5,cosine,sqrt,inverse2,1000,-0.006897752147499176,2.633857603890974,0.13063516574658116,2.7625149482953764,2.762069043692178,3.7547530877609,7.196035121590873
templates,12,euclidean,l1,uniform,1000,0.02984874491666671,2.6744550121618325,-0.00156842749999997,2.816323330527596,2.690468155548565,3.7600919543049502,7.539878818657812
events,5,cosine,sqrt,uniform,1000,-0.019797720799999963,2.657558131698823,0.1255527832,2.766907758506485,2.834639997267942,3.7635753930826206,7.023082348561618
events,5,cosine,sqrt_l1,uniform,1000,-0.019797720799999963,2.657558131698823,0.1255527832,2.766907758506485,2.834639997267942,3.7635753930826206,7.023082348561618
templates,3,euclidean,none,inverse2,1000,0.0316153356233749,2.6274275063275967,-0.007341372383046661,2.7519427280247557,2.8080422637817293,3.7656464133546796,7.030673644863677
templates,12,cosine,sqrt_l1,inverse,1000,-0.015743673197629475,2.5504791248336196,0.06052638711819708,2.6945405857497504,2.7214426760588255,3.766201350311755,6.893284586585824
templates,12,cosine,sqrt,inverse,1000,-0.015743673197629034,2.550479124833619,0.0605263871181972,2.6945405857497504,2.7214426760588273,3.7662013503117633,6.893284586585825
events,48,cosine,sqrt,inverse2,1000,-0.013828402886304766,2.5638187656274765,0.09768035042727195,2.682407501270622,2.8106921173244963,3.767878398221254,6.762890061736288
events,48,cosine,sqrt_l1,inverse2,1000,-0.013828402886304901,2.5638187656274765,0.097680350427272,2.6824075012706223,2.8106921173245114,3.7678783982212556,6.762890061736287
templates,16,euclidean,sqrt,inverse2,1000,0.005034816359597179,2.6195349154861804,0.033244655804172143,2.711625002520725,2.791406941522692,3.7748261649913326,7.0456320010332085
events,5,cosine,sqrt,inverse,1000,-0.01383817709568308,2.642810529743414,0.1278609647425607,2.7616585138447847,2.797452863628905,3.7815753571924593,7.15734270386234
events,5,cosine,sqrt_l1,inverse,1000,-0.01383817709568325,2.642810529743415,0.12786096474256067,2.7616585138447856,2.797452863628904,3.781575357192462,7.157342703862348
templates,16,cosine,sqrt,inverse2,1000,-0.006473081115884803,2.586550739809204,0.07799025312244452,2.721385842582412,2.7580246549807983,3.7832556671523196,7.056065736763185
templates,16,cosine,sqrt_l1,inverse2,1000,-0.006473081115885492,2.5865507398092036,0.07799025312244487,2.7213858425824125,2.7580246549807956,3.783255667152321,7.056065736763217
events,48,cosine,l1,uniform,1000,0.006490158999999977,2.6848314339885957,0.05834318804166674,2.713353833819594,2.8277195574546616,3.7888567306787007,7.179406547158666
events,48,cosine,none,uniform,1000,0.006490158999999977,2.6848314339885957,0.05834318804166674,2.713353833819594,2.8277195574546616,3.7888567306787007,7.179406547158666
templates,3,euclidean,none,inverse,1000,0.03996768923179914,2.646944819812308,-0.008071673203043275,2.7638296684641697,2.833779199949557,3.796985436253184,7.117046826413471
templates,8,euclidean,sqrt_l1,inverse,1000,-0.012735251074072217,2.5722216465733663,0.08871870886240339,2.6996098098230945,2.7689490813799353,3.7993933027381557,6.815122168517462
events,48,cosine,sqrt,inverse,1000,-0.015107902772959833,2.5905102987252175,0.09554871736809625,2.7096515888871617,2.8468132477832473,3.818096715995393,6.821584478204939
events,48,cosine,sqrt_l1,inverse,1000,-0.015107902772959982,2.590510298725217,0.09554871736809628,2.709651588887162,2.846813247783249,3.8180967159953942,6.821584478204936
templates,16,euclidean,sqrt,inverse,1000,0.00618129753482944,2.6767378654635405,0.03142258334996147,2.7721194755866136,2.807744845672125,3.828718188500202,7.341064065310979
templates,12,cosine,sqrt_l1,uniform,1000,-0.016615901750000012,2.6435233058693957,0.05575480499999995,2.78046802347756,2.8270596966292256,3.834580832626146,7.201931219895536
templates,12,cosine,sqrt,uniform,1000,-0.016615901750000012,2.6435233058693957,0.05575480499999995,2.78046802347756,2.8270596966292256,3.834580832626146,7.201931219895536
templates,3,euclidean,none,uniform,1000,0.04929319166666667,2.677310308361025,-0.008386607333333459,2.787286590651135,2.9152200977936102,3.8356332637120376,7.202202493189178
templates,5,euclidean,none,inverse2,1000,0.022886141146203635,2.6222713412217415,-0.009535076556150586,2.738058025648942,2.818264965909589,3.842769958367369,6.928186776354782
templates,8,euclidean,sqrt_l1,uniform,1000,-0.01434317462500001,2.5959316535391723,0.08858308599999992,2.7205633096712396,2.8083631745221274,3.842794854275642,6.861150223731148
events,3,euclidean,sqrt_l1,inverse2,1000,-0.027038050632189163,2.6778479490020484,0.09591556002535725,2.836015667373822,2.8833657540112494,3.8478149608266734,7.634536393947848
events,3,euclidean,sqrt_l1,inverse,1000,-0.03183698859180421,2.682906311211913,0.09420916121034542,2.8379195999069258,2.91962685361884,3.853184993025924,7.670168500262291
events,64,cosine,sqrt_l1,inverse2,1000,-0.012232017631156552,2.6084143598311047,0.09896282046395226,2.7276703675002243,2.8426372720760296,3.861824198809877,7.027486883117897
events,64,cosine,sqrt,inverse2,1000,-0.012232017631156453,2.6084143598311043,0.09896282046395195,2.727670367500224,2.842637272076037,3.8618241988098805,7.027486883117883
events,3,euclidean,sqrt_l1,uniform,1000,-0.0365653956666667,2.6895624171913615,0.09262348799999992,2.841598743609964,2.9322995589654575,3.877746427180741,7.684414467037082
events,3,cosine,sqrt_l1,inverse2,1000,-0.005152941170990957,2.7722902862563448,0.13339220620685668,2.9010687112180396,2.930693707576616,3.9102257932566173,7.881488923342973
events,3,cosine,sqrt,inverse2,1000,-0.005152941170990218,2.7722902862563443,0.133392206206857,2.901068711218038,2.9306937075766175,3.910225793256634,7.881488923342966
events,64,cosine,sqrt_l1,inverse,1000,-0.013071326013647308,2.6431966847764983,0.0972769832677011,2.763607765939848,2.8936300658377214,3.9107433813415993,7.142354116661821
events,64,cosine,sqrt,inverse,1000,-0.013071326013647465,2.6431966847764983,0.09727698326770098,2.7636077659398475,2.893630065837719,3.9107433813416055,7.14235411666182
events,48,cosine,sqrt,uniform,1000,-0.01573206316666662,2.615293802975266,0.09401238024999994,2.736817208334059,2.8832314327720927,3.911898915014263,6.916930560362736
events,48,cosine,sqrt_l1,uniform,1000,-0.01573206316666662,2.615293802975266,0.09401238024999994,2.736817208334059,2.8832314327720927,3.911898915014263,6.916930560362736
templates,12,euclidean,sqrt_l1,inverse2,1000,0.009127716845953848,2.6416138155280136,0.1005042212588929,2.78911247667496,2.9046364906244504,3.919996018087334,6.94678863551234
templates,16,euclidean,sqrt,uniform,1000,0.007247735625000107,2.736737229992283,0.02892399825000001,2.834494951518511,2.834345896280329,3.921246414195918,7.548415266144882
templates,1,euclidean,sqrt,uniform,1000,-0.10828256400000001,2.7329598305999037,0.0007043029999999675,2.9185329855706716,2.9793365024682457,3.9295796611075775,7.6615092024127645
templates,1,euclidean,sqrt,inverse,1000,-0.10828256400000001,2.7329598305999037,0.0007043029999999675,2.9185329855706716,2.9793365024682457,3.9295796611075775,7.6615092024127645
templates,1,euclidean,sqrt,inverse2,1000,-0.10828256400000001,2.7329598305999037,0.0007043029999999675,2.9185329855706716,2.9793365024682457,3.9295796611075775,7.6615092024127645
templates,8,euclidean,none,inverse2,1000,0.03872532969089458,2.6456257680620516,-0.001966134987106727,2.810277513801364,2.9306578399131364,3.9479896776363606,6.988731686607298
events,64,cosine,l1,uniform,1000,0.016385991765625035,2.806458769190611,0.0540186933749998,2.8455466049320215,2.903719854369576,3.951320092102718,7.486434836225741
events,64,cosine,none,uniform,1000,0.016385991765625035,2.806458769190611,0.0540186933749998,2.8455466049320215,2.903719854369576,3.951320092102718,7.486434836225741
templates,5,euclidean,none,inverse,1000,0.020090913182728314,2.6643192078568516,-0.009936871288171318,2.767222561352329,2.896465701432348,3.953203038930415,6.992598895956635
events,64,cosine,sqrt,uniform,1000,-0.013301507999999998,2.675574505380001,0.09615884462499989,2.7983315577776633,2.969553265715339,3.960596991086724,7.163941063887464
events,64,cosine,sqrt_l1,uniform,1000,-0.013301507999999998,2.675574505380001,0.09615884462499989,2.7983315577776633,2.969553265715339,3.960596991086724,7.163941063887464
events,3,cosine,sqrt,uniform,1000,-0.023434082666666682,2.7880112942487076,0.12494672233333319,2.9056491666858943,2.9168143326571148,3.968859534411917,7.875691858243254
events,3,cosine,sqrt_l1,uniform,1000,-0.023434082666666682,2.7880112942487076,0.12494672233333319,2.9056491666858943,2.9168143326571148,3.968859534411917,7.875691858243254
templates,12,euclidean,sqrt_l1,inverse,1000,0.00906451194089189,2.6803757987454166,0.101059098037518,2.8273499407604765,2.9335332800617104,3.971132472507012,6.9843580829585425
events,3,cosine,sqrt_l1,inverse,1000,-0.014191548063230166,2.7763174275777978,0.1289155511167623,2.899522483809374,2.9161094548835065,3.9719433614360167,7.87738839064118
events,3,cosine,sqrt,inverse,1000,-0.01419154806322981,2.7763174275777973,0.12891555111676256,2.899522483809373,2.9161094548834936,3.971943361436017,7.877388390641187
templates,24,euclidean,l1,inverse,1000,0.03723019992087421,2.9456617371633103,0.021561492023843512,3.066557662674094,2.859011662218787,3.9790396842892397,8.47792410255019
templates,48,euclidean,l1,inverse2,1000,0.028597791749344424,2.953085302839248,0.035292536672414,3.0866297498681283,2.7875502030867914,3.9816719845231243,8.455773741646802
templates,16,cosine,sqrt,inverse,1000,-0.0028955426195805957,2.709610487323022,0.07511055430255609,2.845867929623937,2.842160166893791,4.002831197927759,7.393386548734852
templates,16,cosine,sqrt_l1,inverse,1000,-0.0028955426195807236,2.709610487323022,0.07511055430255624,2.845867929623937,2.842160166893784,4.002831197927759,7.393386548734857
templates,24,cosine,sqrt_l1,inverse2,1000,-0.014733267581375407,2.7406109946500146,0.07427243406239226,2.8621909304348376,2.9118542859150836,4.009563813835909,7.352279212351664
templates,24,cosine,sqrt,inverse2,1000,-0.014733267581374342,2.7406109946500146,0.07427243406239158,2.8621909304348376,2.9118542859150924,4.009563813835913,7.3522792123516645
templates,24,euclidean,sqrt,inverse2,1000,0.00011932641336597527,2.8267360136047683,0.05289211689972224,2.942949116358115,2.916872747353786,4.013452263290927,7.8538329250404
templates,16,euclidean,l1,uniform,1000,0.055921976125,2.8642494664707367,-0.0072502465624999105,3.042583070654248,2.8435991616381218,4.013648263324624,8.036834625251513
events,1,euclidean,l1,inverse2,1000,0.103838641,2.7458571599101376,0.185552783,2.810543257897018,2.9811098850063935,4.019063426972972,7.203552393497586
events,1,euclidean,l1,uniform,1000,0.103838641,2.7458571599101376,0.185552783,2.810543257897018,2.9811098850063935,4.019063426972972,7.203552393497586
events,1,euclidean,l1,inverse,1000,0.103838641,2.7458571599101376,0.185552783,2.810543257897018,2.9811098850063935,4.019063426972972,7.203552393497586
templates,24,cosine,l1,inverse,1000,0.031791418194678525,2.822539861003376,0.055918148054073386,2.8937740658529396,2.814491187399226,4.031123325447032,7.831351177396285
templates,24,cosine,none,inverse,1000,0.03179141819467924,2.8225398610033756,0.055918148054072705,2.8937740658529414,2.814491187399221,4.031123325447033,7.83135117739626
templates,12,euclidean,sqrt_l1,uniform,1000,0.009141674166666853,2.7211906322207935,0.10171440049999987,2.867403646673526,2.9553000277589296,4.040460052607749,7.215057707692607
templates,5,euclidean,none,uniform,1000,0.015959858200000027,2.7211585338500854,-0.009598729799999916,2.810715501209119,2.9626780670425665,4.042561792290824,7.082036500732252
templates,12,cosine,l1,uniform,1000,0.01621238158333346,2.9156698970741854,-0.014194689916666718,2.998627347945295,2.9286805851899396,4.04684889538688,8.314039535829814
templates,12,cosine,none,uniform,1000,0.01621238158333346,2.9156698970741854,-0.014194689916666718,2.998627347945295,2.9286805851899396,4.04684889538688,8.314039535829814
templates,16,euclidean,sqrt_l1,inverse2,1000,0.00356668887742142,2.7435211092748846,0.08170837223639012,2.886851595883843,2.9687203945110925,4.058183877658502,7.430177354842445
templates,1,cosine,sqrt,inverse2,1000,-0.07797953300000005,2.8403065567869312,0.137067939,2.9430504409367995,2.9891843169690064,4.068465127751783,7.806816720470034
templates,1,cosine,sqrt_l1,uniform,1000,-0.07797953300000005,2.8403065567869312,0.137067939,2.9430504409367995,2.9891843169690064,4.068465127751783,7.806816720470034
templates,1,cosine,sqrt,inverse,1000,-0.07797953300000005,2.8403065567869312,0.137067939,2.9430504409367995,2.9891843169690064,4.068465127751783,7.806816720470034
templates,1,cosine,sqrt,uniform,1000,-0.07797953300000005,2.8403065567869312,0.137067939,2.9430504409367995,2.9891843169690064,4.068465127751783,7.806816720470034
templates,1,cosine,sqrt_l1,inverse2,1000,-0.07797953300000005,2.8403065567869312,0.137067939,2.9430504409367995,2.9891843169690064,4.068465127751783,7.806816720470034
templates,1,cosine,sqrt_l1,inverse,1000,-0.07797953300000005,2.8403065567869312,0.137067939,2.9430504409367995,2.9891843169690064,4.068465127751783,7.806816720470034
templates,1,euclidean,none,uniform,1000,-0.03858559799999998,2.729075407626479,-0.038689638000000005,3.008585605703107,3.0072486351793613,4.068622505195745,7.696886681828558
templates,1,euclidean,none,inverse2,1000,-0.03858559799999998,2.729075407626479,-0.038689638000000005,3.008585605703107,3.0072486351793613,4.068622505195745,7.696886681828558
templates,1,euclidean,none,inverse,1000,-0.03858559799999998,2.729075407626479,-0.038689638000000005,3.008585605703107,3.0072486351793613,4.068622505195745,7.696886681828558
templates,8,euclidean,none,inverse,1000,0.040281190748184564,2.7037149939705047,-0.004003811041279903,2.8696437935872137,3.036917294498216,4.076443025737873,7.07742937503354
templates,12,euclidean,log1p,inverse,1000,-0.008488507079167073,2.774263996565521,0.1237330081127171,2.91023953746075,3.0222956878380254,4.0871427280329975,7.493159105801403
templates,12,euclidean,log1p,inverse2,1000,-0.010188949086746963,2.761756724890781,0.12306002177314457,2.8999055399824187,3.0142841807819556,4.094091627960732,7.44509126245719
templates,12,euclidean,log1p,uniform,1000,-0.00701994033333329,2.787274315585634,0.124441675,2.9211067517118283,3.040860687018908,4.094212416427683,7.547517986688911
templates,12,euclidean,none,inverse2,1000,0.029700037723744317,2.736485299276775,-0.00718407172820119,2.8879609311995247,3.105980723761424,4.097770431432878,7.2767782429957
templates,8,euclidean,log1p,inverse2,1000,-0.001294261638599311,2.7721256187384893,0.09626178174419593,2.905159304302173,2.981817765496767,4.100221079803234,7.347070215326242
templates,8,euclidean,log1p,inverse,1000,0.001542279497989142,2.7822722473542134,0.095986117165323,2.9133074930245804,2.972319469058085,4.1157403914482735,7.348765766635852
templates,8,euclidean,log1p,uniform,1000,0.0042174330000000265,2.793046391253275,0.09578005874999992,2.9220897150985654,2.97808313732653,4.117695484564156,7.38660323600925
templates,16,euclidean,sqrt_l1,inverse,1000,0.0029037299509734353,2.8039567447359586,0.07878537109997133,2.9485760821525906,3.0340988506570525,4.133222756880882,7.618520530738791
templates,16,cosine,sqrt,uniform,1000,0.0009977348125001697,2.8495181467909054,0.07267399618750003,2.994483709776733,3.0360692228025288,4.140692726919131,7.773258696220579
templates,16,cosine,sqrt_l1,uniform,1000,0.0009977348125001697,2.8495181467909054,0.07267399618750003,2.994483709776733,3.0360692228025288,4.140692726919131,7.773258696220579
templates,16,euclidean,log1p,inverse2,1000,-0.025904989739621614,2.855205045004343,0.11073547908328288,2.9594464551785244,3.08353036965432,4.1568822451733105,7.843902279204538
templates,32,cosine,sqrt_l1,inverse2,1000,-0.011739794391701629,2.8665386618443818,0.0789076503586927,2.9799759663155,3.011252949227562,4.16304818974609,7.723648163871297
templates,32,cosine,sqrt,inverse2,1000,-0.011739794391700713,2.8665386618443818,0.07890765035869211,2.9799759663154997,3.0112529492275693,4.16304818974609,7.723648163871299
templates,24,euclidean,sqrt,inverse,1000,0.0016652930250087828,2.9371038698394494,0.05332401378176401,3.053643420726389,2.9796504755472712,4.184095465643631,8.223762862725463
templates,5,euclidean,log1p,inverse2,1000,-0.020610023434682732,2.757473663873771,0.09112102837048001,2.938036961000184,3.093295098758338,4.1848195543856885,7.300840735964606
templates,5,euclidean,log1p,uniform,1000,-0.013737110799999862,2.7673764902667735,0.08979521120000004,2.9460578005533056,3.098917929208194,4.187866134595793,7.199321529283626
templates,16,euclidean,log1p,inverse,1000,-0.025209072369412062,2.875191333871694,0.110277218807645,2.976165130613903,3.091752723562621,4.195503585895923,7.864288934335695
templates,16,euclidean,none,inverse2,1000,0.03951427607081375,2.806684098935434,-0.010386422143429002,2.9772914026385364,3.1445558051316755,4.201442067274336,7.371511305999017
events,1,cosine,l1,inverse,1000,0.100808338,2.9984732506518768,0.15221944900000006,2.9994223400656717,3.0645877184080685,4.202408553304499,8.301503010849249
events,1,cosine,l1,inverse2,1000,0.100808338,2.9984732506518768,0.15221944900000006,2.9994223400656717,3.0645877184080685,4.202408553304499,8.301503010849249
events,1,cosine,l1,uniform,1000,0.100808338,2.9984732506518768,0.15221944900000006,2.9994223400656717,3.0645877184080685,4.202408553304499,8.301503010849249
events,1,cosine,none,inverse2,1000,0.100808338,2.9984732506518768,0.15221944900000006,2.9994223400656717,3.0645877184080685,4.202408553304499,8.301503010849249
events,1,cosine,none,inverse,1000,0.100808338,2.9984732506518768,0.15221944900000006,2.9994223400656717,3.0645877184080685,4.202408553304499,8.301503010849249
events,1,cosine,none,uniform,1000,0.100808338,2.9984732506518768,0.15221944900000006,2.9994223400656717,3.0645877184080685,4.202408553304499,8.301503010849249
templates,5,euclidean,log1p,inverse,1000,-0.017104311576441565,2.7620729170545344,0.09046356762917616,2.9416996110249793,3.099413562331765,4.203479087114916,7.24822419097087
templates,32,cosine,l1,inverse,1000,0.03497658030353104,2.9848781012113643,0.06707220408925223,3.0621576363386995,2.9398383364438168,4.227748812073848,8.251543319027657
templates,32,cosine,none,inverse,1000,0.034976580303531304,2.9848781012113643,0.06707220408925174,3.062157636338701,2.9398383364438168,4.227748812073926,8.251543319027615
templates,24,cosine,sqrt_l1,inverse,1000,-0.013991841457624055,2.9646940705578766,0.07097226047564925,3.069332268238441,3.0755090591534597,4.231383414816195,7.949866610096724
templates,24,cosine,sqrt,inverse,1000,-0.013991841457623912,2.9646940705578766,0.0709722604756487,3.069332268238441,3.075509059153467,4.231383414816204,7.9498666100967315
templates,16,euclidean,log1p,uniform,1000,-0.024759839812499875,2.8956474247238293,0.10979521018750005,2.9935438524738656,3.077373230087556,4.240132521089586,7.910719746699827
templates,32,euclidean,sqrt,inverse2,1000,-0.020234599120864595,3.036203349676168,0.03800345052278023,3.136307746541414,2.9469149484843316,4.247379391562727,8.606417318622215
templates,16,euclidean,sqrt_l1,uniform,1000,0.002323492625000064,2.867186855194045,0.07551490512500009,3.0137427739862894,3.0769678713663495,4.256061139037694,7.86858575028057
events,24,euclidean,log1p,inverse2,1000,0.002725022697129294,2.917329108578263,0.06404561666446539,3.0010433473564375,3.052725738820717,4.260451742330489,8.038017077376301
events,24,euclidean,log1p,inverse,1000,0.002334762165008101,2.926188874410025,0.0626459293839021,3.0098791014040485,3.064958525599842,4.265327190647579,8.041291309016323
events,16,euclidean,log1p,uniform,1000,0.013118947250000098,2.952316263262383,0.09956793724999997,3.003729051216099,3.1490682856714383,4.266730431497612,7.89129474954542
templates,8,euclidean,none,uniform,1000,0.042096219999999934,2.7746186753574773,-0.006492669750000062,2.944253004159595,3.1178599575619548,4.26684106793031,7.232419416148889
templates,24,euclidean,sqrt_l1,inverse2,1000,-0.0061968781376291705,2.941819786947221,0.09722764276336392,3.071998480201834,3.1118930012890558,4.27121289177304,8.0323772496436
templates,1,euclidean,sqrt_l1,inverse2,1000,0.0008083459999999363,2.9512361538800826,0.11585581699999997,3.0616669856217094,3.146055977544473,4.277177605525815,7.994409363996486
templates,1,euclidean,sqrt_l1,uniform,1000,0.0008083459999999363,2.9512361538800826,0.11585581699999997,3.0616669856217094,3.146055977544473,4.277177605525815,7.994409363996486
templates,1,euclidean,sqrt_l1,inverse,1000,0.0008083459999999363,2.9512361538800826,0.11585581699999997,3.0616669856217094,3.146055977544473,4.277177605525815,7.994409363996486
events,24,euclidean,log1p,uniform,1000,0.002070967291666502,2.93536915863756,0.06131036120833337,3.0190072057397255,3.0580005985020735,4.2786832255960405,8.096650685768209
templates,12,euclidean,none,inverse,1000,0.028144794943836756,2.8386293521672616,-0.013803797527902574,2.9944403866376277,3.207056065237241,4.284657071663483,7.3785068603672075
templates,24,euclidean,sqrt,uniform,1000,0.0033335931250000144,3.0527606632088298,0.05310329074999993,3.16758666241266,3.0356298983028225,4.285988625839559,8.573837878968705
events,48,euclidean,log1p,inverse2,1000,-0.00842107390302304,2.9677686938800036,0.07881292967963449,3.0564723445018287,3.0716377845702354,4.287321182711079,8.395511135604975
events,12,euclidean,log1p,inverse2,1000,0.000437226693854857,2.953604122747899,0.08597163659804448,3.028496299562854,3.2207482599438184,4.290041962541641,7.876685754653516
events,16,euclidean,log1p,inverse2,1000,0.012193004773013452,2.9385428234908093,0.09822077974226963,2.9908442836137428,3.151899257963602,4.296639924479422,7.930234912240975
events,16,euclidean,log1p,inverse,1000,0.012586652461414225,2.945108178682859,0.09888127264204744,2.9969627103355325,3.125425187529511,4.2990384862953475,7.876377603446251
events,1,euclidean,none,uniform,1000,-0.0052522669999999745,2.905174613706836,0.10676490499999995,3.0007935047972585,3.093339227388199,4.3168378870731745,7.713161024105433
events,1,euclidean,none,inverse,1000,-0.0052522669999999745,2.905174613706836,0.10676490499999995,3.0007935047972585,3.093339227388199,4.3168378870731745,7.713161024105433
events,1,euclidean,none,inverse2,1000,-0.0052522669999999745,2.905174613706836,0.10676490499999995,3.0007935047972585,3.093339227388199,4.3168378870731745,7.713161024105433
templates,3,euclidean,log1p,inverse2,1000,-0.05202395298326495,2.948286991779439,0.09044302096983498,3.099688672476476,3.3332115319303925,4.316932688705322,7.681978372329513
templates,3,euclidean,log1p,inverse,1000,-0.048810578726675914,2.951956999718067,0.09100733769449695,3.102879933448368,3.335723685802917,4.320678593345257,7.704837016788098
events,48,euclidean,log1p,inverse,1000,-0.009323167607937248,2.9801165622497465,0.07866524981932548,3.0675659429800475,3.101882439482853,4.323415546981351,8.43912503585098
templates,3,euclidean,log1p,uniform,1000,-0.0456563019999999,2.9562115172421515,0.09161339466666667,3.106874333905641,3.34045043965593,4.328839445876849,7.742779323382113
events,32,euclidean,log1p,inverse,1000,-0.018713668693469458,2.9323096747785353,0.07977273347961125,3.0471051658918857,3.118480510210474,4.329578584730036,8.0604667221002
events,32,euclidean,log1p,inverse2,1000,-0.017063820998916342,2.9225394768446096,0.07976259857519664,3.0359199141380935,3.1107851526140315,4.33643849405676,8.06806292221561
events,12,euclidean,log1p,inverse,1000,0.0006775363388912759,2.9572895290294126,0.08601815741560918,3.034537912223182,3.232773425531236,4.337795191370812,7.88058674938062
events,48,euclidean,log1p,uniform,1000,-0.01005024502083328,2.992104647386612,0.07854520941666666,3.0782364852878645,3.1195376713830303,4.3467534192710495,8.461654475871867
events,12,euclidean,log1p,uniform,1000,0.0010608667500000592,2.9618604372561723,0.08605783699999997,3.0414532686286684,3.2495903211190327,4.354810852383612,7.84778512343035
templates,24,euclidean,log1p,inverse2,1000,-0.07467018244030864,3.0740316117686204,0.07070327405757512,3.1594229661079045,3.138971919310612,4.356083937057954,8.36572856540411
events,32,euclidean,log1p,uniform,1000,-0.020214386312500023,2.9421215156297875,0.07987096774999992,3.05826787233329,3.133151829203719,4.363922696074491,8.10049681408404
events,64,euclidean,log1p,inverse2,1000,0.020100987286585485,3.0243452351220093,0.08489090141604896,3.124036578770509,3.069294046741378,4.369215769959967,8.417619883692282
templates,64,euclidean,l1,inverse2,1000,0.027729265597184277,3.2109385733021885,0.039840581546050545,3.327778783923714,2.908824700147742,4.370608985925464,9.144012268988579
events,64,euclidean,log1p,uniform,1000,0.023062128218749988,3.0536746031823516,0.08503195207812501,3.153257439591431,3.107404657836999,4.378416807559239,8.461870072080627
events,64,euclidean,log1p,inverse,1000,0.021484587043118192,3.0393227314706537,0.08495227068190347,3.138954169802816,3.0892693407083947,4.379808821382999,8.46809790786442
templates,32,euclidean,l1,inverse,1000,0.014209598235518242,3.25117382623377,0.039354447250822745,3.355687284383532,2.990245035539095,4.398065359980989,9.309454306630455
templates,24,euclidean,log1p,inverse,1000,-0.07736633558475935,3.111365080157501,0.0675338942781855,3.1931623163549907,3.1359063069624806,4.409288453246876,8.405925460943436
templates,24,euclidean,sqrt_l1,inverse,1000,-0.007654189912963176,3.0569758861413736,0.09764228557380364,3.1822073009145373,3.1444486823571993,4.416124271942383,8.342810970413838
templates,48,cosine,sqrt_l1,inverse2,1000,-0.025016571286616298,3.0402695701643503,0.06539667607151671,3.1574448631745415,3.2404932085664413,4.416201860265673,8.327282284782525
templates,48,cosine,sqrt,inverse2,1000,-0.02501657128661551,3.0402695701643503,0.06539667607151617,3.1574448631745415,3.2404932085664444,4.416201860265674,8.32728228478254
templates,32,euclidean,sqrt,inverse,1000,-0.021959709198545212,3.2047879868725415,0.03813523187402504,3.3030276360461075,3.0574750345477724,4.4397783251922505,9.089945154621711
templates,16,euclidean,none,inverse,1000,0.043592337694086054,2.9534921022334792,-0.019914836669669866,3.1303130636356418,3.378095605938348,4.445148651056659,7.600847626570939
templates,24,euclidean,log1p,uniform,1000,-0.08025226483333332,3.14921177979051,0.06434066420833313,3.227578724254596,3.178521549322142,4.459051150731395,8.540460799837172
templates,12,euclidean,none,uniform,1000,0.026565915500000068,2.9552620006202304,-0.021517921999999943,3.1186862668864896,3.381126971545397,4.461011618577029,7.559574009838887
templates,16,cosine,none,uniform,1000,0.008005310375000121,3.1141205447477294,0.012825511250000034,3.2396378085776742,3.099332103170621,4.464537599367446,8.644476227903759
templates,16,cosine,l1,uniform,1000,0.008005310375000121,3.1141205447477294,0.012825511250000034,3.2396378085776742,3.099332103170621,4.464537599367446,8.644476227903759
templates,24,euclidean,l1,uniform,1000,0.02959621791666656,3.3646081186188397,0.003229552583333188,3.4560906319532942,3.0767800886334697,4.480039886271591,9.772484793554062
events,8,euclidean,log1p,inverse2,1000,-0.0021478585088113354,3.0575274934040726,0.090568887577748,3.0870968983708584,3.2761640238280014,4.483773307262272,8.06196755390539
events,8,euclidean,log1p,uniform,1000,-0.001843173375000017,3.0701005174945064,0.09350733274999991,3.0955727714468115,3.32920396829524,4.509106620039908,8.162707277585007
events,8,euclidean,log1p,inverse,1000,-0.0020853951102544634,3.0631732597141195,0.09201437950479763,3.0906765736457222,3.2875859244385524,4.519403463783792,8.061840124395669
templates,24,euclidean,sqrt_l1,uniform,1000,-0.00916640725000016,3.1780356441239292,0.09792652191666643,3.2973960664696933,3.291629537615254,4.530827176269648,8.644806241263872
templates,32,euclidean,sqrt_l1,inverse2,1000,-0.002371379988250027,3.14631900422053,0.0965412390993991,3.2580404883907943,3.2598990165971564,4.532396980755052,8.554068487856904
templates,24,euclidean,none,inverse2,1000,0.034283103142714114,2.97108291603719,0.001059962070203227,3.137055268143087,3.3157160506944203,4.5366774868953454,7.732048168442206
templates,32,cosine,sqrt,inverse,1000,-0.008305714145313175,3.1947414232473403,0.07879109679389595,3.2834766630814958,3.2598538122849305,4.541254390574018,8.658443854425451
templates,32,cosine,sqrt_l1,inverse,1000,-0.008305714145313423,3.1947414232473403,0.07879109679389634,3.2834766630814967,3.2598538122849243,4.541254390574021,8.658443854425451
templates,24,cosine,sqrt_l1,uniform,1000,-0.01421691179166676,3.2330202083549815,0.0685073298749999,3.318296954823273,3.2654792340363143,4.581819878083149,8.799653489503385
templates,24,cosine,sqrt,uniform,1000,-0.01421691179166676,3.2330202083549815,0.0685073298749999,3.318296954823273,3.2654792340363143,4.581819878083149,8.799653489503385
templates,64,cosine,sqrt,inverse2,1000,-0.03725587275678974,3.162683518893723,0.05963001957565595,3.280363875084082,3.3408872910396727,4.582720719436859,8.723819544594084
templates,64,cosine,sqrt_l1,inverse2,1000,-0.03725587275679065,3.162683518893722,0.05963001957565635,3.280363875084083,3.340887291039674,4.5827207194368675,8.723819544594088
events,5,euclidean,log1p,inverse2,1000,-0.016622388245698866,3.1891910213696333,0.0865716414328542,3.249206778573745,3.3689318017539405,4.612611620343399,8.34890317164747
events,5,euclidean,log1p,inverse,1000,-0.01800931713887595,3.194879712713453,0.0878145120597296,3.2537344491519278,3.3799169955795296,4.631844144458405,8.32651051918309
templates,48,cosine,none,inverse,1000,0.011342619241578887,3.2755813668686624,0.06293594301535291,3.350466640256109,3.2974577955645694,4.639569707647987,9.113867231075135
templates,48,cosine,l1,inverse,1000,0.011342619241578433,3.275581366868663,0.0629359430153537,3.350466640256107,3.2974577955645654,4.639569707648001,9.113867231075126
events,5,euclidean,log1p,uniform,1000,-0.019191658000000018,3.202365301501176,0.08918914900000006,3.2601893603843575,3.39627734790079,4.648977577968306,8.374976354826487
templates,8,cosine,log1p,inverse2,1000,-0.0345635890088883,3.0998370490836584,0.11961967124604235,3.292281008167703,3.51646626665611,4.656833853833215,8.175539731718326
templates,32,euclidean,sqrt,uniform,1000,-0.023812872375000065,3.379464779251648,0.03801490712500001,3.473999105865013,3.163436719056714,4.681325934518314,9.622015031999585
templates,48,euclidean,sqrt,inverse2,1000,-0.0032255381574375812,3.4390428728596207,0.026035942424672855,3.49512645918227,3.1845754524428527,4.695371615335837,9.768038630536678
templates,16,euclidean,none,uniform,1000,0.0492931886249999,3.1168853309282074,-0.030924487249999983,3.2977778118639316,3.552475337347215,4.706810348628568,7.9471520670084095
templates,32,euclidean,log1p,inverse2,1000,-0.045039442417493136,3.3600889291559253,0.09979257478534664,3.403202154451789,3.4293933261608407,4.713073848821731,9.30078567459772
templates,5,cosine,log1p,inverse,1000,-0.04462660430724894,3.094696128702747,0.14784738881585366,3.330458255891728,3.588255676980221,4.722432346594071,8.06778936692888
templates,5,cosine,log1p,inverse2,1000,-0.04695713025193584,3.0836279118050487,0.14937528852950213,3.3207388579882795,3.571649323200358,4.723542350302802,8.092924988137861
templates,8,cosine,log1p,inverse,1000,-0.032308437009597256,3.1211983885038985,0.11596692288447474,3.3063019489492156,3.5314872202725143,4.728764345026512,8.145404844925595
templates,12,cosine,log1p,inverse2,1000,-0.050007583725830265,3.1489948547268116,0.10977514657586104,3.3279877481756928,3.581986861816367,4.739179948847379,8.017175330133005
templates,32,euclidean,sqrt_l1,inverse,1000,-0.0027723545999946636,3.325593155177979,0.09793775759833719,3.4295879019190263,3.380171680925483,4.742777708277848,9.226636835718722
templates,5,cosine,log1p,uniform,1000,-0.04222195979999992,3.108105705087899,0.1461588462,3.342715398852912,3.609235026743974,4.7469795703065785,8.103094483260078
templates,8,cosine,log1p,uniform,1000,-0.030252263125000005,3.144482256859067,0.11244672437499989,3.322249856329367,3.5291838574357945,4.763079766285745,8.195916414907924
templates,12,cosine,log1p,inverse,1000,-0.0489264141393301,3.178551935373704,0.1072329548756384,3.351150541685566,3.6358951260408743,4.783967625674482,8.228304320219062
templates,32,euclidean,log1p,inverse,1000,-0.04458151042013261,3.4248261028881632,0.09924209952770204,3.4606660887522214,3.4942870267832165,4.792227163015806,9.494817288099377
templates,12,cosine,log1p,uniform,1000,-0.047929032500000066,3.209485519890169,0.10499722983333346,3.3760503681264358,3.6281299780700094,4.818557154969491,8.395476744259435
templates,3,cosine,log1p,inverse2,1000,-0.08394901080868845,3.1971058815800673,0.16295550328136074,3.44479651798871,3.757398389731273,4.820463446954335,8.418411122035454
templates,32,euclidean,none,inverse2,1000,0.04261187301687547,3.132743124350999,-0.004598226128058201,3.320216561243121,3.5396110429190006,4.843543653905509,8.238776864370593
templates,32,euclidean,log1p,uniform,1000,-0.044078022437499975,3.490302532797071,0.09881036043749997,3.519066531557776,3.559965940064103,4.852993357050619,9.741232602918787
templates,3,cosine,log1p,inverse,1000,-0.08347728449918088,3.2035435099314253,0.16423907196401008,3.4508675541371026,3.768358554456506,4.86117355455945,8.531542010038807
templates,3,cosine,log1p,uniform,1000,-0.08303003799999989,3.2123268075673073,0.16535076566666668,3.4599037270287347,3.7625203153974294,4.86361500536119,8.548729542426694
events,1,euclidean,sqrt,inverse,1000,0.043232580000000055,3.3444420471574903,0.146158848,3.445497898830667,3.702740935854365,4.892974252021428,8.824831888774277
events,1,euclidean,sqrt,uniform,1000,0.043232580000000055,3.3444420471574903,0.146158848,3.445497898830667,3.702740935854365,4.892974252021428,8.824831888774277
events,1,euclidean,sqrt,inverse2,1000,0.043232580000000055,3.3444420471574903,0.146158848,3.445497898830667,3.702740935854365,4.892974252021428,8.824831888774277
templates,24,euclidean,none,inverse,1000,0.030607684431140307,3.232080427834009,-0.0037118738160216084,3.388497400813183,3.642991359256313,4.922608184388083,8.304257526722578
templates,16,cosine,log1p,inverse2,1000,-0.05540454126998831,3.2285792223922605,0.09459784484822402,3.4107908264438302,3.6686474287930873,4.933066966496865,8.273851647295745
templates,32,euclidean,sqrt_l1,uniform,1000,-0.0027901457499999367,3.5124828439997544,0.09956793584375005,3.6084277587458806,3.532335962559113,4.952130633702196,9.809601835505504
events,1,euclidean,sqrt_l1,inverse,1000,0.061414402999999965,3.4261339519433043,0.20676490499999997,3.571566402083993,3.6530703996057206,4.973941191326675,9.211401358426556
events,1,euclidean,sqrt_l1,inverse2,1000,0.061414402999999965,3.4261339519433043,0.20676490499999997,3.571566402083993,3.6530703996057206,4.973941191326675,9.211401358426556
events,1,euclidean,sqrt_l1,uniform,1000,0.061414402999999965,3.4261339519433043,0.20676490499999997,3.571566402083993,3.6530703996057206,4.973941191326675,9.211401358426556
templates,48,euclidean,l1,inverse,1000,-0.0012234435240876351,3.8158123348356066,0.005968641994676716,3.900800535604448,3.3492680162992334,4.9964981190898285,10.755468653802675
templates,48,euclidean,sqrt_l1,inverse2,1000,-0.019809882010455755,3.510548434017636,0.07360766033010094,3.5924330638729822,3.470152105706438,5.022102412314053,9.673308636877035
templates,32,cosine,sqrt_l1,uniform,1000,-0.00392650924999996,3.5989729573203673,0.08233308765625005,3.6594417159605355,3.590756339851934,5.023505894222063,9.988444917609339
templates,32,cosine,sqrt,uniform,1000,-0.00392650924999996,3.5989729573203673,0.08233308765625005,3.6594417159605355,3.590756339851934,5.023505894222063,9.988444917609339
templates,16,cosine,log1p,inverse,1000,-0.054525385173369204,3.2683570666259207,0.09062065526868558,3.4470759960181527,3.738460703694187,5.0316128650823835,8.382266062576301
events,3,euclidean,log1p,uniform,1000,-0.03151489133333333,3.446364662574429,0.032017432666666595,3.5558786701121226,3.8248716567717382,5.047961374561616,8.784303386525147
templates,32,euclidean,l1,uniform,1000,-0.004115902937500042,3.8307402047685946,0.02826111921874998,3.9028830644772046,3.326828620871093,5.065769407743492,11.148613107858564
events,3,euclidean,log1p,inverse,1000,-0.027541446827262565,3.437565526642829,0.033726916173532996,3.549740935890848,3.7991579210926254,5.067877838741725,8.713349176408862
events,3,euclidean,log1p,inverse2,1000,-0.023636033066527985,3.431091805370681,0.03547135280491741,3.5460833541504413,3.779361892464909,5.077753533868397,8.639896421774315
templates,16,cosine,log1p,uniform,1000,-0.05373711274999989,3.3093473300392633,0.08687854287500008,3.485333836325795,3.720123814137122,5.084307893915921,8.56552492011112
templates,48,cosine,sqrt_l1,inverse,1000,-0.025240551532577826,3.574787876566625,0.057473532834323694,3.6637571556415587,3.648654281647744,5.093875646548624,9.71749479768247
templates,48,cosine,sqrt,inverse,1000,-0.025240551532577503,3.5747878765666252,0.05747353283432322,3.6637571556415587,3.6486542816477456,5.093875646548631,9.717494797682475
events,1,cosine,sqrt_l1,uniform,1000,0.10686894699999999,3.568844981512516,0.17949217999999997,3.739293243014895,3.7252682123060215,5.097824878945722,9.832530567925067
events,1,cosine,sqrt_l1,inverse2,1000,0.10686894699999999,3.568844981512516,0.17949217999999997,3.739293243014895,3.7252682123060215,5.097824878945722,9.832530567925067
events,1,cosine,sqrt_l1,inverse,1000,0.10686894699999999,3.568844981512516,0.17949217999999997,3.739293243014895,3.7252682123060215,5.097824878945722,9.832530567925067
events,1,cosine,sqrt,inverse,1000,0.10686894699999999,3.568844981512516,0.17949217999999997,3.739293243014895,3.7252682123060215,5.097824878945722,9.832530567925067
events,1,cosine,sqrt,inverse2,1000,0.10686894699999999,3.568844981512516,0.17949217999999997,3.739293243014895,3.7252682123060215,5.097824878945722,9.832530567925067
events,1,cosine,sqrt,uniform,1000,0.10686894699999999,3.568844981512516,0.17949217999999997,3.739293243014895,3.7252682123060215,5.097824878945722,9.832530567925067
templates,48,euclidean,sqrt,inverse,1000,-0.0006825596316142822,3.7485005735130867,0.025620349487060025,3.785629405744935,3.3434413584403364,5.121187912177163,10.73404793141017
templates,64,cosine,l1,inverse,1000,0.002930950774562433,3.515131791672258,0.054215466189498344,3.565063770292618,3.5387207113339842,5.126058435716045,9.793351507662356
templates,64,cosine,none,inverse,1000,0.002930950774562831,3.5151317916722586,0.054215466189497394,3.56506377029262,3.5387207113339767,5.126058435716048,9.793351507662342
templates,24,cosine,none,uniform,1000,0.013560865249999892,3.6399587478676425,0.027471976499999953,3.6712191093894084,3.4816354570410857,5.193048951159897,9.971096943842888
templates,24,cosine,l1,uniform,1000,0.013560865249999892,3.6399587478676425,0.027471976499999953,3.6712191093894084,3.4816354570410857,5.193048951159897,9.971096943842888
templates,48,euclidean,log1p,inverse2,1000,-0.026790983650649924,3.820866506737533,0.08187754841302544,3.823096312839368,3.6809624303617117,5.253266770942355,10.681160942834051
templates,64,euclidean,sqrt,inverse2,1000,-0.006102393907111359,3.806945160475709,0.015567282047220203,3.8450471255776577,3.4986675658916178,5.2728260919068735,10.784988652078482
templates,24,cosine,log1p,inverse2,1000,-0.05546632415589125,3.441210072542472,0.08721049088719536,3.62300230919614,3.8258701095513485,5.279197936452168,8.777919839464495
events,16,cosine,log1p,inverse2,1000,-0.029685234285261587,3.5306067444030758,0.08348956882395771,3.589903609278476,3.984820858707998,5.311033097883979,8.948179878732914
templates,24,euclidean,none,uniform,1000,0.02656591583333329,3.512602720234969,-0.006618931625000158,3.6492054036839914,3.9401945294701783,5.324624761704422,8.956930746417886
templates,48,euclidean,sqrt_l1,inverse,1000,-0.022204161253928188,3.8326696332724346,0.07141618016887881,3.897319330231107,3.73531354957776,5.326898302972936,10.752648500450157
events,12,cosine,log1p,inverse2,1000,-0.006899120335355377,3.5526307539136726,0.08844265799325574,3.6420483885797688,3.986290273489157,5.337671232866721,9.196711631004487
templates,1,euclidean,log1p,inverse,1000,-0.13252498599999996,3.608065901066176,0.11888611899999996,3.895370428520181,4.073377681251956,5.343124518084671,9.719833208588149
templates,1,euclidean,log1p,inverse2,1000,-0.13252498599999996,3.608065901066176,0.11888611899999996,3.895370428520181,4.073377681251956,5.343124518084671,9.719833208588149
templates,1,euclidean,log1p,uniform,1000,-0.13252498599999996,3.608065901066176,0.11888611899999996,3.895370428520181,4.073377681251956,5.343124518084671,9.719833208588149
events,16,cosine,log1p,inverse,1000,-0.028679708901360748,3.5488834617688556,0.08248962523664605,3.595104529545675,3.9997188230145877,5.344913819273589,8.875104094286883
events,12,cosine,log1p,inverse,1000,-0.0020256710603411532,3.5728553639529665,0.09001940849277258,3.6478820768047795,4.0161731574879935,5.3669217361901165,9.177001493145225
templates,48,euclidean,log1p,inverse,1000,-0.0252967888430099,3.9422208167111035,0.07892636401057178,3.9384232525515346,3.755060772295605,5.38217319863595,10.978660689828782
events,16,cosine,log1p,uniform,1000,-0.0270325666249999,3.568403253391593,0.0815755116875,3.6036664652359307,4.00480392735117,5.3843199005164735,8.93567478760956
events,12,cosine,log1p,uniform,1000,0.004091170250000161,3.5957054509560837,0.0916133896666668,3.6586759506811246,4.009486439124272,5.391464894014781,9.103029626797166
templates,32,euclidean,none,inverse,1000,0.043898600373243696,3.5076541047866425,-0.018299097302589672,3.6942296001359867,3.986779276058521,5.392424015557958,8.998490628895011
events,24,cosine,log1p,inverse2,1000,-0.017485412180477694,3.5272525793005443,0.09912477061601925,3.599147181174683,3.9322573153470533,5.409477709168508,8.872655593653286
templates,64,euclidean,sqrt_l1,inverse2,1000,-0.023609643223059605,3.810067486655729,0.05222103308529734,3.888417293515401,3.694805313678017,5.412820405212947,10.677850231748096
templates,48,euclidean,none,inverse2,1000,0.01918245790946033,3.4966532088099957,-0.013744341798822746,3.6839045518442726,4.055335769910501,5.415151313380123,9.007885697925394
events,32,cosine,log1p,inverse2,1000,-0.020769264701295,3.5390690653441044,0.10159891894242845,3.6402099268445114,3.9462444428701895,5.416111993073363,8.794907879719348
events,8,cosine,log1p,inverse2,1000,-0.03767128471985106,3.625295696926434,0.09914931569454649,3.714670429277103,4.022119031274306,5.421857658150717,9.404780825755433
events,5,cosine,log1p,inverse,1000,-0.08926199299647516,3.70035573147929,0.04047200125132857,3.867842764226662,4.0717385633277985,5.441729311558485,10.012871262655857
templates,24,cosine,log1p,inverse,1000,-0.05856627725084641,3.5186416262586016,0.08109962186453172,3.69462972839963,3.8733800242700296,5.444992900311905,9.050814731001157
events,24,cosine,log1p,inverse,1000,-0.015650737322962727,3.547460182851379,0.10098791899878515,3.612470030255322,3.9860467159350152,5.4609620962965595,8.857394572597382
events,5,cosine,log1p,inverse2,1000,-0.0812220406660549,3.687404317634917,0.03841946066745756,3.8703235133473886,4.037159040920976,5.462702469110447,9.927305219606971
templates,48,euclidean,log1p,uniform,1000,-0.023876003437499963,4.064859556689921,0.07601995649999985,4.055811409235402,3.8055627459101555,5.4653848684836825,11.322480515528486
events,8,cosine,log1p,inverse,1000,-0.03754392899303913,3.648152192496754,0.102837783143762,3.7142629680612513,4.022742329672576,5.466467126835698,9.37865791850974
events,32,cosine,log1p,inverse,1000,-0.019863319124283352,3.561529170271897,0.1038220550266692,3.660277270702307,3.953580646723548,5.478277640244786,8.806505839598303
events,8,cosine,log1p,uniform,1000,-0.03593408125000008,3.676101403033889,0.10638611662499994,3.7199094508584087,4.061155148671164,5.481100737818089,9.374899202615147
events,5,cosine,log1p,uniform,1000,-0.09616135500000002,3.7216431310631357,0.04252247940000003,3.8730013347277836,4.066857729496609,5.481870370016959,9.99240952027248
events,24,cosine,log1p,uniform,1000,-0.013206811041666575,3.56762944164867,0.10310328937499967,3.6274297565983677,4.015152923597709,5.509394945163257,8.797717163545114
templates,48,euclidean,sqrt,uniform,1000,0.002386622354166631,4.066752170351034,0.025262381083333254,4.080325852722483,3.511817823078979,5.509734613828481,11.662275567295978
events,32,cosine,log1p,uniform,1000,-0.018699234906249956,3.5829675756402235,0.10629142081250008,3.6809926761663756,4.016642423907463,5.512706249339185,8.766584508849355
templates,24,cosine,log1p,uniform,1000,-0.06232297266666675,3.599280648083503,0.07519924925,3.7689573938187575,3.936966326468304,5.542851981566184,9.297556992913053
templates,32,cosine,log1p,inverse2,1000,-0.06083449993852882,3.6630483181914286,0.09067017377915058,3.8039792941636197,4.072419967846948,5.553980608589243,9.438501686722525
templates,64,cosine,sqrt,inverse,1000,-0.045776455289445926,3.896290404113118,0.045502521130107124,3.972998076940024,3.916840517743112,5.5567148916662275,10.557957148107723
templates,64,cosine,sqrt_l1,inverse,1000,-0.04577645528944608,3.896290404113118,0.045502521130107026,3.9729980769400246,3.9168405177431165,5.5567148916662275,10.55795714810771
events,48,cosine,log1p,inverse2,1000,-0.04090415987454187,3.594743491502725,0.10171239283118454,3.704079055867435,4.0905104336684435,5.5649013510904215,9.0927609197153
events,48,cosine,log1p,inverse,1000,-0.04386917410442297,3.6247395116652754,0.10298034033669196,3.7329141800962504,4.11808047278551,5.570887934799444,9.160366906821006
templates,32,cosine,l1,uniform,1000,0.009425763749999998,4.1085362210301986,0.04530657350000003,4.141954623916218,3.8612608879992694,5.575442290418409,11.436071194148825
templates,32,cosine,none,uniform,1000,0.009425763749999998,4.1085362210301986,0.04530657350000003,4.141954623916218,3.8612608879992694,5.575442290418409,11.436071194148825
events,64,cosine,log1p,inverse2,1000,-0.03635052980791929,3.635004669704806,0.09165726983428445,3.751032223386828,4.097513769312569,5.599056322296191,9.162984973725166
events,48,cosine,log1p,uniform,1000,-0.04635074979166659,3.65207436687692,0.10430278418750004,3.7605249974090573,4.156757200814823,5.601672277654707,9.229426629517842
events,64,cosine,log1p,inverse,1000,-0.03836540331447173,3.6686073472255547,0.0908677248857299,3.783591655703951,4.127279702231047,5.668101990948377,9.272094841773399
templates,1,cosine,log1p,inverse,1000,-0.06585831999999991,3.8172883079071127,0.11282550899999995,4.087079558440701,4.346622546648791,5.683070835779452,10.413447320497747
templates,1,cosine,log1p,inverse2,1000,-0.06585831999999991,3.8172883079071127,0.11282550899999995,4.087079558440701,4.346622546648791,5.683070835779452,10.413447320497747
templates,1,cosine,log1p,uniform,1000,-0.06585831999999991,3.8172883079071127,0.11282550899999995,4.087079558440701,4.346622546648791,5.683070835779452,10.413447320497747
templates,64,euclidean,l1,inverse,1000,-0.00026900375007830315,4.386614417994717,0.006437819815494407,4.428774494324646,3.7017772634223904,5.7030231001481075,12.319549901665571
events,64,cosine,log1p,uniform,1000,-0.03967461392187499,3.698285612684544,0.09014558760937498,3.813497310420217,4.1709751409801505,5.7287420393062485,9.332462294467145
templates,32,cosine,log1p,inverse,1000,-0.06366939411431824,3.788926857693438,0.08643343766113236,3.9167087352463517,4.219185861226493,5.734915651886763,9.79548171621044
templates,48,euclidean,sqrt_l1,uniform,1000,-0.024254792208333556,4.164141352203087,0.06926490627083329,4.211318182479997,3.9081075026268337,5.776511979735421,11.840480885737474
templates,64,euclidean,log1p,inverse2,1000,-0.017477999593521632,4.249066371848872,0.05604413315329721,4.224233027196036,4.0239675441131535,5.847201596257008,11.871225407581361
events,3,cosine,log1p,inverse,1000,-0.08000348366910577,3.8931936071323534,-0.04238240037238204,4.235350031170057,4.515597751554276,5.861285571583797,10.158911472603435
events,3,cosine,log1p,inverse2,1000,-0.06841448739207548,3.8807328512739763,-0.040436599331289944,4.233522201510448,4.476488681519575,5.899493141398598,10.232827888130933
templates,32,cosine,log1p,uniform,1000,-0.06623711409374994,3.919980196349786,0.08309066315625008,4.034580048739775,4.386740967392103,5.920648090246693,10.188687123143414
templates,64,euclidean,sqrt,inverse,1000,-0.0017851350899464257,4.2587688577625045,0.01249357550593149,4.266690915049013,3.7774268646123277,5.924862298888983,12.101655013368001
events,3,cosine,log1p,uniform,1000,-0.09111085200000002,3.9167964353997045,-0.043740148000000076,4.2463348481820775,4.533628801681485,5.932200691682734,10.450919614693111
templates,64,euclidean,sqrt_l1,inverse,1000,-0.02526814403914446,4.273851812083926,0.045577356673211215,4.32877267940688,3.9626499977005682,5.9382421826808764,12.106214150791041
templates,48,cosine,sqrt_l1,uniform,1000,-0.024507317333333417,4.264969905573457,0.05316642152083344,4.325228232734989,4.094992890276216,5.941391528441847,12.125802059032983
templates,48,cosine,sqrt,uniform,1000,-0.024507317333333417,4.264969905573457,0.05316642152083344,4.325228232734989,4.094992890276216,5.941391528441847,12.125802059032983
templates,32,euclidean,none,uniform,1000,0.04768333937499999,3.8961673865969475,-0.03045100199999996,4.072940955739588,4.481967729430474,5.997307607626847,10.032310587751807
templates,64,euclidean,none,inverse2,1000,0.01785600548002375,3.87811411312096,-0.020152953091004278,4.057293819169623,4.588412041532053,6.066321111600918,9.942600139928055
templates,64,euclidean,log1p,inverse,1000,-0.014227460699885917,4.444583641471862,0.04871697410113438,4.407612364787755,4.193191065950671,6.078469343091577,12.295793394350932
templates,48,cosine,log1p,inverse2,1000,-0.04471217021857163,4.0328500314719715,0.10539354139322331,4.138150229114476,4.473376996565587,6.118294945677568,10.270518535624419
templates,64,euclidean,log1p,uniform,1000,-0.010839386906250031,4.64332220823153,0.04113990628124995,4.594257658018156,4.317787972647343,6.305061107283957,12.761636992740335
templates,48,euclidean,l1,uniform,1000,-0.025517418000000035,4.693537300577456,-0.020507820416666645,4.71994131390268,3.83126582125664,6.357650657924937,13.396075314622037
templates,64,euclidean,sqrt_l1,uniform,1000,-0.025896205812500094,4.741137373434664,0.03834634598437492,4.773388908760603,4.250383554361456,6.4189689028646475,13.489542080962385
templates,48,euclidean,none,inverse,1000,0.009515482290821957,4.149218392956087,-0.03608197030443663,4.307392625374476,4.962047319603302,6.42239727630451,10.432359090406672
templates,64,euclidean,sqrt,uniform,1000,0.0035545513906248623,4.71392684159015,0.009037634234374906,4.68787963053895,3.948442469117266,6.457694879783638,13.32509089820232
templates,64,cosine,log1p,inverse2,1000,-0.05579768112726621,4.317342982877285,0.08234696937622021,4.37527829449695,4.777307345241633,6.4899651453606495,11.114544811734959
events,1,euclidean,log1p,inverse2,1000,0.10686894900000007,4.338806964291442,0.158280058,4.69322792893594,5.028062404409284,6.4904357643249915,11.639414695264216
events,1,euclidean,log1p,inverse,1000,0.10686894900000007,4.338806964291442,0.158280058,4.69322792893594,5.028062404409284,6.4904357643249915,11.639414695264216
events,1,euclidean,log1p,uniform,1000,0.10686894900000007,4.338806964291442,0.158280058,4.69322792893594,5.028062404409284,6.4904357643249915,11.639414695264216
templates,48,cosine,log1p,inverse,1000,-0.04135883370517358,4.2677123610568195,0.1048955590983044,4.357752463442622,4.669251894720357,6.514352410921895,10.996675557572715
templates,64,cosine,sqrt,uniform,1000,-0.05331097826562498,4.867486493045097,0.03370619439062486,4.900667612875542,4.60701652111572,6.785511119129193,13.559074440220689
templates,64,cosine,sqrt_l1,uniform,1000,-0.05331097826562498,4.867486493045097,0.03370619439062486,4.900667612875542,4.60701652111572,6.785511119129193,13.559074440220689
templates,48,cosine,log1p,uniform,1000,-0.03675479114583345,4.515649663230368,0.10600732989583307,4.59296411470079,4.906451070341552,6.861594040496104,11.602371261149187
templates,64,cosine,log1p,inverse,1000,-0.05737193546831118,4.6797732970498185,0.07118752104605804,4.708175747355035,5.205725370740099,7.030160791051257,12.132967527634396
events,1,cosine,log1p,inverse,1000,0.05535379400000004,4.926271164805912,-0.05081085099999998,5.293195080665252,5.522192279613694,7.073604995514943,13.324115915379446
events,1,cosine,log1p,inverse2,1000,0.05535379400000004,4.926271164805912,-0.05081085099999998,5.293195080665252,5.522192279613694,7.073604995514943,13.324115915379446
events,1,cosine,log1p,uniform,1000,0.05535379400000004,4.926271164805912,-0.05081085099999998,5.293195080665252,5.522192279613694,7.073604995514943,13.324115915379446
templates,48,cosine,none,uniform,1000,-0.04047953874999996,4.977589833300939,0.023999754687500086,4.983500991900886,4.649745973776591,7.111396138507376,13.595399167730035
templates,48,cosine,l1,uniform,1000,-0.04047953874999996,4.977589833300939,0.023999754687500086,4.983500991900886,4.649745973776591,7.111396138507376,13.595399167730035
templates,48,euclidean,none,uniform,1000,0.002512884854166714,4.799293969441916,-0.0540305477083333,4.912684519006205,5.679357067526733,7.288377213562286,12.04081067740079
templates,64,euclidean,none,inverse,1000,0.009006393463361562,4.813531547680686,-0.05096370628178531,4.938709752675248,5.779941743995126,7.4983073942108955,11.845763685085132
templates,64,cosine,log1p,uniform,1000,-0.05922953843750004,5.073748541323012,0.059227027749999946,5.073287902832623,5.615645665371911,7.512989500044809,13.10408590772616
templates,64,euclidean,l1,uniform,1000,-0.01519544840624993,5.523168730538873,-0.022259714593750063,5.485775311811723,4.402646521300276,7.7332793432988085,15.41194957176159
templates,64,cosine,none,uniform,1000,-0.05984506893750006,5.7189314045769635,-0.004882820859374931,5.6464123432685955,5.465282124742554,8.384496511877696,15.330583013824095
templates,64,cosine,l1,uniform,1000,-0.05984506893750006,5.7189314045769635,-0.004882820859374931,5.6464123432685955,5.465282124742554,8.384496511877696,15.330583013824095
templates,64,euclidean,none,uniform,1000,0.005022354265624955,5.698889017996503,-0.07410630385937514,5.758935771580038,6.804403054579685,8.80730621933145,14.030947705514345
