reference,k,metric,normalization,weighting,n_events,mean_err_x_cm,sigma_err_x_cm,mean_err_z_cm,sigma_err_z_cm,median_err_r_cm,p68_err_r_cm,p95_err_r_cm
events,12,euclidean,l1,inverse2,1000,0.03513464419096161,2.257769623340159,0.08438672347207467,2.3501908798178186,2.3490289424092587,3.1145862177011336,6.235042783249857
events,12,euclidean,l1,inverse,1000,0.033665299948716025,2.258353672162404,0.08473213089762298,2.354404482257596,2.3568457811393593,3.119699279514747,6.289607817250275
events,12,euclidean,l1,uniform,1000,0.03186892149999993,2.2623130171361776,0.0847958221666668,2.3613291039208684,2.340497590016857,3.1475012041138255,6.365971474879347
events,8,euclidean,l1,inverse2,1000,0.0503894587055701,2.3058594859876878,0.10476419043732593,2.394032018660926,2.3413331556027774,3.1657411154209303,6.210947330735252
templates,3,euclidean,l1,inverse2,1000,0.06434690064250612,2.293779524709146,0.07853943762938481,2.405981445730762,2.441596837652365,3.172348750750201,6.278006258051845
events,8,euclidean,l1,uniform,1000,0.05080830025000012,2.3017637945146254,0.10714432550000004,2.403695116786427,2.361134052844146,3.1755305049656952,6.171614474369175
events,8,euclidean,l1,inverse,1000,0.05078756903948181,2.30209756041148,0.10625725943504963,2.3973603477450416,2.3354738412065403,3.1886461316784183,6.175606233201917
events,16,euclidean,l1,inverse2,1000,0.03771854952493365,2.2404161725112677,0.08455690768749498,2.3507670471274777,2.318679258945801,3.190066233661951,6.2862530440107856
events,24,euclidean,l1,inverse2,1000,0.01849313371841168,2.257191126149652,0.0913750050686424,2.3565406519106316,2.2954059169008527,3.207271292985383,6.164007744364029
events,12,euclidean,none,inverse2,1000,-0.00029110094354724227,2.1948357547839086,0.0456534205918253,2.3517093573954186,2.3871701247236548,3.2091995369243245,6.038495988396867
templates,3,euclidean,l1,inverse,1000,0.05845735376893913,2.304628704867218,0.08143596329168518,2.430141107522229,2.4996915409151246,3.2134899961378527,6.284399909095242
events,16,euclidean,l1,uniform,1000,0.037171967125000004,2.2477865431362916,0.08574278425000005,2.372042881885238,2.323556751043382,3.222905026480592,6.206094933127577
events,16,euclidean,l1,inverse,1000,0.03742134596098809,2.2426188818437995,0.08521993949655636,2.359988693412319,2.3077892453321147,3.224678481788525,6.239217159754402
templates,5,euclidean,l1,inverse2,1000,0.0482833373638874,2.2641556702513066,0.06833940152276337,2.3875945188684438,2.344208752849665,3.225080142288225,6.379106125885577
events,24,euclidean,none,inverse2,1000,-0.01999454370463687,2.254751218929933,0.030489866313025395,2.393830937072483,2.4130940968031087,3.2417774838175095,6.091875416234954
events,16,euclidean,none,inverse2,1000,0.0018198865522201118,2.2179720422525677,0.03936073341496958,2.364424499010565,2.4106989102623335,3.249268573752108,6.052626627927534
events,12,euclidean,none,inverse,1000,-0.002555942965339028,2.2122032370529636,0.0456005531099175,2.369035665198206,2.37034951603696,3.251351881505988,6.118272170619026
events,32,euclidean,l1,inverse,1000,0.014741099065051411,2.2849923897454825,0.09100655930817425,2.3902516081711074,2.3641481241964657,3.252967963308371,6.265903198528664
events,24,euclidean,none,inverse,1000,-0.02714653613539631,2.286559284800138,0.028114070698549504,2.4222034164181925,2.447316291766297,3.2546561113928516,6.13000902993218
events,24,euclidean,l1,inverse,1000,0.016018965730219062,2.2647250093150983,0.09344580247370518,2.3726962235577913,2.326922455382624,3.2591661970455013,6.1962841791199805
events,32,euclidean,l1,inverse2,1000,0.017153474408435777,2.271347798489779,0.08850639552777599,2.3687732156420647,2.3313671936765266,3.261570612320759,6.3386319722912114
events,12,euclidean,none,uniform,1000,-0.00424203016666673,2.2322934747676055,0.045149433000000114,2.388138029805541,2.373313095406332,3.2651371547997603,6.169366674384076
events,16,euclidean,none,inverse,1000,-0.0011339560625450674,2.2417061735922674,0.03783535593439922,2.384896922468732,2.4089585477797506,3.2692617875058105,6.151046367542863
templates,5,euclidean,l1,inverse,1000,0.04035277617852642,2.2968616827710835,0.0677245516697217,2.4381918212535862,2.4001997406827553,3.271297049109357,6.562113101602597
events,48,euclidean,l1,inverse2,1000,0.0028297238925410755,2.3093993672237136,0.07995996505282807,2.419690495755155,2.3790204235505366,3.2716159192888083,6.500474426613855
events,24,euclidean,l1,uniform,1000,0.013434604833333147,2.274818047654322,0.09552817716666673,2.3912002068489486,2.3535151308973603,3.273190997364552,6.178340833512041
events,16,euclidean,none,uniform,1000,-0.003926375374999814,2.2672991273385383,0.0361217023750001,2.4058834074657036,2.4401695390974583,3.2733809417394486,6.290875764302091
events,32,euclidean,none,inverse2,1000,-0.027552695759004073,2.289514567746,0.024807891324053657,2.4204063316335787,2.4169401433861455,3.2739696899078887,6.460821435229797
events,16,euclidean,sqrt,inverse2,1000,-0.04332266486283463,2.2639285496524595,0.06928476312601253,2.3977705850305564,2.3564207781451567,3.27626996149356,6.23151057307653
events,5,euclidean,none,inverse2,1000,0.01956079636388749,2.2563292972827664,0.0337930954178276,2.396025680830883,2.4279029980542948,3.2773405345337876,6.109712469747806
templates,3,euclidean,l1,uniform,1000,0.05131326233333332,2.3259923319116744,0.0845434463333333,2.465961248653141,2.5480264336451635,3.288721284596906,6.30777145689938
events,24,euclidean,none,uniform,1000,-0.03416624808333346,2.3182515904774403,0.025831298416666655,2.450006522990862,2.46850972894734,3.295868568963177,6.264008902598264
events,32,euclidean,l1,uniform,1000,0.012171977749999967,2.3014847524744315,0.09322393550000013,2.4133127912232686,2.4083156768696634,3.296364436590002,6.302110443672923
events,16,euclidean,sqrt,inverse,1000,-0.04216653377640475,2.26915100350568,0.07196741896537003,2.404200085051886,2.3690027584534716,3.299315531429541,6.245928822317562
events,8,euclidean,none,inverse2,1000,0.020031845983778565,2.2009965260123354,0.06739396555375256,2.3775459479018974,2.4212219774033126,3.3027079793581797,5.918469744306933
templates,8,euclidean,l1,inverse2,1000,0.007817410257969464,2.3318400051402373,0.07239301861889734,2.423857031143299,2.4439922857305403,3.3136053972261106,6.421735781188765
events,8,euclidean,none,inverse,1000,0.017975874743470777,2.2101847013117526,0.07090842012366372,2.391816257885237,2.4327326446125017,3.3138298973170963,5.998287737588581
events,24,euclidean,sqrt,inverse2,1000,-0.04855528727936205,2.2649272771910565,0.036847730034436726,2.401009643608288,2.367452456660196,3.3170522834150717,6.230542261432766
events,32,euclidean,sqrt,inverse2,1000,-0.06802847299555206,2.2741391484103555,0.02666806055975723,2.4185918869716843,2.3762504277615726,3.321054667190163,6.308162502051124
events,8,euclidean,none,uniform,1000,0.01671753524999994,2.2231052138575524,0.07418980800000004,2.409506098471251,2.4414578657134323,3.322084763043002,6.11445483688492
events,5,euclidean,none,uniform,1000,0.008081165000000078,2.267614110842273,0.03585649899999999,2.4122431564901854,2.4648432797346267,3.3223353268610345,6.168601774565535
events,5,euclidean,none,inverse,1000,0.013674843771582243,2.259548656819761,0.03493332881683267,2.4018629010141876,2.417703508848274,3.3238875553972753,6.107335314727482
events,32,euclidean,none,inverse,1000,-0.03567173836132572,2.327391992949214,0.023078880172351834,2.453675783804641,2.461674498096317,3.324789198044584,6.561497174690784
events,5,euclidean,l1,uniform,1000,0.07292955100000006,2.3844906694384207,0.10797761100000003,2.4579858671647075,2.4126104895782485,3.327075040153649,6.5485947191776805
events,5,euclidean,l1,inverse2,1000,0.06874583894717859,2.3874117202012726,0.1008265935821467,2.447807884283997,2.4425393016458568,3.327884060007611,6.5517863646403445
events,5,euclidean,l1,inverse,1000,0.07101156659216111,2.383927993137561,0.10467676840498386,2.4511806875998423,2.4102625840389624,3.3286017676765525,6.58107511401509
events,64,euclidean,l1,inverse2,1000,-0.008145462726018281,2.3527217200797406,0.08442544617851948,2.471897270614274,2.447614452355735,3.330814793072163,6.649886860542186
events,24,euclidean,sqrt,inverse,1000,-0.04797298545668709,2.272141530546926,0.03638273771021658,2.4083743649481937,2.3544165622686037,3.3310937326660968,6.270914914378294
templates,3,cosine,l1,inverse2,1000,0.07026933887089053,2.503436033015736,0.0885321308797265,2.5329391669129078,2.439711248784187,3.331177031243206,6.7294075366645085
templates,3,cosine,none,inverse2,1000,0.07026933887089294,2.503436033015736,0.08853213087972818,2.5329391669129064,2.4397112487841985,3.3311770312432385,6.729407536664537
events,32,euclidean,sqrt,uniform,1000,-0.07040363381250006,2.291201702363316,0.025610291125000052,2.437907254466072,2.403608818987429,3.332743558635546,6.366293782765991
templates,5,cosine,l1,inverse2,1000,0.04340622798877291,2.454161199551868,0.07926402174569194,2.54163209104604,2.4152052670470696,3.334344963617827,6.600626985723934
templates,5,cosine,none,inverse2,1000,0.04340622798877589,2.454161199551867,0.07926402174569395,2.5416320910460373,2.4152052670470554,3.334344963617841,6.600626985723906
events,24,euclidean,sqrt,uniform,1000,-0.0475500930833334,2.279467173678245,0.035679741333333494,2.415719067295883,2.3410139791189533,3.3360240170619937,6.295104606389047
events,48,euclidean,l1,inverse,1000,-0.0029503690438694753,2.3405852431454135,0.07914327668694927,2.458003687717341,2.4367552398418972,3.3377159996473096,6.62370915964905
events,32,euclidean,sqrt,inverse,1000,-0.06913075466828936,2.282707346847173,0.026218974957989877,2.4283059683952075,2.37799560999507,3.3382320499054043,6.316294345521215
events,16,euclidean,sqrt,uniform,1000,-0.04104756850000008,2.274748053404429,0.07437919674999995,2.4108638636486486,2.368602542899264,3.3421586125303375,6.245377908995947
events,48,euclidean,sqrt,inverse2,1000,-0.06207360878562511,2.318285143534342,0.04244103154764911,2.4593645081374267,2.4131292622403535,3.3445103075465816,6.404575226800999
templates,3,cosine,l1,inverse,1000,0.06729332900092194,2.5095691131383266,0.09060096593902255,2.5516350866372557,2.507103019088108,3.357846152142814,6.787907972918026
templates,3,cosine,none,inverse,1000,0.06729332900092347,2.509569113138327,0.0906009659390231,2.5516350866372544,2.507103019088112,3.3578461521428573,6.787907972918031
templates,5,euclidean,l1,uniform,1000,0.031717368999999995,2.3484273736090184,0.06615961899999999,2.5082328438233406,2.464906462472922,3.3896010556998917,6.680488147261509
events,48,euclidean,sqrt,inverse,1000,-0.062214371402295875,2.330085175683846,0.0433624736187526,2.4715345672434412,2.4360035751649423,3.3938183954123406,6.459656576064346
events,48,euclidean,sqrt,uniform,1000,-0.0624490649583334,2.3415331776634702,0.04420249237499985,2.4832546335241332,2.4457917798305266,3.3989109260368218,6.512732549492913
events,3,euclidean,l1,inverse2,1000,0.06199975916566934,2.5604013446224996,0.1105499307256167,2.5174543245975105,2.563527460221054,3.4007300665274847,7.124863017983539
events,48,euclidean,none,inverse2,1000,-0.04950605048902903,2.3551852619180647,0.019185895184584374,2.491093099596465,2.4863727106080757,3.4054696976478893,6.601513463788426
events,12,euclidean,sqrt,inverse2,1000,-0.04797516252925415,2.298821501805191,0.06490363193050565,2.4180702395496163,2.4141964322725706,3.407199092706399,6.293809003543093
templates,8,cosine,l1,inverse2,1000,0.006748784880231995,2.4753769074522496,0.07058665365143825,2.587062629821045,2.4387414199907522,3.409540460080542,6.5858593322117684
templates,8,cosine,none,inverse2,1000,0.006748784880235348,2.4753769074522483,0.07058665365143994,2.5870626298210424,2.4387414199907527,3.4095404600805463,6.585859332211774
events,3,euclidean,l1,inverse,1000,0.06437184973820437,2.5562140219021696,0.118249738296857,2.516458044514164,2.5747613656792923,3.4111787282934722,7.140683506779789
events,48,euclidean,l1,uniform,1000,-0.008976991208333167,2.3752611096771377,0.07740958383333342,2.4974887325405475,2.5182783419812043,3.411818164313896,6.6399969005426405
events,32,euclidean,none,uniform,1000,-0.04322561662499997,2.3637673166549966,0.021727737687500217,2.4851239479434275,2.4995573217955283,3.414516824345926,6.636205657088047
templates,3,cosine,l1,uniform,1000,0.06040421233333332,2.544266635999553,0.09161413966666668,2.6104206360182465,2.5942006757077145,3.417511458198354,6.904071863412387
templates,3,cosine,none,uniform,1000,0.06040421233333332,2.544266635999553,0.09161413966666668,2.6104206360182465,2.5942006757077145,3.417511458198354,6.904071863412387
templates,5,cosine,l1,inverse,1000,0.033694657808544845,2.4856157860012,0.08013902609932251,2.5894820668962253,2.54018562728053,3.42229010968468,6.877398152063173
templates,5,cosine,none,inverse,1000,0.03369465780854692,2.4856157860011994,0.08013902609932341,2.5894820668962235,2.5401856272805206,3.4222901096847065,6.877398152063171
templates,12,euclidean,l1,inverse2,1000,0.006702677885986443,2.4169607257635293,0.09124958616975584,2.553798751151586,2.4784742509512094,3.423418341043406,6.899095592031216
events,3,euclidean,l1,uniform,1000,0.06646501233333331,2.5559604914934475,0.12595737966666665,2.519202579473452,2.566264034306357,3.4247250465483927,7.101108152144396
events,64,euclidean,l1,inverse,1000,-0.015295992897725742,2.405031255384761,0.08382782507055947,2.530013172547614,2.534133625253546,3.427069852921687,6.665589113875132
events,12,euclidean,sqrt,inverse,1000,-0.047354729506991045,2.3047956810052406,0.06814641282414753,2.424564382484886,2.416313846292952,3.42942764862144,6.255044010556173
templates,5,euclidean,sqrt,inverse2,1000,-0.06403191569839722,2.411728052633258,0.06804299520123004,2.545450636682156,2.5930837725130704,3.430377482815777,6.6735277442942245
events,8,euclidean,sqrt,uniform,1000,-0.06434302600000012,2.385912751215187,0.07115944800000007,2.4671765420064253,2.518978958774231,3.430682442058669,6.60696054463439
events,64,euclidean,sqrt,inverse2,1000,-0.06642129811347376,2.363790123714894,0.05412506131322138,2.5174516721807665,2.445441909336564,3.434499509448984,6.637522094416045
events,8,euclidean,sqrt,inverse,1000,-0.06400161168345751,2.3785600708477226,0.06655168341603115,2.4614804483971735,2.4970338341541463,3.4506174995209444,6.585458767887535
events,8,euclidean,sqrt,inverse2,1000,-0.06349517741839691,2.372248988989167,0.06178986763815539,2.456563567741589,2.4826899572790433,3.451810501710674,6.561687101056782
templates,5,euclidean,sqrt,inverse,1000,-0.0643185708649447,2.426100593882628,0.06979168802336977,2.5576688193487667,2.606321499474828,3.45615751849151,6.702682811823325
events,12,euclidean,sqrt,uniform,1000,-0.04666626266666654,2.3114224240303214,0.07115952633333349,2.4316041939555095,2.436143400730567,3.4581821112099056,6.329454392145187
events,3,euclidean,none,inverse2,1000,0.03859868470733694,2.438351646718439,0.0300216971137028,2.483982595749837,2.5710849062821244,3.465101575930548,6.575354613657367
events,8,cosine,l1,inverse2,1000,0.056060844536495305,2.5376442688844842,0.06821373010021106,2.7011628482995023,2.5339110479499505,3.4689235454092326,7.016312780425444
events,8,cosine,none,inverse2,1000,0.05606084453649414,2.5376442688844847,0.0682137301002115,2.7011628482995027,2.533911047949941,3.46892354540924,7.016312780425451
templates,12,cosine,none,inverse2,1000,-0.016764697940144943,2.5201659729102635,0.07874511866671333,2.6267677213582754,2.4548897006263077,3.469972718092736,6.867723829382867
templates,12,cosine,l1,inverse2,1000,-0.01676469794014838,2.520165972910265,0.07874511866671143,2.6267677213582785,2.454889700626314,3.4699727180927593,6.867723829382859
events,64,euclidean,sqrt,inverse,1000,-0.06725130043351543,2.3792625991005654,0.055906483424187914,2.5336991712113512,2.475697026128385,3.470884354585149,6.6791827649772655
events,8,cosine,none,inverse,1000,0.05285848355379791,2.534062047293319,0.06802524127248642,2.7060943203365855,2.5201808524426035,3.472769381360077,7.057093329400381
events,8,cosine,l1,inverse,1000,0.052858483553798324,2.534062047293319,0.06802524127248623,2.7060943203365855,2.5201808524426044,3.4727693813600844,7.057093329400394
templates,16,euclidean,l1,inverse2,1000,-0.002003626164413376,2.473379180560728,0.07777110117173269,2.6393457101504105,2.4901063222095052,3.475002645833061,7.16482154193014
templates,8,euclidean,l1,inverse,1000,-0.007430002443034357,2.417937817987889,0.06615479613236856,2.5193850088369287,2.5502765062512367,3.476076724198497,6.744857020827769
events,3,euclidean,none,inverse,1000,0.032759987322576734,2.442285500757115,0.031422894933268206,2.485689031208869,2.587718236826527,3.4825552143837544,6.5952582885292745
events,64,euclidean,none,inverse2,1000,-0.06382184826817185,2.3994230703323667,0.008731964330516118,2.5521831588969914,2.532770706178913,3.488739933786102,6.62858750918599
events,48,euclidean,none,inverse,1000,-0.06031134462581987,2.408310943764529,0.016415742012889086,2.5436543966009437,2.552575829353279,3.4908546988595512,6.645212178002145
templates,16,cosine,l1,inverse2,1000,-0.01160738472377311,2.5418125248546124,0.07197570923880403,2.6680163794031344,2.454024627141198,3.4925916176139666,6.94815128798493
templates,16,cosine,none,inverse2,1000,-0.011607384723769584,2.541812524854611,0.07197570923880596,2.6680163794031313,2.454024627141206,3.4925916176139906,6.948151287984932
events,3,euclidean,none,uniform,1000,0.027071089,2.450784281866715,0.033028119666666605,2.4914397875472436,2.5892362221601366,3.4935715115402965,6.618678543195607
events,64,euclidean,sqrt,uniform,1000,-0.06822556474999991,2.3942211473543873,0.05757053581249997,2.5493204316694404,2.5039155298471365,3.5017663922299818,6.730623534851948
events,8,cosine,l1,uniform,1000,0.04777802400000007,2.542584422090639,0.06661408799999981,2.7234800964209955,2.5514390626619754,3.5038893630155763,7.054277921427576
events,8,cosine,none,uniform,1000,0.04777802400000007,2.542584422090639,0.06661408799999981,2.7234800964209955,2.5514390626619754,3.5038893630155763,7.054277921427576
templates,5,euclidean,sqrt,uniform,1000,-0.06464618100000001,2.4414408233262517,0.07161413100000004,2.570916648652501,2.616199562383276,3.5052990713681798,6.662329403169375
events,12,cosine,none,inverse2,1000,0.0475389067083628,2.5854224736104894,0.07302535986752899,2.6717578271809472,2.5252462765006705,3.5105109723970034,7.048244642530728
events,12,cosine,l1,inverse2,1000,0.047538906708363804,2.5854224736104894,0.07302535986752919,2.6717578271809472,2.5252462765006793,3.5105109723970065,7.048244642530699
events,64,euclidean,l1,uniform,1000,-0.022013604750000016,2.4618937339727114,0.0822864736250001,2.5894464222409845,2.5636535828782208,3.512544570774219,6.8399705399715875
templates,8,euclidean,sqrt,inverse2,1000,-0.09208132506953558,2.414320483113869,0.04764910905274436,2.5840526959386265,2.5443457792741464,3.519862961329636,6.6969034737731
events,16,cosine,none,inverse2,1000,0.04184085164109388,2.572939987113279,0.06789787829775852,2.673443370088444,2.539679555020326,3.536421477848848,6.877010666955841
events,16,cosine,l1,inverse2,1000,0.0418408516410947,2.5729399871132794,0.06789787829775844,2.6734433700884432,2.5396795550203137,3.536421477848857,6.877010666955861
templates,3,euclidean,sqrt,inverse2,1000,-0.031000847541894232,2.37458911591698,0.05999868230194511,2.575045842940486,2.6349687718650285,3.540734849164196,6.516312958836746
events,12,cosine,l1,inverse,1000,0.04513040953622015,2.597522112680187,0.07540449210344591,2.671463624662786,2.487110732733848,3.549922942733504,7.027260224926301
events,12,cosine,none,inverse,1000,0.045130409536220085,2.5975221126801875,0.07540449210344619,2.6714636246627865,2.48711073273384,3.549922942733511,7.027260224926274
templates,8,euclidean,sqrt,inverse,1000,-0.09480666027622796,2.4371017845766856,0.04776505166279667,2.6033248992964806,2.5736100994051414,3.5533930997793806,6.719813910792862
events,12,cosine,l1,uniform,1000,0.04171740983333325,2.620738891207724,0.07747262550000004,2.681796163592557,2.5033006933245106,3.558129999140112,7.086888557989629
events,12,cosine,none,uniform,1000,0.04171740983333325,2.620738891207724,0.07747262550000004,2.681796163592557,2.5033006933245106,3.558129999140112,7.086888557989629
events,16,cosine,none,inverse,1000,0.03725252791095295,2.587798329366526,0.07008431551379474,2.6802934712950277,2.5216086794191157,3.5610027027692444,6.983279896031818
events,16,cosine,l1,inverse,1000,0.03725252791095316,2.587798329366526,0.07008431551379461,2.6802934712950277,2.5216086794191206,3.5610027027692475,6.983279896031784
events,48,euclidean,none,uniform,1000,-0.07002488995833328,2.4585073851656305,0.014025757999999975,2.5931402267294352,2.6022707841032817,3.5723071105907116,6.698015688899117
events,64,euclidean,none,inverse,1000,-0.07641770346005279,2.465033312098784,0.005486355070818636,2.6209677433598864,2.617925655912436,3.5727186449479866,6.745073857130167
templates,1,euclidean,l1,uniform,1000,0.10080814900000004,2.690637786487541,0.006765693000000084,2.703977250227551,2.58139734009084,3.574403089677696,7.736763904994746
templates,1,euclidean,l1,inverse,1000,0.10080814900000004,2.690637786487541,0.006765693000000084,2.703977250227551,2.58139734009084,3.574403089677696,7.736763904994746
templates,1,euclidean,l1,inverse2,1000,0.10080814900000004,2.690637786487541,0.006765693000000084,2.703977250227551,2.58139734009084,3.574403089677696,7.736763904994746
events,24,cosine,l1,inverse2,1000,0.01650777938812639,2.617180868211274,0.0782713845298496,2.7309238821579513,2.5774420996285836,3.577336390607881,6.919245582221222
events,24,cosine,none,inverse2,1000,0.01650777938812599,2.6171808682112743,0.07827138452984948,2.7309238821579513,2.577442099628567,3.577336390607904,6.919245582221237
events,5,cosine,none,inverse2,1000,0.051787646515451286,2.600643226772157,0.06940474642197211,2.73681961486143,2.563632370288277,3.5819276490153755,7.296673104813428
events,5,cosine,l1,inverse2,1000,0.05178764651545238,2.600643226772156,0.06940474642197225,2.736819614861429,2.5636323702882704,3.581927649015376,7.296673104813399
events,5,euclidean,sqrt,inverse2,1000,-0.03570607077917958,2.479804717200065,0.036353396806155916,2.5748160230574424,2.630553451056593,3.586661109428715,6.682602216446213
events,3,cosine,l1,inverse2,1000,0.0575979570390085,2.696551109334835,0.11086848851232937,2.885180576346541,2.695914672752069,3.5881205335117787,7.595363905580553
events,3,cosine,none,inverse2,1000,0.0575979570390073,2.6965511093348353,0.1108684885123292,2.885180576346541,2.695914672752053,3.5881205335118027,7.595363905580556
templates,3,cosine,sqrt_l1,inverse2,1000,-0.028361082552264726,2.6113182832486506,0.03078266418898724,2.586333339514368,2.6311378313812703,3.5906361626308767,6.833135224454629
templates,3,cosine,sqrt,inverse2,1000,-0.028361082552264934,2.611318283248651,0.03078266418898722,2.5863333395143675,2.63113783138127,3.590636162630894,6.833135224454629
events,5,cosine,none,inverse,1000,0.050457368079460364,2.596937553102471,0.07027232434622714,2.730780160014479,2.5746241873830895,3.594837230062992,7.124867302637674
events,5,cosine,l1,inverse,1000,0.05045736807946092,2.5969375531024705,0.07027232434622704,2.7307801600144783,2.574624187383091,3.5948372300629967,7.124867302637673
templates,24,cosine,none,inverse2,1000,-0.028396877941145496,2.644527030027543,0.07269658199505405,2.731789429885246,2.5576191767176164,3.5954404752469125,7.271048797701228
templates,24,cosine,l1,inverse2,1000,-0.02839687794114908,2.6445270300275445,0.07269658199505219,2.7317894298852496,2.557619176717585,3.5954404752469244,7.2710487977012015
templates,5,cosine,none,uniform,1000,0.019596133000000036,2.582029138734025,0.07949294700000005,2.7085375433456083,2.71649572446728,3.5968860043118576,7.254734127078165
templates,5,cosine,l1,uniform,1000,0.019596133000000036,2.582029138734025,0.07949294700000005,2.7085375433456083,2.71649572446728,3.5968860043118576,7.254734127078165
templates,3,euclidean,sqrt,inverse,1000,-0.030197906222346683,2.3815202922424246,0.061155807976038916,2.581882998494738,2.6718243591962283,3.6006260891376423,6.53339897029141
templates,8,cosine,l1,inverse,1000,-0.017009976112313255,2.566729961935625,0.06192460465330878,2.688819338865482,2.553977039691901,3.6012357584099264,7.009176421969944
templates,8,cosine,none,inverse,1000,-0.017009976112311236,2.566729961935624,0.06192460465330949,2.6888193388654793,2.5539770396919064,3.601235758409927,7.009176421969952
templates,8,euclidean,sqrt,uniform,1000,-0.09767640974999982,2.461333609204683,0.047674678000000054,2.6236050552994215,2.5931685131081164,3.602605780511993,6.649038438447342
templates,3,euclidean,sqrt,uniform,1000,-0.029494821000000088,2.3891818594244,0.06232125966666669,2.589554558244603,2.6920001699642127,3.60397557913392,6.524789476726656
templates,5,cosine,sqrt_l1,inverse2,1000,-0.030017482082972856,2.606378269098233,0.0741444372818056,2.5242960639986944,2.6510951699143135,3.61022226815871,6.863726938022946
templates,5,cosine,sqrt,inverse2,1000,-0.030017482082973317,2.6063782690982333,0.07414443728180607,2.524296063998694,2.6510951699143313,3.610222268158725,6.863726938022945
events,5,euclidean,sqrt,inverse,1000,-0.03681906376377791,2.4858528284693002,0.040662792158019795,2.5803797577854626,2.6275819372600804,3.6161744102971274,6.739103205097251
templates,1,cosine,none,inverse2,1000,0.06747478900000005,2.8711721944190174,0.018886923000000066,2.841538620147622,2.6312979248736994,3.6211737992228703,8.249844912840699
templates,1,cosine,l1,inverse2,1000,0.06747478900000005,2.8711721944190174,0.018886923000000066,2.841538620147622,2.6312979248736994,3.6211737992228703,8.249844912840699
templates,1,cosine,l1,inverse,1000,0.06747478900000005,2.8711721944190174,0.018886923000000066,2.841538620147622,2.6312979248736994,3.6211737992228703,8.249844912840699
templates,1,cosine,l1,uniform,1000,0.06747478900000005,2.8711721944190174,0.018886923000000066,2.841538620147622,2.6312979248736994,3.6211737992228703,8.249844912840699
templates,1,cosine,none,inverse,1000,0.06747478900000005,2.8711721944190174,0.018886923000000066,2.841538620147622,2.6312979248736994,3.6211737992228703,8.249844912840699
templates,1,cosine,none,uniform,1000,0.06747478900000005,2.8711721944190174,0.018886923000000066,2.841538620147622,2.6312979248736994,3.6211737992228703,8.249844912840699
events,5,euclidean,sqrt,uniform,1000,-0.03797926900000003,2.493418421069633,0.044947244999999934,2.5870215849996754,2.6359303898172026,3.6236218452042057,6.792936728443621
templates,3,cosine,sqrt_l1,inverse,1000,-0.026393123516793165,2.620290629740454,0.02804123463257457,2.600957645723933,2.6637416281238924,3.6272178141309,6.888887207766225
templates,3,cosine,sqrt,inverse,1000,-0.02639312351679333,2.620290629740454,0.02804123463257472,2.600957645723933,2.6637416281238973,3.627217814130908,6.888887207766226
templates,12,euclidean,l1,inverse,1000,-0.012565866744103073,2.568644107317525,0.09132353964002889,2.7194622958579444,2.640795610827955,3.6283308359005537,7.392968811821338
events,3,cosine,none,inverse,1000,0.058535502606419654,2.687727834384727,0.1175096537851798,2.883258283253192,2.702753882608053,3.632312226855878,7.583298779886832
events,3,cosine,l1,inverse,1000,0.0585355026064204,2.6877278343847264,0.11750965378517977,2.8832582832531917,2.7027538826080937,3.632312226855886,7.583298779886828
events,3,cosine,l1,uniform,1000,0.059394195666666656,2.6930835242875792,0.12393718299999994,2.8938665047825403,2.7518811073556178,3.634750693610948,7.588988879246686
events,3,cosine,none,uniform,1000,0.059394195666666656,2.6930835242875792,0.12393718299999994,2.8938665047825403,2.7518811073556178,3.634750693610948,7.588988879246686
templates,5,cosine,sqrt_l1,inverse,1000,-0.0281903983771901,2.6241291270791534,0.07586731524495269,2.545526648358227,2.6855088412204875,3.641440792435857,6.910201673443837
templates,5,cosine,sqrt,inverse,1000,-0.028190398377190097,2.6241291270791534,0.07586731524495294,2.5455266483582273,2.6855088412204866,3.64144079243586,6.910201673443843
events,16,cosine,l1,uniform,1000,0.03205829650000006,2.6129835754178696,0.07248521487499994,2.699144335148547,2.563311710821414,3.646595170627317,7.04530885049729
events,16,cosine,none,uniform,1000,0.03205829650000006,2.6129835754178696,0.07248521487499994,2.699144335148547,2.563311710821414,3.646595170627317,7.04530885049729
templates,12,euclidean,sqrt,inverse2,1000,-0.10719964299155639,2.5138559643317313,0.034976844496550995,2.6575435944925916,2.58810742389561,3.6484985842207087,6.821777898067285
events,5,cosine,none,uniform,1000,0.047474961000000045,2.605654975449196,0.07040191900000005,2.7358217400570637,2.5925972177316874,3.6487055614920307,7.085579509974126
events,5,cosine,l1,uniform,1000,0.047474961000000045,2.605654975449196,0.07040191900000005,2.7358217400570637,2.5925972177316874,3.6487055614920307,7.085579509974126
templates,3,cosine,sqrt_l1,uniform,1000,-0.02444418100000004,2.632135554267245,0.024947523000000055,2.6178581867624318,2.689000957386969,3.656893761895892,6.949673337104709
templates,3,cosine,sqrt,uniform,1000,-0.02444418100000004,2.632135554267245,0.024947523000000055,2.6178581867624318,2.689000957386969,3.656893761895892,6.949673337104709
events,64,euclidean,none,uniform,1000,-0.08735444896875001,2.5264457022286906,0.002930403625000082,2.684591617781417,2.6668463179992923,3.6710263899846125,6.822461909088788
events,24,cosine,l1,inverse,1000,0.007502917327817819,2.6452015949929155,0.08540369326564137,2.7583947910871927,2.650152098434602,3.6852456282683286,7.123632744612999
events,24,cosine,none,inverse,1000,0.007502917327817748,2.645201594992916,0.08540369326564161,2.7583947910871927,2.6501520984346083,3.6852456282683375,7.123632744612998
templates,12,euclidean,sqrt,inverse,1000,-0.1097721073954988,2.5527738961895006,0.03654056201003449,2.689054962100116,2.618946532108601,3.6940570448749943,6.932248686823156
events,12,euclidean,sqrt_l1,inverse2,1000,-0.03762509792361081,2.6172837976408876,0.06643771709646246,2.6190092803492484,2.725052309350541,3.69583671436065,6.805048379364704
events,12,euclidean,sqrt_l1,inverse,1000,-0.03478697912007348,2.6232743555673523,0.06621983477835061,2.620887310882671,2.7419676355354428,3.702451214223481,6.841933709976939
events,32,euclidean,sqrt_l1,inverse2,1000,-0.0627326758315105,2.579060129572166,0.06671989712292298,2.609301691782237,2.7320732844216202,3.7047167983289335,6.82437904510327
templates,5,cosine,sqrt,uniform,1000,-0.026464424999999958,2.6446638132600016,0.07767474299999998,2.57010642423136,2.734622395717603,3.7083308618863877,6.939927348129107
templates,5,cosine,sqrt_l1,uniform,1000,-0.026464424999999958,2.6446638132600016,0.07767474299999998,2.57010642423136,2.734622395717603,3.7083308618863877,6.939927348129107
templates,8,euclidean,l1,uniform,1000,-0.02154016474999987,2.5329053543608384,0.05790204175000004,2.6420125733162783,2.651615552576934,3.708876727971584,7.040266864169007
events,12,euclidean,sqrt_l1,uniform,1000,-0.032019731000000044,2.6300375196647345,0.0661090413333334,2.6236989971430273,2.7672554794401116,3.7095194382876464,6.860375541741979
templates,32,cosine,none,inverse2,1000,-0.04027650889584001,2.7048088886653145,0.0840141053625017,2.778983719110293,2.59701546729917,3.710437537785318,7.547218739374463
templates,32,cosine,l1,inverse2,1000,-0.04027650889584384,2.7048088886653168,0.08401410536249986,2.778983719110297,2.5970154672992036,3.7104375377853223,7.5472187393744585
events,32,euclidean,sqrt_l1,inverse,1000,-0.06258807488716145,2.5871047658406554,0.0663004130504694,2.6166123951054767,2.730013254616834,3.7183928384958005,6.839000626416213
events,16,euclidean,sqrt_l1,inverse2,1000,-0.04600727623544057,2.5786850079052006,0.07893777732709506,2.592639726639137,2.714431671892624,3.7188025373074236,6.76095913671362
events,32,cosine,l1,inverse2,1000,0.004054118454920612,2.646574070006386,0.07310488707298479,2.756409738429475,2.656875443210799,3.7204945896201886,7.08161473494375
events,32,cosine,none,inverse2,1000,0.004054118454920285,2.646574070006386,0.07310488707298464,2.756409738429475,2.6568754432107937,3.720494589620233,7.081614734943756
events,16,euclidean,sqrt_l1,inverse,1000,-0.043952293607209036,2.5838617541281264,0.07946529233546643,2.5952262358027274,2.7142822770848225,3.7349055000256177,6.691599332968603
events,24,euclidean,sqrt_l1,inverse2,1000,-0.04848656674442068,2.572545015296467,0.06661323685457009,2.602488911759894,2.694196899602403,3.735997322297605,6.722420313756823
templates,24,euclidean,l1,inverse2,1000,-0.0030965026685432022,2.6605821930823823,0.06394335943035144,2.7983061301043337,2.6704345967255394,3.7381277573146625,7.613308999034724
events,32,euclidean,sqrt_l1,uniform,1000,-0.06254381318749991,2.5952305566399296,0.06585655425000005,2.624166254595682,2.7303125230016505,3.7385132862145047,6.820270780384912
events,24,euclidean,sqrt_l1,uniform,1000,-0.046287464750000125,2.5868010114016777,0.0663615913333335,2.6160621581982566,2.7191525584030902,3.740249291779533,6.730401140616492
templates,16,euclidean,l1,inverse,1000,-0.02166771009989514,2.6858632397595836,0.07338393562741899,2.858271639929218,2.6654896556846865,3.7413189722276345,7.905436381385282
templates,12,euclidean,sqrt,uniform,1000,-0.11232279016666653,2.5936698204142825,0.03807875050000008,2.7222761184422115,2.6522106168061512,3.7418549099479628,7.133700814031377
events,48,cosine,l1,inverse2,1000,-0.011598071903557624,2.714772227262742,0.06862512625726609,2.821956394195746,2.724096363096592,3.743368883922187,7.292708253225363
events,48,cosine,none,inverse2,1000,-0.011598071903558028,2.714772227262742,0.06862512625726629,2.821956394195746,2.7240963630965913,3.7433688839221877,7.292708253225364
events,24,euclidean,sqrt_l1,inverse,1000,-0.04732506260440998,2.579532733468061,0.06647013526035653,2.6090164006143275,2.6964404654358445,3.7440260366482674,6.71197655450571
events,48,euclidean,sqrt_l1,inverse2,1000,-0.062348681284723484,2.6138824892732666,0.07275979803613691,2.6718488152617725,2.7637218401780856,3.7480992153837547,6.907910587074977
templates,16,euclidean,sqrt,inverse2,1000,-0.10077552555345083,2.6159399648630117,0.030785472793189158,2.783326571207075,2.6796493824787118,3.7535738288175735,7.351414193085664
events,48,euclidean,sqrt_l1,inverse,1000,-0.06186854233323123,2.624984484903009,0.07290565731991064,2.6843842014680495,2.7936074405754825,3.7551187304835887,6.943092283236668
events,16,euclidean,sqrt_l1,uniform,1000,-0.041994497249999964,2.5896106127590666,0.08006109424999995,2.5985683550775422,2.7434830182079386,3.757652888397933,6.677671964635108
templates,3,euclidean,none,inverse2,1000,-0.05657533851390279,2.6368039481413823,0.014635765150187816,2.834422258674462,2.784759811585669,3.772973903156617,7.271304905129256
events,48,euclidean,sqrt_l1,uniform,1000,-0.06143904412499995,2.6358920237096264,0.07305352654166664,2.6968091397855027,2.801624849398223,3.775214010649328,7.011110584947788
templates,12,cosine,l1,inverse,1000,-0.04853748687739608,2.6915148542044403,0.08084482048418655,2.8067885564211763,2.6140504553636337,3.788236378135981,7.297130823940987
templates,12,cosine,none,inverse,1000,-0.048537486877393426,2.6915148542044394,0.08084482048418684,2.8067885564211736,2.6140504553636212,3.7882363781359816,7.297130823940988
events,24,cosine,none,uniform,1000,-0.0010855797499998657,2.682325733436924,0.09338172966666668,2.7998438094933586,2.707498042017899,3.793673120732421,7.304533523296226
events,24,cosine,l1,uniform,1000,-0.0010855797499998657,2.682325733436924,0.09338172966666668,2.7998438094933586,2.707498042017899,3.793673120732421,7.304533523296226
events,32,cosine,none,inverse,1000,-0.006668733931668101,2.6857930814762336,0.07739462586626467,2.796094780323104,2.717277753381796,3.795636863141723,7.147560458806102
events,32,cosine,l1,inverse,1000,-0.006668733931668079,2.6857930814762336,0.0773946258662646,2.796094780323104,2.717277753381752,3.795636863141724,7.147560458806103
templates,32,euclidean,l1,inverse2,1000,-0.009682571834002902,2.8121291701091478,0.06914034329342966,2.9449688483518117,2.733547252624934,3.8038514639546697,7.999107188740262
events,3,euclidean,sqrt,inverse2,1000,0.016840808020492197,2.6563227441331967,-0.046695631522979474,2.776060608829184,2.882580750686013,3.81263665343811,7.000023805722926
events,3,euclidean,sqrt,inverse,1000,0.017919167895700108,2.659788447537246,-0.04570624169358645,2.780690202780463,2.8816758131715225,3.8203085251706694,6.979325516043148
templates,48,cosine,none,inverse2,1000,-0.04673972821902794,2.8413741388345075,0.08485181381836485,2.8582957338606287,2.69811258158242,3.820331591649928,7.995138052407434
templates,48,cosine,l1,inverse2,1000,-0.04673972821903139,2.8413741388345093,0.08485181381836297,2.8582957338606327,2.698112581582423,3.820331591649975,7.995138052407431
templates,16,euclidean,sqrt,inverse,1000,-0.10261612708745464,2.6732605165578405,0.032293758731828826,2.835740179064251,2.724719221467371,3.8206074303233684,7.4858152984650745
events,3,euclidean,sqrt,uniform,1000,0.01899039566666665,2.6650105225423024,-0.044749827,2.786957602850129,2.8924776021314544,3.8213684495861453,6.989642914460848
events,8,euclidean,sqrt_l1,uniform,1000,-0.06775202224999996,2.6806648388379575,0.055629299250000125,2.6956502820532613,2.7427708392804453,3.8266101432353485,7.08783563904335
events,8,euclidean,sqrt_l1,inverse,1000,-0.0699587763390478,2.6750005712520246,0.05607350338836444,2.6939238046481457,2.7497059997608835,3.828152500801691,7.066231076827788
templates,5,euclidean,none,inverse2,1000,-0.07910948179355258,2.6383819735743077,-0.016414225157062617,2.7784667479845364,2.830517422239868,3.829862735962253,7.121925712376863
templates,3,euclidean,none,inverse,1000,-0.054839820810383404,2.6581036721016935,0.016978265584646438,2.863079850185868,2.8049706782953026,3.8307002004236708,7.445069031191748
events,8,euclidean,sqrt_l1,inverse2,1000,-0.07211263111734999,2.6703154729093246,0.05669524258381002,2.6932634388633168,2.7417948338090663,3.831792765849103,7.063774481289974
templates,8,cosine,sqrt,inverse2,1000,-0.040233636226000145,2.655473476980271,0.07770944835707991,2.623914956832807,2.8084656296225328,3.8351676402557597,6.884682890115125
templates,8,cosine,sqrt_l1,inverse2,1000,-0.040233636225999195,2.655473476980271,0.07770944835707945,2.623914956832807,2.8084656296225363,3.8351676402557637,6.884682890115117
templates,16,euclidean,sqrt,uniform,1000,-0.10430509662499995,2.73300679931745,0.03365954612499999,2.8910042539105327,2.779754500631956,3.847741633279394,7.498564572212732
templates,64,cosine,none,inverse2,1000,-0.04853163344653836,2.921759472517959,0.08740122692452448,2.9049384883112124,2.7745824599780766,3.8503972978511607,8.133162414963916
templates,64,cosine,l1,inverse2,1000,-0.04853163344654213,2.921759472517961,0.08740122692452276,2.9049384883112164,2.774582459978074,3.850397297851194,8.133162414963927
templates,3,euclidean,none,uniform,1000,-0.053736997666666786,2.6891058088906807,0.01888687299999998,2.9010464272776133,2.8446332099286527,3.85795538227784,7.504432722241531
events,64,euclidean,sqrt_l1,inverse2,1000,-0.060405581309704796,2.678643943908188,0.06674338329707365,2.707881695076169,2.8656849481432642,3.8627902852020606,7.073334418289724
templates,8,cosine,sqrt,inverse,1000,-0.04058798826132345,2.693175191778702,0.0812810471133312,2.6659299568705603,2.904685313382556,3.8814918538737544,6.993556842647307
templates,8,cosine,sqrt_l1,inverse,1000,-0.04058798826132319,2.693175191778702,0.08128104711333127,2.6659299568705603,2.904685313382554,3.881491853873755,6.993556842647307
templates,5,euclidean,none,inverse,1000,-0.08627413108748266,2.6745722758785315,-0.01758520448216119,2.815878299435446,2.8590524621161704,3.887675134778889,7.283634630286409
events,48,cosine,none,inverse,1000,-0.02606378686561056,2.7829504607153486,0.06804583371759054,2.8912035410099706,2.8357530294726434,3.8921813432439407,7.551072396456509
events,48,cosine,l1,inverse,1000,-0.02606378686561068,2.7829504607153486,0.06804583371759054,2.8912035410099706,2.8357530294726407,3.892181343243945,7.55107239645651
templates,3,euclidean,sqrt_l1,inverse2,1000,-0.022752014662025793,2.900925539850931,0.038869716978063795,2.7467753370482932,2.865041328136596,3.892362015759231,7.6093371059314805
templates,16,cosine,none,inverse,1000,-0.038958742639238576,2.7784504163023978,0.06991497000083571,2.9126637980158727,2.686446255175231,3.894391854992229,7.597646690705121
templates,16,cosine,l1,inverse,1000,-0.038958742639241005,2.7784504163023986,0.06991497000083541,2.912663798015876,2.6864462551752233,3.8943918549922327,7.597646690705139
templates,8,euclidean,none,inverse2,1000,-0.07224530129029946,2.6733743684121944,-0.006588735943575898,2.8158553763417706,2.837451642946914,3.894960035744257,7.416251858786788
events,64,cosine,none,inverse2,1000,-0.01710466139043615,2.7730098160791283,0.0663808427439727,2.8871520730236777,2.806719894976681,3.8977954270134902,7.376624628098434
events,64,cosine,l1,inverse2,1000,-0.017104661390436128,2.7730098160791283,0.06638084274397243,2.8871520730236777,2.806719894976686,3.897795427013495,7.376624628098427
events,64,euclidean,sqrt_l1,inverse,1000,-0.059722373861825336,2.695203982929011,0.06660580598061468,2.722393044104484,2.8907685634167994,3.897839750750505,7.13179093968847
templates,8,cosine,l1,uniform,1000,-0.048055314749999974,2.7863564679496333,0.03896263675000002,2.9113707369523483,2.840227869235556,3.9010289645705765,7.524512062695057
templates,8,cosine,none,uniform,1000,-0.048055314749999974,2.7863564679496333,0.03896263675000002,2.9113707369523483,2.840227869235556,3.9010289645705765,7.524512062695057
events,5,euclidean,sqrt_l1,inverse2,1000,-0.1232302710543701,2.776659962837296,0.047361572849632126,2.7850997532176143,2.8882452982695233,3.901423057129653,7.43606562087391
templates,12,euclidean,l1,uniform,1000,-0.03050480099999992,2.7548303621943604,0.09136159383333334,2.9138848154812416,2.75074288253609,3.90496467232297,7.950085832072285
templates,3,euclidean,sqrt_l1,inverse,1000,-0.023583294507365675,2.90611983721847,0.03851228957439074,2.7522718653833143,2.873814380022455,3.9115459554981866,7.597187615132502
templates,3,euclidean,sqrt_l1,uniform,1000,-0.024444177666666723,2.911853714622195,0.038078793,2.7582147641496406,2.874733986021374,3.9133836726798688,7.600931606869347
templates,5,euclidean,sqrt_l1,inverse2,1000,-0.022257384039178915,2.8194890756877222,0.08364694183224956,2.6922504173410626,2.917370277258888,3.9306774898834345,7.304852948135247
events,64,euclidean,sqrt_l1,uniform,1000,-0.05913473193750009,2.711390585044311,0.06647204362499994,2.73644320352957,2.9111595215799877,3.9332052267000797,7.162426991281736
events,5,euclidean,sqrt_l1,inverse,1000,-0.12430277924392819,2.781109245810802,0.04454632939061951,2.7848929748492948,2.866842468175365,3.934619940918459,7.448573749768486
events,32,cosine,l1,uniform,1000,-0.016805263187499912,2.7347412440862375,0.08148152175000016,2.8502920747512794,2.775875217600504,3.9471743313392174,7.2545203999966255
events,32,cosine,none,uniform,1000,-0.016805263187499912,2.7347412440862375,0.08148152175000016,2.8502920747512794,2.775875217600504,3.9471743313392174,7.2545203999966255
events,5,euclidean,sqrt_l1,uniform,1000,-0.12525205100000003,2.786940469529514,0.04191718100000006,2.785959305224069,2.8822148532706415,3.9518277439027534,7.430661950474308
templates,12,cosine,sqrt,inverse2,1000,-0.014380198769215844,2.752921347548866,0.07161103783916499,2.722672802897802,2.9054976097544847,3.9539045366830887,6.973854333182244
templates,12,cosine,sqrt_l1,inverse2,1000,-0.014380198769215369,2.752921347548866,0.07161103783916466,2.722672802897802,2.9054976097544847,3.9539045366830927,6.9738543331822305
events,16,cosine,sqrt,inverse2,1000,-0.0344956088046022,2.7351470715821278,0.07736574918995784,2.7137218995846943,2.9283824197135706,3.9684620362649308,7.065089343162244
events,16,cosine,sqrt_l1,inverse2,1000,-0.03449560880460223,2.7351470715821278,0.07736574918995782,2.713721899584694,2.9283824197135746,3.968462036264932,7.065089343162244
templates,5,euclidean,sqrt_l1,uniform,1000,-0.021615938999999956,2.832766387252117,0.08737172299999998,2.7164298926648507,2.9801448238212718,3.9714526939572137,7.317099825971347
templates,5,euclidean,sqrt_l1,inverse,1000,-0.021954581576986064,2.8258717959667035,0.08548662578568848,2.7039353936326407,2.942980309180395,3.971790842833214,7.305285520399561
events,16,cosine,sqrt_l1,inverse,1000,-0.03132881383710589,2.7502097398432834,0.07740597819747172,2.713210567933845,2.900353231493038,3.9851516340084245,7.1049493187235955
events,16,cosine,sqrt,inverse,1000,-0.03132881383710603,2.7502097398432834,0.07740597819747165,2.713210567933845,2.900353231493037,3.985151634008427,7.1049493187236035
templates,8,cosine,sqrt_l1,uniform,1000,-0.04161580099999988,2.736265787815003,0.08479592300000036,2.711734733372867,2.9384269208795386,3.9910665264889005,7.095158874753935
templates,8,cosine,sqrt,uniform,1000,-0.04161580099999988,2.736265787815003,0.08479592300000036,2.711734733372867,2.9384269208795386,3.9910665264889005,7.095158874753935
templates,8,euclidean,log1p,inverse2,1000,-0.06730234973971144,2.8313701024225026,0.10684399394874979,2.836396702725289,3.0285599993554837,3.9935142793952374,7.264656094193817
templates,24,euclidean,sqrt,inverse2,1000,-0.1047376445904501,2.83030277331857,0.021464779536841016,2.993697255110677,2.806664898787791,3.996452299030661,7.9970604340903915
events,16,cosine,sqrt,uniform,1000,-0.028168748499999858,2.767797115176666,0.07797775112500006,2.7161245906317,2.922097434163705,3.99990074391316,7.205454742190105
events,16,cosine,sqrt_l1,uniform,1000,-0.028168748499999858,2.767797115176666,0.07797775112500006,2.7161245906317,2.922097434163705,3.99990074391316,7.205454742190105
templates,8,euclidean,none,inverse,1000,-0.08148406649488976,2.732117767720166,-0.007551042529023335,2.8796933851471467,2.9050006832104893,4.007361781788671,7.452558369345613
templates,5,euclidean,none,uniform,1000,-0.09676735700000007,2.721827146791404,-0.018688901,2.8647787823042807,2.9416101848945653,4.01925337151543,7.361801825330227
events,12,cosine,sqrt_l1,inverse2,1000,-0.02665157848073283,2.7402580211167207,0.07453398968538995,2.734899008145267,2.8890224304262904,4.024831730448306,7.097752936005003
events,12,cosine,sqrt,inverse2,1000,-0.026651578480732883,2.7402580211167202,0.07453398968538984,2.734899008145267,2.889022430426282,4.024831730448308,7.09775293600501
templates,8,euclidean,log1p,inverse,1000,-0.06671790871022111,2.8441716886294164,0.10700188883456303,2.846968419377315,3.056130418794249,4.027545244805567,7.380805183368775
templates,1,euclidean,none,uniform,1000,-0.04464635100000005,2.8805144677918992,-0.041718986999999944,2.9450051854814103,2.881428836635842,4.02834988462708,7.830948184034665
templates,1,euclidean,none,inverse2,1000,-0.04464635100000005,2.8805144677918992,-0.041718986999999944,2.9450051854814103,2.881428836635842,4.02834988462708,7.830948184034665
templates,1,euclidean,none,inverse,1000,-0.04464635100000005,2.8805144677918992,-0.041718986999999944,2.9450051854814103,2.881428836635842,4.02834988462708,7.830948184034665
events,24,cosine,sqrt,inverse2,1000,-0.04591702510817625,2.752386761751301,0.08648438255101082,2.709598842819597,2.878613480968463,4.031591100710922,7.098448932660365
events,24,cosine,sqrt_l1,inverse2,1000,-0.04591702510817621,2.752386761751301,0.08648438255101101,2.709598842819597,2.878613480968453,4.031591100710924,7.0984489326603715
templates,8,euclidean,log1p,uniform,1000,-0.06623697850000002,2.8573128289691825,0.10714411300000018,2.8579928222898614,3.0843386451595984,4.039328166211281,7.4174957164300075
templates,16,euclidean,l1,uniform,1000,-0.0378280547499999,2.933237987959747,0.0688868548750001,3.0978986473001067,2.853132618870284,4.039365329406111,8.448605018968655
templates,12,euclidean,none,inverse2,1000,-0.10097495036138358,2.753304947844226,-0.014890375378979876,2.9076647164358054,2.956419426844093,4.043023924859779,7.464203578452824
events,12,cosine,sqrt_l1,inverse,1000,-0.021520866652592494,2.7514328946817597,0.0745850107300566,2.7334537633177685,2.889332530966615,4.047124853712992,7.193953479588882
events,12,cosine,sqrt,inverse,1000,-0.02152086665259261,2.7514328946817597,0.07458501073005679,2.7334537633177685,2.889332530966616,4.047124853712993,7.193953479588884
templates,5,euclidean,log1p,inverse2,1000,-0.08389504579910134,2.8548002399018295,0.0973947960660186,2.8603147841738292,3.0674285438439375,4.047780105464654,7.3880360093669175
events,8,cosine,sqrt,inverse2,1000,-0.06414699951887814,2.760741888580843,0.05650690152820446,2.8239109375049223,2.8745715240787657,4.047976813031638,7.2650847960603215
events,8,cosine,sqrt_l1,inverse2,1000,-0.06414699951887792,2.760741888580843,0.05650690152820431,2.823910937504922,2.874571524078776,4.04797681303164,7.265084796060315
events,5,cosine,sqrt_l1,inverse2,1000,-0.09325310264979783,2.875836856863722,0.07443905555034809,2.9331174383275105,2.971229948418288,4.049989614707844,7.906513219316695
events,5,cosine,sqrt,inverse2,1000,-0.09325310264979789,2.875836856863722,0.07443905555034824,2.9331174383275114,2.9712299484182862,4.049989614707853,7.906513219316729
events,5,cosine,sqrt,uniform,1000,-0.09797938900000006,2.887715454742807,0.06615956300000002,2.9392523861737465,2.9898273619483478,4.051061931009497,7.746513182125355
events,5,cosine,sqrt_l1,uniform,1000,-0.09797938900000006,2.887715454742807,0.06615956300000002,2.9392523861737465,2.9898273619483478,4.051061931009497,7.746513182125355
templates,12,euclidean,log1p,inverse2,1000,-0.10075920133577006,2.863512305300313,0.1182072860533455,2.9224247566005928,3.0137388748919536,4.056090600550132,7.655947749939285
events,48,cosine,none,uniform,1000,-0.041868371208333394,2.867189243560012,0.0635838232083333,2.9787768282013056,2.95175415938117,4.065524863094433,7.69414846834643
events,48,cosine,l1,uniform,1000,-0.041868371208333394,2.867189243560012,0.0635838232083333,2.9787768282013056,2.95175415938117,4.065524863094433,7.69414846834643
events,24,cosine,sqrt_l1,inverse,1000,-0.044912900010298615,2.7713855435616246,0.08870118750992571,2.7168838448298382,2.8769251546534163,4.06946146126751,7.154336246444277
events,24,cosine,sqrt,inverse,1000,-0.044912900010298656,2.7713855435616246,0.0887011875099255,2.7168838448298382,2.8769251546534087,4.069461461267515,7.154336246444279
templates,5,euclidean,log1p,inverse,1000,-0.08274178631229055,2.8661130204647027,0.09694632401144748,2.8687076999067487,3.0738147705555567,4.069519063824212,7.429421078323546
events,8,cosine,sqrt_l1,inverse,1000,-0.06229316415219819,2.7657660387540983,0.05192625180157929,2.8228516567402595,2.9119754842245302,4.07302121875313,7.307101129170938
events,8,cosine,sqrt,inverse,1000,-0.06229316415219846,2.7657660387540983,0.05192625180157927,2.82285165674026,2.9119754842245302,4.073021218753133,7.307101129170932
events,12,cosine,sqrt_l1,uniform,1000,-0.01611065350000003,2.7662937066566253,0.07545250966666675,2.7360382326761226,2.8948206840279758,4.075604515336481,7.163864342377871
events,12,cosine,sqrt,uniform,1000,-0.01611065350000003,2.7662937066566253,0.07545250966666675,2.7360382326761226,2.8948206840279758,4.075604515336481,7.163864342377871
events,5,cosine,sqrt,inverse,1000,-0.09577172715790412,2.8789597722521254,0.07014298704642585,2.933220765940353,2.9885659676417022,4.078766052788324,7.842380215144499
events,5,cosine,sqrt_l1,inverse,1000,-0.09577172715790414,2.878959772252125,0.07014298704642581,2.9332207659403524,2.988565967641696,4.078766052788329,7.842380215144505
templates,24,euclidean,l1,inverse,1000,-0.018028327516934537,3.0183588567166613,0.05363316517428127,3.149494832756046,2.9685488621520877,4.082333005578603,8.686356044424437
templates,12,euclidean,log1p,inverse,1000,-0.10232075959762012,2.8801365184765153,0.11855679024161228,2.9377822407382497,3.01382492864193,4.08904284818219,7.762484822703427
templates,24,euclidean,sqrt,inverse,1000,-0.10743054661095675,2.935412175246138,0.022098110091973388,3.087086504298816,2.897394462813966,4.094264311296121,8.335029984467623
templates,12,cosine,sqrt,inverse,1000,-0.010393804594874798,2.8204598896123136,0.07605230996415582,2.793087783320083,3.0199011940765415,4.0947674437284665,7.155186376343778
templates,12,cosine,sqrt_l1,inverse,1000,-0.010393804594874528,2.8204598896123136,0.07605230996415532,2.793087783320083,3.019901194076544,4.094767443728468,7.1551863763437815
events,64,cosine,none,inverse,1000,-0.03386199667713497,2.872121851763155,0.06622377603214194,2.987544388374605,2.951372248042051,4.098954276814695,7.709352537473553
events,64,cosine,l1,inverse,1000,-0.03386199667713496,2.872121851763155,0.06622377603214195,2.9875443883746056,2.9513722480420514,4.098954276814709,7.709352537473554
templates,1,cosine,sqrt_l1,uniform,1000,-0.07494939099999996,3.210126196340007,0.055250603000000086,2.9613900025664517,3.062750818635359,4.099231795896967,8.288857523044241
templates,1,cosine,sqrt,inverse,1000,-0.07494939099999996,3.210126196340007,0.055250603000000086,2.9613900025664517,3.062750818635359,4.099231795896967,8.288857523044241
templates,1,cosine,sqrt,inverse2,1000,-0.07494939099999996,3.210126196340007,0.055250603000000086,2.9613900025664517,3.062750818635359,4.099231795896967,8.288857523044241
templates,1,cosine,sqrt_l1,inverse2,1000,-0.07494939099999996,3.210126196340007,0.055250603000000086,2.9613900025664517,3.062750818635359,4.099231795896967,8.288857523044241
templates,1,cosine,sqrt_l1,inverse,1000,-0.07494939099999996,3.210126196340007,0.055250603000000086,2.9613900025664517,3.062750818635359,4.099231795896967,8.288857523044241
templates,1,cosine,sqrt,uniform,1000,-0.07494939099999996,3.210126196340007,0.055250603000000086,2.9613900025664517,3.062750818635359,4.099231795896967,8.288857523044241
templates,5,euclidean,log1p,uniform,1000,-0.0816157430000001,2.8779134207832286,0.09646235700000014,2.8777105102329474,3.0716990937180357,4.103739829650881,7.407829800271351
templates,48,euclidean,l1,inverse2,1000,-0.040978151467801045,3.096338104348846,0.04676711359370727,3.1994759483529824,2.927314625230002,4.104460941569244,9.100114707612436
templates,12,euclidean,log1p,uniform,1000,-0.1039894534999999,2.897002268748225,0.11888670466666677,2.9534351773600416,3.023797763894268,4.104539925198143,7.719092143494354
events,32,cosine,sqrt,inverse2,1000,-0.06355297749018,2.7724505503187142,0.0815946416675777,2.7595526480111885,2.9218713339080757,4.116220105817223,7.3252784524286065
events,32,cosine,sqrt_l1,inverse2,1000,-0.06355297749018013,2.7724505503187142,0.08159464166757764,2.759552648011188,2.921871333908072,4.116220105817229,7.325278452428607
templates,16,euclidean,log1p,inverse2,1000,-0.08266185627827831,2.9094421575842437,0.1277061501430929,3.006444260921135,3.0740521476916154,4.1180549967077456,7.940707839801111
templates,16,cosine,sqrt,inverse2,1000,-0.04553239187866566,2.84158339600432,0.07660661690742467,2.8389422734093044,3.012198761983539,4.118553114050196,7.305311526562545
templates,16,cosine,sqrt_l1,inverse2,1000,-0.04553239187866518,2.84158339600432,0.07660661690742375,2.838942273409305,3.0121987619835404,4.118553114050209,7.305311526562545
events,24,cosine,sqrt,uniform,1000,-0.04401471808333334,2.7912318267461167,0.09110908175000011,2.72715851661913,2.899552016818606,4.123230498663818,7.171317042995924
events,24,cosine,sqrt_l1,uniform,1000,-0.04401471808333334,2.7912318267461167,0.09110908175000011,2.72715851661913,2.899552016818606,4.123230498663818,7.171317042995924
templates,8,euclidean,sqrt_l1,inverse2,1000,-0.001640293919293395,2.8703059700550932,0.06306042755827454,2.7752539337764306,3.030221983430687,4.124037487581515,7.176094994538585
templates,1,euclidean,sqrt,inverse,1000,-0.07494957100000002,2.81392302506783,0.08252319300000002,2.964559910505478,3.09238901436718,4.124999250576373,7.620932209468317
templates,1,euclidean,sqrt,uniform,1000,-0.07494957100000002,2.81392302506783,0.08252319300000002,2.964559910505478,3.09238901436718,4.124999250576373,7.620932209468317
templates,1,euclidean,sqrt,inverse2,1000,-0.07494957100000002,2.81392302506783,0.08252319300000002,2.964559910505478,3.09238901436718,4.124999250576373,7.620932209468317
events,8,cosine,sqrt_l1,uniform,1000,-0.06017624350000008,2.7755900873495443,0.048053496750000105,2.826572648405831,2.933441702070507,4.131797825115092,7.31573804589232
events,8,cosine,sqrt,uniform,1000,-0.06017624350000008,2.7755900873495443,0.048053496750000105,2.826572648405831,2.933441702070507,4.131797825115092,7.31573804589232
templates,16,euclidean,log1p,inverse,1000,-0.08279649963159776,2.9304959904036387,0.12859655463954864,3.0269968912661356,3.0689260827535865,4.158943803982712,7.95586302444247
templates,8,euclidean,none,uniform,1000,-0.09199451099999986,2.807661858059367,-0.008764597000000044,2.9565010259949136,3.0065361473522607,4.16026791471669,7.6107215270449
templates,8,euclidean,sqrt_l1,inverse,1000,0.0008915250001804438,2.8877066541702514,0.06323063681873801,2.7939769367648086,3.053937375811369,4.161021204068304,7.228231336476746
events,32,cosine,sqrt_l1,inverse,1000,-0.0652679242251432,2.7956087218042107,0.08273895437791452,2.776951486460061,2.909173686602432,4.161948994811921,7.409460304054922
events,32,cosine,sqrt,inverse,1000,-0.06526792422514312,2.7956087218042107,0.08273895437791452,2.776951486460061,2.9091736866024327,4.16194899481193,7.409460304054922
templates,8,euclidean,sqrt_l1,uniform,1000,0.0034598765000000073,2.9064306435660097,0.06320506175000018,2.8133066297459335,3.0797197171614137,4.180014351703003,7.292757340608335
events,48,cosine,sqrt,inverse2,1000,-0.061057205062243054,2.836877296056898,0.08197775660842666,2.8262202246136736,3.0375545633084364,4.181047154539914,7.390606886027819
events,48,cosine,sqrt_l1,inverse2,1000,-0.06105720506224323,2.836877296056898,0.08197775660842675,2.8262202246136736,3.03755456330843,4.181047154539914,7.390606886027819
events,32,cosine,sqrt_l1,uniform,1000,-0.06708922381250007,2.8186238072887497,0.08384897237500008,2.7963103849421596,2.9641877493499114,4.185546336828427,7.463125590682061
events,32,cosine,sqrt,uniform,1000,-0.06708922381250007,2.8186238072887497,0.08384897237500008,2.7963103849421596,2.9641877493499114,4.185546336828427,7.463125590682061
templates,16,euclidean,log1p,uniform,1000,-0.08290351412499992,2.951704235940122,0.12949272237500012,3.047791871276905,3.075180700996924,4.192052199583317,7.981541146149175
templates,24,cosine,l1,inverse,1000,-0.056525465641743905,3.0305188238401466,0.06469511870480645,3.094848540130119,2.9156130041757535,4.194464830481549,8.234731250570466
templates,24,cosine,none,inverse,1000,-0.05652546564174138,3.0305188238401453,0.06469511870480642,3.094848540130116,2.9156130041757535,4.194464830481552,8.234731250570464
templates,16,euclidean,none,inverse2,1000,-0.11700377686729609,2.8212019252916143,-0.024912626443272103,3.000875004732682,3.0927210930512956,4.209205828720461,7.586971457056215
events,3,euclidean,sqrt_l1,inverse2,1000,-0.14597185939288226,2.953344079492443,0.06393945181765595,3.0639060206349007,3.149935475042537,4.211718209269363,7.898066025745396
events,3,euclidean,sqrt_l1,uniform,1000,-0.15373685766666664,2.9612322780241334,0.05727070633333321,3.071939889944046,3.130963912264366,4.215751783169515,7.9917544994498355
templates,12,euclidean,none,inverse,1000,-0.1219929114925454,2.8540522195799105,-0.013343420070055668,3.0118079787402987,3.0966012698016567,4.220249220731486,7.662839308382397
events,32,euclidean,log1p,inverse,1000,-0.043570966436668065,3.0328181572938138,0.054601672437944955,3.0674350388612464,3.1551803300593395,4.2210237723436,8.13817658552497
events,3,cosine,sqrt_l1,inverse,1000,-0.09440402372747363,3.015386424083295,0.09351269230023779,3.085612390750134,3.194468030921634,4.222438193899992,8.019576535300939
events,3,cosine,sqrt,inverse,1000,-0.09440402372747358,3.0153864240832955,0.093512692300238,3.0856123907501343,3.1944680309216307,4.222438193899992,8.019576535300953
events,24,euclidean,log1p,inverse2,1000,-0.05313595399492255,2.987796259005361,0.05948631393217067,3.057352524047861,3.144471680780395,4.227042677185657,8.09509279122608
events,3,euclidean,sqrt_l1,inverse,1000,-0.1498961751503025,2.956571924014993,0.06055001630835557,3.0671372401472166,3.128425195236117,4.228023666644668,7.923192363962947
templates,3,euclidean,log1p,inverse2,1000,-0.09778777878664305,2.945005830888964,0.14593437589744968,2.984977495258375,3.2260618926727185,4.228810785131186,7.42964174650921
events,32,euclidean,log1p,inverse2,1000,-0.04534397368512433,3.0216769251269677,0.05449231051606483,3.0570781634598188,3.14684223852647,4.230114290149285,8.056590963490576
events,3,cosine,sqrt_l1,inverse2,1000,-0.09140669114751504,3.0152403365201526,0.09569300686178207,3.0917602059611964,3.1677089276668857,4.232656959338258,8.002207190221831
events,3,cosine,sqrt,inverse2,1000,-0.09140669114751529,3.015240336520153,0.0956930068617821,3.091760205961197,3.1677089276668924,4.232656959338262,8.002207190221831
templates,24,euclidean,sqrt,uniform,1000,-0.11017631766666686,3.0442205492711416,0.0222958930000002,3.1838541856530753,3.0145659998304355,4.234455061632369,8.645751160473488
events,32,euclidean,log1p,uniform,1000,-0.04208915693749999,3.04409928612096,0.05430340956250012,3.077385325586708,3.167998752064018,4.237242864229207,8.15607871897437
templates,12,cosine,sqrt_l1,uniform,1000,-0.006767328500000012,2.896388402861084,0.08100806466666642,2.87117100331168,3.0570856850607937,4.238460657145513,7.469105310042486
templates,12,cosine,sqrt,uniform,1000,-0.006767328500000012,2.896388402861084,0.08100806466666642,2.87117100331168,3.0570856850607937,4.238460657145513,7.469105310042486
events,64,cosine,sqrt_l1,inverse2,1000,-0.06767103257693975,2.878498093530853,0.08182368960365802,2.8769916354330007,3.1078950170603012,4.245796539761377,7.438530086075755
events,64,cosine,sqrt,inverse2,1000,-0.06767103257693936,2.878498093530853,0.08182368960365814,2.876991635433001,3.1078950170602964,4.245796539761384,7.438530086075752
templates,3,euclidean,log1p,inverse,1000,-0.09700293817010709,2.954421890198665,0.1465508059834592,2.9932411389875733,3.241696451002378,4.24780685171713,7.463179348294439
events,48,cosine,sqrt_l1,inverse,1000,-0.06170526197427918,2.8690530042137095,0.08292314042552835,2.854004389847067,3.061757136254956,4.247990018840731,7.454152486605281
events,48,cosine,sqrt,inverse,1000,-0.061705261974279224,2.8690530042137095,0.08292314042552845,2.854004389847067,3.0617571362549523,4.247990018840733,7.454152486605275
events,3,cosine,sqrt,uniform,1000,-0.09717117766666662,3.0213796272168834,0.09161410299999989,3.0852897495559057,3.161230317947294,4.254469780955394,8.06735709537911
events,3,cosine,sqrt_l1,uniform,1000,-0.09717117766666662,3.0213796272168834,0.09161410299999989,3.0852897495559057,3.161230317947294,4.254469780955394,8.06735709537911
templates,3,euclidean,log1p,uniform,1000,-0.09616122433333332,2.9645681939052615,0.14716954300000007,3.002259038998035,3.2463326759043074,4.254526872906076,7.482504885849253
events,16,euclidean,log1p,inverse2,1000,-0.03806182803312944,2.9862823141863464,0.08213830489311576,3.073421398118687,3.1505924816859165,4.268599267303337,8.21782566719672
events,24,euclidean,log1p,inverse,1000,-0.05139887290795994,2.9966946481593055,0.060436423313384634,3.06830605887701,3.149613815300342,4.275733686388094,8.136644450885376
templates,12,euclidean,sqrt_l1,inverse2,1000,-0.001674085098164813,2.941941331525021,0.09377511301912725,2.857773754338765,3.1537797288031473,4.276137058653665,7.286182064964951
templates,24,euclidean,log1p,inverse2,1000,-0.029387316563075038,3.137504823584123,0.10560632150048702,3.2226018374530123,3.251756655353894,4.278219276323265,8.518130536670368
templates,16,cosine,sqrt_l1,inverse,1000,-0.048827872403104836,2.948080421786622,0.08118374461873343,2.951771228722496,3.091750218269871,4.27841222504571,7.6528036210000785
templates,16,cosine,sqrt,inverse,1000,-0.04882787240310508,2.948080421786622,0.08118374461873384,2.951771228722496,3.0917502182698686,4.278412225045718,7.6528036210000785
events,24,euclidean,log1p,uniform,1000,-0.04994896516666678,3.0060714561622386,0.06093217758333343,3.0789939699488604,3.154943277574563,4.281447780464059,8.151310473389795
events,48,euclidean,log1p,inverse2,1000,-0.04220646269919097,3.0596702133792815,0.08049530818420256,3.1071262480824133,3.1008000642354894,4.282337515844486,8.3506971272816
events,48,cosine,sqrt_l1,uniform,1000,-0.06219657954166682,2.899689321543079,0.08372269424999992,2.881853192585869,3.1114234344237937,4.293910072251788,7.5221703238549305
events,48,cosine,sqrt,uniform,1000,-0.06219657954166682,2.899689321543079,0.08372269424999992,2.881853192585869,3.1114234344237937,4.293910072251788,7.5221703238549305
events,48,euclidean,log1p,inverse,1000,-0.041043721290121016,3.0722999312008734,0.08226183258275455,3.1202086930474486,3.1376672888976946,4.295389440413593,8.381700366428737
events,16,euclidean,log1p,inverse,1000,-0.034233688369661966,2.9930293131237464,0.0849203813069243,3.0847904153164967,3.181403180429073,4.296347638831187,8.192595510421027
events,48,euclidean,log1p,uniform,1000,-0.04016365954166662,3.0845148332471055,0.0837225673750001,3.1326507147189617,3.1479615347224903,4.302403580348675,8.397743186800216
templates,32,euclidean,sqrt,inverse2,1000,-0.09311406689126002,3.0599481877622514,0.008489861812024217,3.2298261530135415,2.9746233441733123,4.304948660420453,8.852058404353677
events,12,euclidean,log1p,uniform,1000,-0.042373247666666815,2.9939774975013993,0.07040183633333338,3.0882584045294252,3.184944877683969,4.305150628842818,7.99648190799948
events,12,euclidean,log1p,inverse,1000,-0.04604431287178511,2.988327064294247,0.06868192332520744,3.0781196567092914,3.160603832175228,4.308101689699284,8.00150616381426
events,12,euclidean,log1p,inverse2,1000,-0.04985341688281109,2.983971988191991,0.06640271645444398,3.0685775662395014,3.1451564127304,4.316746396242147,7.997321114426285
templates,12,cosine,none,uniform,1000,-0.08757548766666658,3.044000536627517,0.08126066966666662,3.1687548905102774,2.985781126289496,4.31964633346133,8.25813103558794
templates,12,cosine,l1,uniform,1000,-0.08757548766666658,3.044000536627517,0.08126066966666662,3.1687548905102774,2.985781126289496,4.31964633346133,8.25813103558794
events,64,cosine,sqrt,inverse,1000,-0.0692896768229908,2.916055361729789,0.08362802931605634,2.912706280675401,3.1773834863057733,4.32253041552175,7.513434969975371
events,64,cosine,sqrt_l1,inverse,1000,-0.06928967682299082,2.9160553617297884,0.08362802931605649,2.912706280675401,3.177383486305777,4.322530415521751,7.513434969975365
events,16,euclidean,log1p,uniform,1000,-0.03063076225000005,3.0007171941577346,0.08725789675000001,3.0963962277204717,3.1654219188059125,4.332467924167092,8.2248044127453
events,1,euclidean,l1,uniform,1000,0.015960099,3.1843290439225003,0.05525024300000007,3.058052855023495,3.207922997993761,4.332782041254094,8.59031184824223
events,1,euclidean,l1,inverse,1000,0.015960099,3.1843290439225003,0.05525024300000007,3.058052855023495,3.207922997993761,4.332782041254094,8.59031184824223
events,1,euclidean,l1,inverse2,1000,0.015960099,3.1843290439225003,0.05525024300000007,3.058052855023495,3.207922997993761,4.332782041254094,8.59031184824223
templates,12,euclidean,sqrt_l1,inverse,1000,-0.000681668357846128,2.9711427300554263,0.09800765517986545,2.889069600917137,3.161184543242319,4.338706385714817,7.340299024102839
templates,24,euclidean,log1p,inverse,1000,-0.025925905393060084,3.177452747747214,0.10469954885380318,3.2609561801676294,3.2868042596776865,4.342134749436984,8.631193407588976
events,64,euclidean,log1p,inverse,1000,-0.04231484608516604,3.12416047648664,0.06210892490912093,3.168119915043016,3.1974429119296746,4.35857662023718,8.484543663171872
events,64,euclidean,log1p,inverse2,1000,-0.04308999041147065,3.109388996178001,0.06209599187193374,3.153192251346361,3.173959239218889,4.361966716967617,8.371255896961832
templates,12,euclidean,sqrt_l1,uniform,1000,5.085316666672668e-05,3.001875873734523,0.10222018133333316,2.921424117571314,3.1870971322265564,4.3628978682637785,7.426236040911287
events,64,cosine,sqrt,uniform,1000,-0.07087712975000002,2.950992139606013,0.08526940737500016,2.9471963268360035,3.2377843414579504,4.367730188406784,7.579715530630253
events,64,cosine,sqrt_l1,uniform,1000,-0.07087712975000002,2.950992139606013,0.08526940737500016,2.9471963268360035,3.2377843414579504,4.367730188406784,7.579715530630253
events,64,euclidean,log1p,uniform,1000,-0.04180507287500012,3.1382534689936823,0.061831799718749976,3.1821991294509875,3.2367091773427186,4.369842758249691,8.57671325564262
templates,32,euclidean,l1,inverse,1000,-0.026334847368028772,3.323339334259112,0.053913100790558346,3.4421927450211114,3.1533812337931364,4.373065147039577,9.57849408582076
templates,24,cosine,sqrt_l1,inverse2,1000,-0.028787342703708904,3.0121284648226703,0.06257390773706141,2.992272267056099,3.204561388732439,4.374879840116283,7.7590224631400275
templates,24,cosine,sqrt,inverse2,1000,-0.028787342703709452,3.0121284648226703,0.06257390773706287,2.9922722670560984,3.204561388732441,4.374879840116287,7.759022463140032
templates,1,euclidean,sqrt_l1,inverse2,1000,0.03111119900000002,3.374545550571002,0.018887003000000065,3.012343460068085,3.1824495316728956,4.378657401415631,8.841951601132056
templates,1,euclidean,sqrt_l1,inverse,1000,0.03111119900000002,3.374545550571002,0.018887003000000065,3.012343460068085,3.1824495316728956,4.378657401415631,8.841951601132056
templates,1,euclidean,sqrt_l1,uniform,1000,0.03111119900000002,3.374545550571002,0.018887003000000065,3.012343460068085,3.1824495316728956,4.378657401415631,8.841951601132056
templates,24,euclidean,log1p,uniform,1000,-0.02242373600000007,3.2176642940132982,0.10373519549999988,3.299798928539573,3.3135648024891307,4.390044699193058,8.79381853449922
events,64,cosine,none,uniform,1000,-0.050848780687499893,2.9963434488185063,0.06292093909374996,3.1130894369971043,3.1005134521635735,4.402759724247402,7.948151052229848
events,64,cosine,l1,uniform,1000,-0.050848780687499893,2.9963434488185063,0.06292093909374996,3.1130894369971043,3.1005134521635735,4.402759724247402,7.948151052229848
events,8,euclidean,log1p,inverse,1000,-0.10546370998683881,3.0387284094775198,0.11719589378418192,3.1246963044664686,3.3465198615605862,4.409329500165056,8.194258397451673
templates,32,cosine,sqrt,inverse2,1000,-0.05671426748099546,3.1268393603669007,0.05249032321540284,3.1035814093011913,3.3112872976826013,4.411385328339099,8.124418219850357
templates,32,cosine,sqrt_l1,inverse2,1000,-0.0567142674809951,3.1268393603669007,0.05249032321540138,3.1035814093011913,3.3112872976826,4.411385328339099,8.124418219850357
events,8,euclidean,log1p,uniform,1000,-0.1041156472499999,3.0435277905912943,0.12418969925000005,3.133721205010039,3.350050014231619,4.412719790690543,8.170175675401252
events,8,euclidean,log1p,inverse2,1000,-0.10690022780562808,3.0357116574599643,0.10974374180715901,3.116661582958026,3.320189110713234,4.4191837266089395,8.257743319917981
templates,16,cosine,sqrt,uniform,1000,-0.054494583499999874,3.071235625378638,0.08460660799999983,3.081465732154069,3.2075844487389817,4.438009625533801,8.008569397289694
templates,16,cosine,sqrt_l1,uniform,1000,-0.054494583499999874,3.071235625378638,0.08460660799999983,3.081465732154069,3.2075844487389817,4.438009625533801,8.008569397289694
templates,16,euclidean,none,inverse,1000,-0.14285187306341465,2.9698355905521145,-0.027126706752248125,3.1531695205306987,3.233858984168287,4.440160519799039,7.7897397093268825
templates,16,euclidean,sqrt_l1,inverse2,1000,-0.0294902204517216,3.00965278627363,0.10535340161806356,2.9906131075898936,3.246334016097586,4.442007353222122,7.624049925234326
templates,12,euclidean,none,uniform,1000,-0.1436359768333334,2.9752305732121016,-0.010658594500000056,3.1263503128446724,3.2633100182988724,4.445459332117061,7.76846209816563
templates,64,euclidean,l1,inverse2,1000,-0.03884236703051255,3.3628713358004183,0.039110311298771155,3.448582110159053,3.062281740509222,4.448048225077258,9.968777659509216
templates,32,euclidean,sqrt,inverse,1000,-0.09123141263076749,3.223513683156761,0.007965119397717728,3.3796621809475442,3.1261286884400024,4.45022848512254,9.298767285667605
events,1,cosine,none,uniform,1000,0.10686923900000002,3.1942151859679924,0.18555359300000007,3.3836574863596165,3.2762883626169135,4.458000479220379,9.150372881025435
events,1,cosine,l1,uniform,1000,0.10686923900000002,3.1942151859679924,0.18555359300000007,3.3836574863596165,3.2762883626169135,4.458000479220379,9.150372881025435
events,1,cosine,l1,inverse,1000,0.10686923900000002,3.1942151859679924,0.18555359300000007,3.3836574863596165,3.2762883626169135,4.458000479220379,9.150372881025435
events,1,cosine,none,inverse,1000,0.10686923900000002,3.1942151859679924,0.18555359300000007,3.3836574863596165,3.2762883626169135,4.458000479220379,9.150372881025435
events,1,cosine,l1,inverse2,1000,0.10686923900000002,3.1942151859679924,0.18555359300000007,3.3836574863596165,3.2762883626169135,4.458000479220379,9.150372881025435
events,1,cosine,none,inverse2,1000,0.10686923900000002,3.1942151859679924,0.18555359300000007,3.3836574863596165,3.2762883626169135,4.458000479220379,9.150372881025435
templates,32,cosine,none,inverse,1000,-0.08149721602102238,3.2086149153586687,0.07375076976632874,3.2632994247332974,3.127178668794266,4.4629791871045486,8.91748379010099
templates,32,cosine,l1,inverse,1000,-0.08149721602102508,3.2086149153586696,0.07375076976632874,3.2632994247333005,3.1271786687942624,4.462979187104556,8.91748379010099
events,1,euclidean,none,inverse2,1000,0.07353536900000007,2.9311852994619123,0.02494733300000004,3.1104129804074674,3.17540123339126,4.465031846175846,7.8638176363670045
events,1,euclidean,none,uniform,1000,0.07353536900000007,2.9311852994619123,0.02494733300000004,3.1104129804074674,3.17540123339126,4.465031846175846,7.8638176363670045
events,1,euclidean,none,inverse,1000,0.07353536900000007,2.9311852994619123,0.02494733300000004,3.1104129804074674,3.17540123339126,4.465031846175846,7.8638176363670045
templates,16,euclidean,sqrt_l1,inverse,1000,-0.030452826933839765,3.0556757926139855,0.10944307703836272,3.0435504685741557,3.2962480319823593,4.501736440506749,7.761860496080401
templates,24,euclidean,none,inverse2,1000,-0.1144505632290841,2.996843948480483,-0.023723711037943046,3.174129521011817,3.3460855921135133,4.5363530674322385,7.9717316299202805
templates,16,euclidean,sqrt_l1,uniform,1000,-0.03176732350000007,3.104124642377076,0.11320504550000007,3.098900031411549,3.3397417499659108,4.58825869650288,7.941308335279067
templates,5,cosine,log1p,inverse2,1000,-0.03809956902155911,3.3550137168971697,0.1153629232664901,3.1566126307978983,3.4962622647765365,4.617296624217013,8.58052569507359
templates,32,euclidean,log1p,inverse2,1000,-0.01434971801006786,3.3759372548180457,0.07839858042085926,3.4437722897256435,3.4271487186921004,4.628009546846476,9.225527636694979
templates,24,euclidean,l1,uniform,1000,-0.02532801849999988,3.408204700868409,0.042624203833333305,3.5247040263084806,3.2196013533828043,4.64502692666751,9.693908480793489
templates,24,cosine,sqrt_l1,inverse,1000,-0.02127229823157863,3.2094269238868702,0.06211484185193532,3.1807329401822835,3.384274626122677,4.650271761741242,8.312617903205672
templates,24,cosine,sqrt,inverse,1000,-0.021272298231578664,3.2094269238868702,0.062114841851935935,3.1807329401822835,3.3842746261226733,4.650271761741243,8.312617903205664
templates,5,cosine,log1p,inverse,1000,-0.03454004008168671,3.3667131976690996,0.1143200795723073,3.175168629391844,3.51975055667312,4.652089329806952,8.670454227099885
templates,32,euclidean,sqrt,uniform,1000,-0.08849072256250003,3.3909969432444864,0.006954982374999901,3.533805101520975,3.236983676016686,4.674401860422918,9.936224708943655
templates,3,cosine,log1p,inverse2,1000,-0.06652326900290689,3.450200002646745,0.12940627418640616,3.218842778718117,3.5994027865595344,4.675254495425649,8.832349530727665
templates,16,cosine,l1,uniform,1000,-0.062449185374999855,3.2621085849223768,0.06623534549999993,3.389593136231565,3.1544468452074668,4.686980436535911,8.976405425162502
templates,16,cosine,none,uniform,1000,-0.062449185374999855,3.2621085849223768,0.06623534549999993,3.389593136231565,3.1544468452074668,4.686980436535911,8.976405425162502
templates,32,euclidean,log1p,inverse,1000,-0.009989262658299075,3.4398407382628866,0.07553760973659784,3.503284804775663,3.462888004901404,4.6972538664384915,9.458110173037449
templates,5,cosine,log1p,uniform,1000,-0.03131281100000006,3.380371492239802,0.11343211300000008,3.195396776309651,3.537960980031385,4.697977266776971,8.728307322273414
templates,3,cosine,log1p,inverse,1000,-0.06258393739918587,3.4568459828520086,0.12873963208698924,3.234660171391004,3.608344615683198,4.713201036305996,8.851371440289395
templates,24,euclidean,sqrt_l1,inverse2,1000,-0.007985515262629719,3.2362324116088854,0.08555066321947281,3.1779794783731297,3.4445396795061316,4.71906702262369,8.188829793333337
templates,48,euclidean,sqrt,inverse2,1000,-0.0839017714104522,3.470643140099285,0.045161001109313335,3.624764298813872,3.4475113161374136,4.719673244391307,10.020619429338614
templates,3,cosine,log1p,uniform,1000,-0.058787511000000056,3.466215486593009,0.12797757966666673,3.252904244818166,3.6110600642072566,4.740844945919981,8.901929523106508
templates,8,cosine,log1p,inverse2,1000,-0.015255628575522153,3.3720722576327624,0.0949490058872411,3.184881506421268,3.5446850459058075,4.74516910960123,8.520094605530973
events,5,euclidean,log1p,inverse2,1000,-0.10113740198543254,3.215149894281166,0.06528619243060374,3.2854768003635173,3.5682760639088125,4.747862705369023,8.2515397609044
events,5,euclidean,log1p,inverse,1000,-0.10019316019485629,3.217921911654765,0.07010880298572926,3.2950664771179023,3.567898280032716,4.75827183745676,8.228980503329899
templates,48,cosine,sqrt_l1,inverse2,1000,-0.07249823487460666,3.3202168407431563,0.055139851119448594,3.298903659721791,3.4724486993084396,4.783816408011859,8.851844619805071
templates,48,cosine,sqrt,inverse2,1000,-0.07249823487460713,3.3202168407431563,0.055139851119449974,3.298903659721791,3.472448699308443,4.783816408011868,8.851844619805082
events,5,euclidean,log1p,uniform,1000,-0.09919140700000001,3.2229007034083788,0.0746441969999999,3.306568578207231,3.606109087555278,4.798222816530914,8.322446725605321
templates,16,euclidean,none,uniform,1000,-0.16680511974999998,3.142280279967792,-0.028651022000000016,3.316278433045219,3.4066417394763358,4.804500125983525,8.008085348836115
templates,8,cosine,log1p,inverse,1000,-0.012984038638461712,3.3911053300059337,0.09410469354884106,3.2078460209718256,3.5887196564448764,4.812463996044638,8.53820327040646
templates,32,euclidean,log1p,uniform,1000,-0.0057255278749999685,3.5041524574796354,0.0725798526875,3.563410452185618,3.5067349813183855,4.818633080406599,9.738271150110771
events,3,euclidean,log1p,inverse2,1000,-0.14710549726002353,3.4802477525338005,0.012756815909573234,3.446299290866516,3.780797514234453,4.827166463880495,9.048673313204507
events,3,euclidean,log1p,inverse,1000,-0.14889855566810023,3.4816406647758518,0.01835179949578135,3.4498920362660224,3.782853618247114,4.83439039835011,9.074352633078112
templates,8,cosine,log1p,uniform,1000,-0.011312706000000056,3.4119009877098048,0.09350790300000007,3.231949019457118,3.6148219332094724,4.849743001652416,8.5664872765742
templates,24,euclidean,sqrt_l1,inverse,1000,-0.0036206025805769963,3.334183793514644,0.08692166964449069,3.272117558145436,3.4935681931189446,4.85368214483815,8.51661181570428
templates,32,euclidean,none,inverse2,1000,-0.10751585642543023,3.163910211005131,-0.031535633152931744,3.3719336439852436,3.616845167037545,4.864953332481251,8.34515851386749
templates,32,cosine,sqrt_l1,inverse,1000,-0.055455774042290754,3.4136741097293406,0.04724973287840415,3.3797556728626255,3.5922023792980085,4.866631302980098,8.98287954309876
templates,32,cosine,sqrt,inverse,1000,-0.05545577404229117,3.41367410972934,0.047249732878404845,3.379755672862626,3.5922023792980093,4.866631302980109,8.982879543098766
templates,64,cosine,sqrt,inverse2,1000,-0.09469587538997751,3.4572589998567955,0.038042861611662926,3.417227206197482,3.6350460657246106,4.877378322035982,9.195882859550782
templates,64,cosine,sqrt_l1,inverse2,1000,-0.09469587538997706,3.457258999856796,0.03804286161166139,3.4172272061974818,3.6350460657246098,4.877378322035985,9.19588285955077
events,3,euclidean,log1p,uniform,1000,-0.15070642766666673,3.4860835134400663,0.023937019666666615,3.4561175174123937,3.766959479304649,4.8832113898963865,9.082415232956897
templates,24,cosine,sqrt_l1,uniform,1000,-0.01093395183333325,3.4435279655572595,0.05941714341666653,3.401908986904831,3.512280238378521,4.895222346803381,8.940703173068552
templates,24,cosine,sqrt,uniform,1000,-0.01093395183333325,3.4435279655572595,0.05941714341666653,3.401908986904831,3.512280238378521,4.895222346803381,8.940703173068552
templates,48,cosine,none,inverse,1000,-0.09176701210595684,3.5679509031621106,0.056911977183163216,3.546634738598437,3.458910673693004,4.902271011833747,9.833303723727424
templates,48,cosine,l1,inverse,1000,-0.0917670121059596,3.567950903162112,0.05691197718316315,3.546634738598441,3.4589106736930093,4.902271011833757,9.833303723727445
templates,12,cosine,log1p,inverse2,1000,-0.03787998010115939,3.455910331352081,0.1141552423619182,3.2763003085865634,3.6617068407917133,4.937165087044785,8.635481653838932
templates,24,euclidean,sqrt_l1,uniform,1000,0.0011872527500000132,3.4376074261849836,0.08757364424999994,3.3699380681507374,3.556453473040963,4.941917586559811,8.781274318928123
templates,32,euclidean,sqrt_l1,inverse2,1000,-0.03956236850081574,3.3844344456957387,0.06235031663559161,3.363766352281142,3.579953156700082,4.953282348009602,8.68040529542452
templates,24,euclidean,none,inverse,1000,-0.13997554030358408,3.249990998642916,-0.02349628140048958,3.4281174892406114,3.6419008328491644,4.962343783509534,8.418465371139721
templates,12,cosine,log1p,uniform,1000,-0.038585361,3.5216328679458964,0.11434129549999994,3.3453293910698134,3.708327403078073,4.99498958039245,8.798921107784382
templates,12,cosine,log1p,inverse,1000,-0.03784526994962385,3.4880193989317516,0.1142853859877367,3.3103066267141665,3.6719838038929957,5.0116511343106325,8.833024287935599
templates,16,cosine,log1p,inverse2,1000,-0.03363564963120673,3.4904185346086996,0.11217308156057618,3.3633054501232436,3.6684839322390976,5.0643451308229706,8.762618972894181
events,1,euclidean,sqrt,uniform,1000,-0.032524750999999984,3.5050931255402964,-0.059901277000000024,3.6921551644845167,3.804269214133984,5.087561256579388,9.468039650118063
events,1,euclidean,sqrt,inverse2,1000,-0.032524750999999984,3.5050931255402964,-0.059901277000000024,3.6921551644845167,3.804269214133984,5.087561256579388,9.468039650118063
events,1,euclidean,sqrt,inverse,1000,-0.032524750999999984,3.5050931255402964,-0.059901277000000024,3.6921551644845167,3.804269214133984,5.087561256579388,9.468039650118063
templates,32,euclidean,sqrt_l1,inverse,1000,-0.0388031037306482,3.535292135205244,0.06087949822823507,3.5108750010915677,3.6735662266861047,5.132270672549357,9.188227582704663
templates,48,euclidean,sqrt,inverse,1000,-0.07761544401096535,3.7632389394580055,0.05205109698438629,3.894186962330112,3.631084848582093,5.149747532304146,10.85145093469115
templates,32,euclidean,l1,uniform,1000,-0.03404011850000002,3.873994819839346,0.036500486750000005,3.9654488522741143,3.4758147875354535,5.151253083738823,11.181899655096123
templates,16,cosine,log1p,inverse,1000,-0.032739107429276125,3.528848677118486,0.11319123578256693,3.406289785743321,3.7231077170129616,5.153223534082003,8.83270365359365
templates,1,euclidean,log1p,inverse2,1000,-0.04767667100000002,3.554162881837155,0.12494756300000005,3.566263066960835,3.9526233541264926,5.1982344409825725,8.912623961030382
templates,1,euclidean,log1p,inverse,1000,-0.04767667100000002,3.554162881837155,0.12494756300000005,3.566263066960835,3.9526233541264926,5.1982344409825725,8.912623961030382
templates,1,euclidean,log1p,uniform,1000,-0.04767667100000002,3.554162881837155,0.12494756300000005,3.566263066960835,3.9526233541264926,5.1982344409825725,8.912623961030382
templates,48,euclidean,log1p,inverse2,1000,-0.05391562028548683,3.84818765415669,0.07668678906496484,3.8823720613651274,3.7611377075584276,5.200700689907934,10.820256646974933
templates,16,cosine,log1p,uniform,1000,-0.03233533537500008,3.568639596071782,0.11415185362500004,3.4500524382728743,3.783097173002491,5.20692716753545,9.016493986284635
templates,48,euclidean,l1,inverse,1000,-0.06700912383366764,3.916183027764086,0.017141163192148028,3.9756603805259623,3.4363508580647197,5.251324401528777,11.186646256780337
events,8,cosine,log1p,inverse,1000,-0.14995542778308818,3.6883419017204493,0.07772240522583075,3.5993006990449237,4.025967541193339,5.26719529448834,9.155342243388617
events,8,cosine,log1p,uniform,1000,-0.14767621224999994,3.6955997211304887,0.08062927925000023,3.6129781375406367,4.000661556414377,5.276072893869182,9.370375222148569
templates,64,euclidean,sqrt,inverse2,1000,-0.09567728495874457,3.856979832045042,0.03169584352737601,3.9858366255047954,3.639949305128254,5.279059896817679,11.150310614248077
events,8,cosine,log1p,inverse2,1000,-0.1520579482060027,3.687327482914252,0.07433905946448709,3.5927295214200847,4.038440832034846,5.2864789816520945,9.173584577191605
templates,24,cosine,log1p,inverse2,1000,-0.022766110942997655,3.6758767952549127,0.10984746829536439,3.517855153272372,3.878111165160446,5.292875634124799,9.101925076102413
events,12,cosine,log1p,inverse,1000,-0.14267145174406431,3.7121003534502464,0.09615032640781093,3.5336567788404585,3.877047721721777,5.295997285237568,9.261520050646205
templates,48,euclidean,sqrt_l1,inverse2,1000,-0.04878329569187897,3.7303145266972235,0.060470601977012844,3.6962206130459165,3.7544810973862215,5.309962452358495,10.007221317146891
templates,32,euclidean,sqrt_l1,uniform,1000,-0.038206698187499964,3.693311805029091,0.05865945737500008,3.6634191227398607,3.8771569584434005,5.325644861232999,9.738895571497688
events,12,cosine,log1p,inverse2,1000,-0.14567969911991707,3.6951721052704225,0.09081663729450724,3.5234663180310295,3.9112574703992893,5.3257163358954465,9.239805629505685
templates,24,euclidean,none,uniform,1000,-0.15878742058333326,3.5238177710127783,-0.023916188666666664,3.6922954124591163,3.9373452051962685,5.335374216297946,9.162469085135278
templates,32,cosine,sqrt,uniform,1000,-0.05326349599999993,3.7630877839398185,0.038204919249999934,3.715171083991558,3.9013075051435138,5.341048059745668,10.008175139780052
templates,32,cosine,sqrt_l1,uniform,1000,-0.05326349599999993,3.7630877839398185,0.038204919249999934,3.715171083991558,3.9013075051435138,5.341048059745668,10.008175139780052
events,16,cosine,log1p,inverse2,1000,-0.14310087086093054,3.707302354358368,0.10000896291428853,3.5315786096707837,3.8818417494456945,5.341833369131634,9.203514386696883
events,12,cosine,log1p,uniform,1000,-0.1398478985000002,3.733977180949246,0.10070500049999996,3.548753744787754,3.925396864491729,5.353120103412047,9.341649539814581
templates,64,cosine,none,inverse,1000,-0.09709553924224898,3.8178711859342824,0.05272382466560131,3.7608246090408644,3.625365990957092,5.36379883918846,10.310897914469543
templates,64,cosine,l1,inverse,1000,-0.09709553924225202,3.8178711859342833,0.052723824665601396,3.7608246090408683,3.6253659909570866,5.363798839188464,10.310897914469559
templates,24,cosine,none,uniform,1000,-0.06484825183333334,3.791442478807124,0.04451817300000009,3.8221747020824433,3.6626449650408444,5.36495434931299,10.325368080169392
templates,24,cosine,l1,uniform,1000,-0.06484825183333334,3.791442478807124,0.04451817300000009,3.8221747020824433,3.6626449650408444,5.36495434931299,10.325368080169392
templates,48,cosine,sqrt,inverse,1000,-0.06637263501088801,3.8088058498956094,0.05384867801836387,3.767013063752384,4.00335490658537,5.378835105146239,10.125144803140136
templates,48,cosine,sqrt_l1,inverse,1000,-0.06637263501088779,3.8088058498956094,0.053848678018362975,3.767013063752384,4.003354906585371,5.378835105146239,10.125144803140136
templates,48,euclidean,log1p,inverse,1000,-0.05459180019080903,3.9733726578341204,0.0748147754430709,3.9993819380320765,3.856259619646826,5.392302765328375,11.24242954699246
events,1,euclidean,sqrt_l1,uniform,1000,0.003838898999999941,3.8148796518451507,0.191613923,3.973541632024291,3.9947420494810926,5.398802629115848,10.231471991862431
events,1,euclidean,sqrt_l1,inverse,1000,0.003838898999999941,3.8148796518451507,0.191613923,3.973541632024291,3.9947420494810926,5.398802629115848,10.231471991862431
events,1,euclidean,sqrt_l1,inverse2,1000,0.003838898999999941,3.8148796518451507,0.191613923,3.973541632024291,3.9947420494810926,5.398802629115848,10.231471991862431
events,1,cosine,sqrt,uniform,1000,-0.038585261,3.8458008047034786,0.17646229300000005,3.995618463578917,4.029367047920868,5.39943163245487,10.439345545018673
events,1,cosine,sqrt_l1,uniform,1000,-0.038585261,3.8458008047034786,0.17646229300000005,3.995618463578917,4.029367047920868,5.39943163245487,10.439345545018673
events,1,cosine,sqrt,inverse,1000,-0.038585261,3.8458008047034786,0.17646229300000005,3.995618463578917,4.029367047920868,5.39943163245487,10.439345545018673
events,1,cosine,sqrt,inverse2,1000,-0.038585261,3.8458008047034786,0.17646229300000005,3.995618463578917,4.029367047920868,5.39943163245487,10.439345545018673
events,1,cosine,sqrt_l1,inverse,1000,-0.038585261,3.8458008047034786,0.17646229300000005,3.995618463578917,4.029367047920868,5.39943163245487,10.439345545018673
events,1,cosine,sqrt_l1,inverse2,1000,-0.038585261,3.8458008047034786,0.17646229300000005,3.995618463578917,4.029367047920868,5.39943163245487,10.439345545018673
events,24,cosine,log1p,inverse2,1000,-0.1348487137918001,3.734725728530573,0.0989870490310632,3.5401801847353864,3.9157293151136274,5.400428116921129,9.082104250969651
events,16,cosine,log1p,inverse,1000,-0.14140169029987187,3.725819287127848,0.10518012069337038,3.5467501295014707,3.8755058896681174,5.4105731960561245,9.1955526619039
templates,32,euclidean,none,inverse,1000,-0.13040445584237453,3.5287613255027037,-0.036675540591545604,3.7488257477725937,3.98141947336738,5.412717488401525,9.189195738294586
templates,24,cosine,log1p,inverse,1000,-0.020397323714512975,3.748752034335846,0.11002853210607108,3.5927547870699685,3.966355425344327,5.41788320667396,9.307770874644232
events,16,cosine,log1p,uniform,1000,-0.14010043662499996,3.747413262896201,0.10922775487500007,3.5651185240261296,3.9391116751562887,5.4374894427600875,9.304330569323936
events,24,cosine,log1p,uniform,1000,-0.13214586933333347,3.782207103425118,0.10701812383333338,3.578202765720461,4.001485650536527,5.439702406496527,9.200498830891021
events,24,cosine,log1p,inverse,1000,-0.13332587538140117,3.75793376285612,0.10366200421370284,3.5588416571892547,3.950282060480764,5.447523440194945,9.141840030239951
templates,48,euclidean,none,inverse2,1000,-0.10482636213952054,3.5604856721839475,-0.025925462051074342,3.7483191426127713,4.082670615637285,5.46050871509745,9.361854483575412
events,5,cosine,log1p,inverse2,1000,-0.15309931567915416,3.8666945699960333,0.06659241702877336,3.6883511242434177,4.125725119619,5.462884787347946,9.69028219260388
events,32,cosine,log1p,inverse2,1000,-0.11074621300978961,3.7364248430648543,0.09797635463869703,3.566048835829513,3.9272125413685974,5.481526845130112,9.037195617280322
events,32,cosine,log1p,inverse,1000,-0.10696783405915694,3.7593113024098472,0.10150499915955762,3.587867079196252,3.9129423619757793,5.518274780444518,9.0499015768023
templates,48,euclidean,sqrt,uniform,1000,-0.07015104495833331,4.060161140148947,0.05903823508333336,4.169362506359865,3.8028270422645836,5.518483861543806,11.748624867301968
events,5,cosine,log1p,uniform,1000,-0.152524721,3.874205549476941,0.06676559100000017,3.6930381906344723,4.15024029304992,5.522305445476655,9.724128611622772
events,5,cosine,log1p,inverse,1000,-0.1528517788607376,3.866627094958338,0.0670555102573957,3.6863240206959826,4.177002731483446,5.524566184165776,9.717718078598173
templates,24,cosine,log1p,uniform,1000,-0.01850962308333341,3.8239348652490284,0.11017460633333326,3.670347765162961,4.064323451208378,5.52841395336938,9.387697102438983
events,48,cosine,log1p,inverse2,1000,-0.11342829973040941,3.801472453507858,0.08978515935239482,3.6093537138362746,3.9784540129161976,5.54327525973615,9.391409292629705
templates,48,euclidean,log1p,uniform,1000,-0.05569399349999995,4.099679191985812,0.07311647966666661,4.11803475807162,3.9667120805375946,5.550162420054157,11.57402571122699
templates,48,euclidean,sqrt_l1,inverse,1000,-0.0431512995423427,4.013031461997557,0.060094631300361356,3.9654964795809384,4.027803192564513,5.584355014346913,10.833485765517771
events,32,cosine,log1p,uniform,1000,-0.10354738912499999,3.7818302276248934,0.10364059456250006,3.609256453573406,3.929929784579824,5.587847486633169,9.195622757721283
events,48,cosine,log1p,inverse,1000,-0.11100179013003593,3.829826932495942,0.09100673935415098,3.6357587928362074,4.039712847763415,5.602046013844238,9.41509654454865
templates,64,euclidean,sqrt_l1,inverse2,1000,-0.0703975284589151,4.038128307362083,0.02578387206706965,3.979132270247381,4.0387014851387955,5.613713566861667,10.90707955742156
templates,32,cosine,log1p,inverse2,1000,-0.031045440689371435,3.8641402794282333,0.08423982337012005,3.702432423677585,4.114990152519176,5.6321054096766,9.41927835050422
events,48,cosine,log1p,uniform,1000,-0.10897671537499984,3.8563068079044838,0.09091954883333352,3.6599500362733717,4.051035187898414,5.66651520707192,9.536913676664101
events,64,cosine,log1p,inverse2,1000,-0.11155403261613094,3.8594252799908317,0.0779671177414561,3.680999428242956,4.101148017481501,5.6806715305219795,9.628481810880036
templates,1,cosine,log1p,inverse2,1000,-0.19313100100000002,4.201347073786771,0.08858378300000008,3.663574612221896,4.097289089219627,5.712945732870881,10.112808854549792
templates,1,cosine,log1p,inverse,1000,-0.19313100100000002,4.201347073786771,0.08858378300000008,3.663574612221896,4.097289089219627,5.712945732870881,10.112808854549792
templates,1,cosine,log1p,uniform,1000,-0.19313100100000002,4.201347073786771,0.08858378300000008,3.663574612221896,4.097289089219627,5.712945732870881,10.112808854549792
templates,64,euclidean,sqrt,inverse,1000,-0.09260757100724275,4.286955847362106,0.03756034804603328,4.379312966328749,3.9409610825424712,5.738466393467405,12.359482787539003
events,64,cosine,log1p,inverse,1000,-0.1092652739926656,3.8934824078644015,0.0777930861121448,3.7158552851469455,4.152202305314131,5.748885520410624,9.744501742039832
templates,64,cosine,sqrt,inverse,1000,-0.09645392119684346,4.135887255126166,0.021757873963278457,4.060480894073456,4.347255675108426,5.788201498090858,11.060821414003257
templates,64,cosine,sqrt_l1,inverse,1000,-0.09645392119684322,4.135887255126166,0.021757873963277576,4.060480894073455,4.347255675108429,5.788201498090859,11.060821414003257
templates,64,euclidean,log1p,inverse2,1000,-0.06322347702625354,4.275620891793467,0.06372009471532579,4.264103356661074,4.113128460204493,5.7900292022075694,11.964382661971326
events,64,cosine,log1p,uniform,1000,-0.10743002256249999,3.924559715052281,0.07632043721875001,3.7473203435978903,4.2062975619465,5.793460898427369,9.696903191458485
templates,32,cosine,log1p,inverse,1000,-0.02991011818267068,3.9847277124878455,0.07728038786532339,3.821029596809913,4.248979035013283,5.859998848729336,9.719012110863062
templates,32,euclidean,none,uniform,1000,-0.14284673818749996,3.9060320213289024,-0.04418139200000018,4.132799651425042,4.428306347160419,5.893710566945701,10.223463970722426
events,3,cosine,log1p,inverse2,1000,-0.19684453853468561,4.094343378795143,0.08568555553202693,3.946795083878572,4.415692908091334,5.897788490733661,10.23725712120169
templates,48,euclidean,sqrt_l1,uniform,1000,-0.03725971495833331,4.306423560252556,0.059606394041666705,4.243842627533698,4.256858479271726,5.89978679373615,11.840413014182499
events,3,cosine,log1p,inverse,1000,-0.20101390019022125,4.090513455103603,0.08521835209211046,3.9426077275114904,4.430875875953058,5.934728164460816,10.200133074912621
events,3,cosine,log1p,uniform,1000,-0.20525179766666674,4.095798037987697,0.08454330300000004,3.947498152165952,4.401464790226978,5.938674082085583,10.226345350868764
templates,32,cosine,l1,uniform,1000,-0.11008173412499996,4.257128472582587,0.043792125187500065,4.275036637910041,4.1680018615588885,5.973254245382123,11.659654544657931
templates,32,cosine,none,uniform,1000,-0.11008173412499996,4.257128472582587,0.043792125187500065,4.275036637910041,4.1680018615588885,5.973254245382123,11.659654544657931
templates,32,cosine,log1p,uniform,1000,-0.02939980662499987,4.110736010904428,0.06936015925000012,3.9450214117091176,4.38833747449929,6.025414791623924,10.21497421105986
templates,48,cosine,log1p,inverse2,1000,-0.07923815583106947,4.183428678798919,0.08474173726336467,4.030189506381789,4.458312456631185,6.043283534737999,10.398833437103987
templates,64,euclidean,log1p,inverse,1000,-0.06415532498521005,4.477972487989904,0.06031985113520096,4.447470417866888,4.1998927680700895,6.063196755832576,12.504159797701918
templates,64,euclidean,none,inverse2,1000,-0.09999101804265287,3.9623950756705986,-0.03509847913420839,4.13823607506025,4.596671395922311,6.0654922590763185,10.140861380917107
templates,64,euclidean,sqrt_l1,inverse,1000,-0.0671110969934317,4.454201768059898,0.015906044084130214,4.370413053327293,4.371329820079033,6.123220184747973,12.066792645035921
templates,64,euclidean,l1,inverse,1000,-0.056274247765369156,4.4882510443198695,0.0027688210437051167,4.5169373005561795,3.7186975497361874,6.1438646986083025,12.676696584332582
templates,48,cosine,sqrt,uniform,1000,-0.053484444749999985,4.436562067691321,0.05411398716666665,4.364975723021317,4.53674696033752,6.157175315700516,11.948567733483056
templates,48,cosine,sqrt_l1,uniform,1000,-0.053484444749999985,4.436562067691321,0.05411398716666665,4.364975723021317,4.53674696033752,6.157175315700516,11.948567733483056
templates,64,euclidean,log1p,uniform,1000,-0.06528990490625003,4.683763497546614,0.05704954081250003,4.633729662972398,4.3498553853915904,6.341453838167776,13.112274092462801
templates,64,euclidean,sqrt,uniform,1000,-0.0892483088125,4.716001434496176,0.043413227218750024,4.774574523375188,4.22290250146682,6.343229904327056,13.567662790242977
templates,48,euclidean,none,inverse,1000,-0.12745405540893587,4.202448462116545,-0.030491504222123694,4.37564296248834,4.866637918144546,6.377920713908409,10.84281637572963
templates,64,cosine,log1p,inverse2,1000,-0.08701053155369042,4.463425903240611,0.06639156534791232,4.305099732392199,4.91073293189137,6.396999121180395,10.975552526421101
templates,48,cosine,log1p,inverse,1000,-0.08709066892603369,4.41269812961245,0.07981403959025767,4.253778400084302,4.744939306060278,6.407223424531914,10.994676163928391
templates,48,euclidean,l1,uniform,1000,-0.08246176391666657,4.761983994188562,-0.012236985333333337,4.758421971627305,3.9853872582527057,6.485097337446766,13.357246105641286
templates,64,euclidean,sqrt_l1,uniform,1000,-0.06429570068750004,4.877345689733003,0.005013628312500117,4.767670968714255,4.594197480013824,6.559000084032522,13.560292878405125
templates,48,cosine,log1p,uniform,1000,-0.09590859704166671,4.657635605854166,0.07532601591666649,4.492694077299413,4.965095767220038,6.780588078219643,11.847853423505327
events,1,euclidean,log1p,uniform,1000,-0.14767607100000005,4.779519599513133,-0.12656794699999993,4.55585626027029,5.11741826611129,6.780964188860391,11.622935912425234
events,1,euclidean,log1p,inverse,1000,-0.14767607100000005,4.779519599513133,-0.12656794699999993,4.55585626027029,5.11741826611129,6.780964188860391,11.622935912425234
events,1,euclidean,log1p,inverse2,1000,-0.14767607100000005,4.779519599513133,-0.12656794699999993,4.55585626027029,5.11741826611129,6.780964188860391,11.622935912425234
templates,64,cosine,log1p,inverse,1000,-0.09675306228117983,4.827882207878931,0.05587158853536851,4.652157141021482,5.247850648375669,6.933159172689663,12.164339960619278
templates,64,cosine,sqrt_l1,uniform,1000,-0.09308354646874999,5.029789014799676,0.0030249926874998893,4.904220771540631,4.969996972495672,6.952485071680884,13.739815427602691
templates,64,cosine,sqrt,uniform,1000,-0.09308354646874999,5.029789014799676,0.0030249926874998893,4.904220771540631,4.969996972495672,6.952485071680884,13.739815427602691
templates,48,euclidean,none,uniform,1000,-0.13643891933333335,4.841288745910835,-0.03641622866666664,4.988003689147539,5.737752006415823,7.212397580039155,12.54707095212963
templates,64,euclidean,none,inverse,1000,-0.1272705925883585,4.874311791300635,-0.05021437443645513,5.02830023383061,5.801376098991119,7.351407701792704,12.389185793285442
templates,64,cosine,log1p,uniform,1000,-0.10766680631249999,5.232598389228238,0.04544912237500009,5.033013142679419,5.6349691979453915,7.468265762025394,13.362734507394949
events,1,cosine,log1p,uniform,1000,-0.25979733099999996,5.227742535315433,0.08555319300000007,5.062298190815313,5.732311727770629,7.509587120831261,12.997487447293434
events,1,cosine,log1p,inverse,1000,-0.25979733099999996,5.227742535315433,0.08555319300000007,5.062298190815313,5.732311727770629,7.509587120831261,12.997487447293434
events,1,cosine,log1p,inverse2,1000,-0.25979733099999996,5.227742535315433,0.08555319300000007,5.062298190815313,5.732311727770629,7.509587120831261,12.997487447293434
templates,48,cosine,none,uniform,1000,-0.10537841183333327,5.1888266909820295,-0.010658729500000049,5.0849043673950645,5.043754301236728,7.564301621906277,13.80341031295375
templates,48,cosine,l1,uniform,1000,-0.10537841183333327,5.1888266909820295,-0.010658729500000049,5.0849043673950645,5.043754301236728,7.564301621906277,13.80341031295375
templates,64,euclidean,l1,uniform,1000,-0.060791931625000004,5.597625398917701,-0.030260959968750056,5.560670743076637,4.632624076005937,8.111369178853755,15.653200924202782
templates,64,euclidean,none,uniform,1000,-0.13981647662499988,5.734599842134983,-0.06657722434374987,5.863321036456631,6.956613382225517,8.617211162324553,14.515899894621123
templates,64,cosine,none,uniform,1000,-0.10960821115625004,5.877129161454903,-0.017192797781249852,5.7610741663937794,5.997317220940296,8.804077774542028,15.392061711813396
templates,64,cosine,l1,uniform,1000,-0.10960821115625004,5.877129161454903,-0.017192797781249852,5.7610741663937794,5.997317220940296,8.804077774542028,15.392061711813396
